task_id,department,criticality,urgency,asset_condition,overdue,overdue_days,failure_history,estimated_duration_hours,safety_critical,passenger_impact,priority_score,maintenance_priority_class
TASK-1000,Traction,ROUTINE,MEDIUM,GOOD,True,9,0,0.7,0,0,46.11514928204013,MEDIUM
TASK-1001,S&T,ROUTINE,MEDIUM,FAIR,True,23,0,2.2,0,1,48.837173645764544,MEDIUM
TASK-1002,Traction,MEDIUM,NORMAL,GOOD,False,0,1,5.6,0,1,29.671351232148716,LOW
TASK-1003,Traction,ROUTINE,NORMAL,GOOD,False,0,1,4.9,0,1,18.28796581440414,LOW
TASK-1004,Engineering,ROUTINE,NORMAL,GOOD,False,0,1,1.2,0,0,22.55461294854933,LOW
TASK-1005,Engineering,CRITICAL,IMMEDIATE,FAILED,False,0,0,5.0,1,1,100.0,CRITICAL
TASK-1006,Traction,ROUTINE,NORMAL,FAIR,False,0,2,5.9,0,1,23.97236068839937,LOW
TASK-1007,Traction,CRITICAL,IMMEDIATE,FAILED,True,3,1,3.6,1,0,100.0,CRITICAL
TASK-1008,S&T,HIGH,HIGH,FAILED,False,0,2,2.6,1,1,85.40077895802645,CRITICAL
TASK-1009,Engineering,ROUTINE,MEDIUM,FAIR,False,0,0,5.7,0,1,28.05838144420434,LOW
TASK-1010,S&T,HIGH,HIGH,DEGRADED,False,0,2,1.7,1,0,72.45393812074393,HIGH
TASK-1011,S&T,ROUTINE,NORMAL,GOOD,True,12,2,1.2,0,1,48.78120014285412,MEDIUM
TASK-1012,Engineering,HIGH,MEDIUM,DEGRADED,False,0,2,6.9,1,0,71.82321827907003,HIGH
TASK-1013,Traction,MEDIUM,MEDIUM,DEGRADED,True,1,2,6.6,0,1,30.562155426995538,LOW
TASK-1014,Traction,HIGH,HIGH,POOR,False,0,5,4.5,1,1,87.49121478207732,CRITICAL
TASK-1015,S&T,LOW,MEDIUM,GOOD,False,0,0,4.6,0,0,28.365627513869875,LOW
TASK-1016,Traction,CRITICAL,IMMEDIATE,FAILED,False,0,0,7.1,1,0,100.0,CRITICAL
TASK-1017,S&T,HIGH,IMMEDIATE,FAILED,True,3,4,1.9,1,1,97.38842533402132,CRITICAL
TASK-1018,Engineering,ROUTINE,NORMAL,GOOD,True,1,1,5.5,0,0,21.336953597259935,LOW
TASK-1019,S&T,MEDIUM,NORMAL,GOOD,False,0,2,6.9,0,1,28.15660981190234,LOW
TASK-1020,Engineering,HIGH,IMMEDIATE,POOR,True,21,2,2.6,1,1,100.0,CRITICAL
TASK-1021,Traction,MEDIUM,MEDIUM,DEGRADED,True,1,1,1.7,0,1,35.982621729419,LOW
TASK-1022,S&T,ROUTINE,NORMAL,FAIR,True,8,2,5.5,0,1,31.42654534369361,LOW
TASK-1023,Traction,ROUTINE,MEDIUM,GOOD,False,0,3,5.1,0,0,33.780608992669826,LOW
TASK-1024,Engineering,HIGH,IMMEDIATE,FAILED,True,3,1,6.0,1,1,100.0,CRITICAL
TASK-1025,Engineering,CRITICAL,IMMEDIATE,POOR,True,9,0,3.3,1,0,100.0,CRITICAL
TASK-1026,Traction,CRITICAL,IMMEDIATE,FAILED,True,2,2,2.1,1,1,100.0,CRITICAL
TASK-1027,S&T,ROUTINE,NORMAL,GOOD,True,11,3,2.2,0,1,48.84194761201951,MEDIUM
TASK-1028,Engineering,MEDIUM,MEDIUM,DEGRADED,False,0,4,3.5,0,1,44.70575987408322,LOW
TASK-1029,Engineering,ROUTINE,NORMAL,FAIR,False,0,4,7.3,0,1,30.412362076215928,LOW
TASK-1030,Traction,MEDIUM,HIGH,DEGRADED,False,0,2,2.1,0,1,41.42576387657068,LOW
TASK-1031,S&T,CRITICAL,IMMEDIATE,POOR,False,0,2,7.1,1,1,100.0,CRITICAL
TASK-1032,Traction,CRITICAL,IMMEDIATE,POOR,True,16,1,1.6,1,1,100.0,CRITICAL
TASK-1033,Engineering,MEDIUM,MEDIUM,FAIR,False,0,3,6.1,0,1,45.35956994406197,MEDIUM
TASK-1034,Traction,HIGH,MEDIUM,DEGRADED,False,0,1,6.1,1,1,60.815906966299956,MEDIUM
TASK-1035,S&T,CRITICAL,HIGH,FAILED,False,0,0,3.5,1,1,95.40099356270407,CRITICAL
TASK-1036,Engineering,ROUTINE,NORMAL,FAIR,True,23,0,4.3,0,1,40.64275500035541,LOW
TASK-1037,Engineering,ROUTINE,NORMAL,GOOD,True,35,4,7.0,0,1,57.217068791602664,MEDIUM
TASK-1038,Engineering,ROUTINE,NORMAL,FAIR,False,0,0,6.4,0,0,28.306508653040773,LOW
TASK-1039,S&T,HIGH,IMMEDIATE,FAILED,True,14,2,1.0,1,1,100.0,CRITICAL
TASK-1040,S&T,CRITICAL,HIGH,FAILED,False,0,1,8.0,1,0,90.60040133368435,CRITICAL
TASK-1041,Traction,MEDIUM,MEDIUM,DEGRADED,True,6,1,7.8,0,1,49.87317026714668,MEDIUM
TASK-1042,Engineering,ROUTINE,NORMAL,GOOD,False,0,2,5.6,0,1,17.4990357920328,LOW
TASK-1043,Traction,HIGH,MEDIUM,DEGRADED,True,6,0,6.3,1,0,73.54869087479908,HIGH
TASK-1044,S&T,LOW,NORMAL,GOOD,True,9,2,2.7,0,1,38.130474139120146,LOW
TASK-1045,Engineering,CRITICAL,IMMEDIATE,POOR,True,6,1,0.5,1,0,100.0,CRITICAL
TASK-1046,Traction,MEDIUM,MEDIUM,DEGRADED,True,4,0,7.8,0,1,37.88650240089703,LOW
TASK-1047,Engineering,CRITICAL,HIGH,FAILED,False,0,0,7.3,1,1,99.24801048510513,CRITICAL
TASK-1048,Traction,HIGH,HIGH,DEGRADED,True,12,1,6.8,1,1,93.14814420961807,CRITICAL
TASK-1049,Traction,CRITICAL,IMMEDIATE,FAILED,False,0,3,2.0,1,1,100.0,CRITICAL
TASK-1050,S&T,LOW,NORMAL,FAIR,True,19,2,4.5,0,0,44.105019208163796,LOW
TASK-1051,Traction,MEDIUM,NORMAL,GOOD,True,4,3,5.0,0,0,41.34928472816158,LOW
TASK-1052,S&T,ROUTINE,NORMAL,GOOD,True,11,1,1.3,0,1,41.835280517348956,LOW
TASK-1053,S&T,MEDIUM,MEDIUM,DEGRADED,True,14,1,2.3,1,0,71.2647130924893,HIGH
TASK-1054,Engineering,CRITICAL,IMMEDIATE,FAILED,False,0,2,7.6,1,0,100.0,CRITICAL
TASK-1055,Engineering,CRITICAL,HIGH,POOR,True,17,4,6.6,1,1,100.0,CRITICAL
TASK-1056,Traction,LOW,NORMAL,FAIR,False,0,1,1.5,0,0,21.977185855048518,LOW
TASK-1057,S&T,HIGH,IMMEDIATE,FAILED,True,7,2,1.7,1,1,100.0,CRITICAL
TASK-1058,Traction,HIGH,IMMEDIATE,FAILED,True,3,0,3.7,1,1,99.56296200390898,CRITICAL
TASK-1059,Engineering,CRITICAL,IMMEDIATE,FAILED,True,21,2,6.2,1,1,100.0,CRITICAL
TASK-1060,Traction,ROUTINE,NORMAL,FAIR,True,32,1,5.8,0,1,37.95850857322424,LOW
TASK-1061,S&T,MEDIUM,MEDIUM,DEGRADED,False,0,2,3.8,1,1,55.81238229402651,MEDIUM
TASK-1062,Traction,CRITICAL,IMMEDIATE,POOR,True,11,3,1.4,1,0,100.0,CRITICAL
TASK-1063,Engineering,ROUTINE,MEDIUM,GOOD,False,0,4,3.0,0,0,39.76936187082706,LOW
TASK-1064,Traction,HIGH,IMMEDIATE,FAILED,False,0,3,2.2,1,1,100.0,CRITICAL
TASK-1065,Engineering,ROUTINE,MEDIUM,GOOD,False,0,2,1.0,0,0,31.677459049876024,LOW
TASK-1066,Traction,LOW,NORMAL,GOOD,True,1,4,2.2,0,0,37.256314273664856,LOW
TASK-1067,Engineering,MEDIUM,HIGH,DEGRADED,True,22,0,1.0,0,0,69.38912584240057,HIGH
TASK-1068,Engineering,MEDIUM,MEDIUM,DEGRADED,False,0,2,5.5,0,1,46.221693959909054,MEDIUM
TASK-1069,Engineering,CRITICAL,HIGH,FAILED,True,14,1,1.5,1,1,100.0,CRITICAL
TASK-1070,Traction,CRITICAL,HIGH,FAILED,True,5,1,4.0,1,1,100.0,CRITICAL
TASK-1071,S&T,HIGH,HIGH,POOR,False,0,2,1.9,1,1,86.43836637461646,CRITICAL
TASK-1072,Engineering,HIGH,HIGH,POOR,False,0,0,3.2,1,0,77.20487253383071,HIGH
TASK-1073,S&T,CRITICAL,HIGH,POOR,False,0,1,7.0,1,1,80.58598754979602,CRITICAL
TASK-1074,Engineering,LOW,NORMAL,GOOD,False,0,2,1.0,0,0,22.895152002333884,LOW
TASK-1075,Traction,MEDIUM,MEDIUM,DEGRADED,False,0,2,6.5,0,0,45.83437133722262,MEDIUM
TASK-1076,Engineering,LOW,MEDIUM,FAIR,True,46,0,1.9,0,1,50.59787455717289,MEDIUM
TASK-1077,Traction,CRITICAL,HIGH,POOR,False,0,0,1.6,1,1,82.88873145201163,CRITICAL
TASK-1078,Engineering,MEDIUM,MEDIUM,DEGRADED,True,25,2,4.0,0,1,63.408198784747256,MEDIUM
TASK-1079,Engineering,CRITICAL,IMMEDIATE,POOR,False,0,1,6.6,1,1,100.0,CRITICAL
TASK-1080,Traction,LOW,NORMAL,GOOD,False,0,1,0.9,0,0,22.63682739268578,LOW
TASK-1081,Traction,ROUTINE,NORMAL,GOOD,False,0,0,7.8,0,1,15.68004615160092,LOW
TASK-1082,Engineering,ROUTINE,NORMAL,FAIR,True,4,0,3.5,0,1,25.748809452754315,LOW
TASK-1083,S&T,MEDIUM,MEDIUM,FAIR,False,0,0,7.0,0,1,38.77695612912878,LOW
TASK-1084,Engineering,MEDIUM,NORMAL,FAIR,False,0,1,3.3,0,1,34.71680096189967,LOW
TASK-1085,S&T,MEDIUM,MEDIUM,DEGRADED,False,0,1,7.4,1,1,50.46641800339091,MEDIUM
TASK-1086,S&T,MEDIUM,MEDIUM,DEGRADED,False,0,1,3.7,1,0,52.23699335658207,MEDIUM
TASK-1087,Traction,CRITICAL,HIGH,FAILED,False,0,3,5.5,1,1,100.0,CRITICAL
TASK-1088,S&T,ROUTINE,MEDIUM,FAIR,True,5,1,1.9,0,0,31.480074066420897,LOW
TASK-1089,Engineering,LOW,NORMAL,GOOD,False,0,1,4.8,0,0,22.568647301064903,LOW
TASK-1090,Traction,ROUTINE,MEDIUM,GOOD,True,4,2,6.1,0,1,45.37700399322719,MEDIUM
TASK-1091,Engineering,ROUTINE,NORMAL,GOOD,False,0,2,4.9,0,1,22.24243257979346,LOW
TASK-1092,Traction,HIGH,IMMEDIATE,FAILED,True,3,0,1.7,1,1,100.0,CRITICAL
TASK-1093,Traction,LOW,NORMAL,GOOD,True,5,4,6.9,0,1,33.423560430495996,LOW
TASK-1094,Engineering,HIGH,IMMEDIATE,FAILED,True,1,3,1.0,1,0,100.0,CRITICAL
TASK-1095,Engineering,CRITICAL,HIGH,POOR,True,19,0,1.4,1,0,100.0,CRITICAL
TASK-1096,Traction,LOW,NORMAL,FAIR,True,20,1,4.8,0,1,47.04301474924418,MEDIUM
TASK-1097,Engineering,HIGH,IMMEDIATE,FAILED,False,0,2,1.1,1,1,100.0,CRITICAL
TASK-1098,Traction,CRITICAL,IMMEDIATE,FAILED,True,1,3,4.7,1,1,100.0,CRITICAL
TASK-1099,S&T,HIGH,MEDIUM,DEGRADED,True,2,2,2.0,1,1,67.50047721289849,HIGH
TASK-1100,Traction,HIGH,MEDIUM,DEGRADED,True,38,1,2.3,1,1,84.61976333553896,CRITICAL
TASK-1101,S&T,MEDIUM,NORMAL,FAIR,False,0,2,5.5,0,1,25.725716640671152,LOW
TASK-1102,S&T,CRITICAL,HIGH,POOR,False,0,0,2.9,1,0,82.48428523440947,CRITICAL
TASK-1103,Engineering,ROUTINE,NORMAL,GOOD,False,0,2,3.9,0,1,27.48103182406709,LOW
TASK-1104,Traction,ROUTINE,MEDIUM,GOOD,False,0,0,1.0,0,1,19.467370456291647,LOW
TASK-1105,Engineering,CRITICAL,IMMEDIATE,FAILED,False,0,0,2.5,1,1,100.0,CRITICAL
TASK-1106,S&T,ROUTINE,NORMAL,GOOD,False,0,1,7.1,0,1,19.282876144331176,LOW
TASK-1107,S&T,MEDIUM,MEDIUM,DEGRADED,False,0,1,1.7,1,0,45.79679961156214,MEDIUM
TASK-1108,Traction,HIGH,HIGH,DEGRADED,False,0,2,5.1,1,0,70.11091656204562,HIGH
TASK-1109,Traction,CRITICAL,IMMEDIATE,FAILED,True,10,0,0.6,1,0,100.0,CRITICAL
TASK-1110,Traction,HIGH,MEDIUM,DEGRADED,False,0,0,7.5,1,0,63.56499215086194,MEDIUM
TASK-1111,Engineering,LOW,MEDIUM,FAIR,False,0,1,2.5,0,0,32.79664901682124,LOW
TASK-1112,Engineering,CRITICAL,HIGH,FAILED,False,0,3,1.7,1,1,100.0,CRITICAL
TASK-1113,S&T,CRITICAL,HIGH,FAILED,False,0,2,2.1,1,1,100.0,CRITICAL
TASK-1114,S&T,LOW,NORMAL,FAIR,False,0,3,5.7,0,0,31.516509410082605,LOW
TASK-1115,S&T,CRITICAL,IMMEDIATE,FAILED,False,0,3,4.2,1,0,100.0,CRITICAL
TASK-1116,Engineering,ROUTINE,MEDIUM,GOOD,True,2,1,5.3,0,1,25.10813611192484,LOW
TASK-1117,S&T,MEDIUM,NORMAL,GOOD,True,24,1,0.5,0,1,59.85247317630569,MEDIUM
TASK-1118,Engineering,MEDIUM,MEDIUM,DEGRADED,False,0,0,1.7,0,1,35.130455251054165,LOW
TASK-1119,S&T,HIGH,IMMEDIATE,FAILED,False,0,1,5.8,1,1,89.96669451575889,CRITICAL
TASK-1120,Traction,ROUTINE,NORMAL,GOOD,True,31,2,1.3,0,0,42.47723180756371,LOW
TASK-1121,Traction,ROUTINE,NORMAL,FAIR,False,0,1,4.6,0,1,18.706155871093216,LOW
TASK-1122,S&T,HIGH,HIGH,FAILED,False,0,2,4.6,1,1,97.85400317817755,CRITICAL
TASK-1123,S&T,LOW,NORMAL,FAIR,True,9,1,0.8,0,1,27.648876400547717,LOW
TASK-1124,S&T,ROUTINE,MEDIUM,GOOD,False,0,4,7.2,0,1,31.86877390495662,LOW
TASK-1125,Engineering,MEDIUM,NORMAL,FAIR,False,0,2,5.5,0,1,33.71047546331108,LOW
TASK-1126,S&T,CRITICAL,HIGH,FAILED,True,12,0,7.1,1,1,100.0,CRITICAL
TASK-1127,S&T,HIGH,IMMEDIATE,FAILED,True,16,3,6.1,1,1,100.0,CRITICAL
TASK-1128,Engineering,ROUTINE,NORMAL,FAIR,True,3,2,7.8,0,1,26.106256891682612,LOW
TASK-1129,Engineering,CRITICAL,IMMEDIATE,POOR,True,15,2,0.7,1,0,100.0,CRITICAL
TASK-1130,Traction,HIGH,MEDIUM,DEGRADED,True,1,4,6.4,1,1,74.82740187532676,HIGH
TASK-1131,S&T,ROUTINE,NORMAL,FAIR,False,0,2,2.5,0,0,31.266922385588504,LOW
TASK-1132,Traction,ROUTINE,NORMAL,GOOD,False,0,0,3.4,0,0,16.161012174479357,LOW
TASK-1133,Engineering,CRITICAL,HIGH,POOR,True,23,0,2.2,1,1,100.0,CRITICAL
TASK-1134,S&T,HIGH,MEDIUM,DEGRADED,True,14,3,2.8,1,1,84.93005577887246,CRITICAL
TASK-1135,Engineering,ROUTINE,MEDIUM,FAIR,True,17,1,0.7,0,0,55.10554278893858,MEDIUM
TASK-1136,Engineering,HIGH,HIGH,POOR,False,0,0,3.0,1,1,85.94508265553776,CRITICAL
TASK-1137,Engineering,HIGH,HIGH,DEGRADED,True,21,1,3.1,1,1,89.14626853125262,CRITICAL
TASK-1138,Traction,HIGH,HIGH,POOR,True,35,1,5.6,1,1,100.0,CRITICAL
TASK-1139,Traction,MEDIUM,MEDIUM,DEGRADED,True,4,2,7.5,0,1,46.67228394993513,MEDIUM
TASK-1140,Engineering,MEDIUM,MEDIUM,DEGRADED,False,0,0,1.8,0,0,43.97278931758894,LOW
TASK-1141,S&T,LOW,NORMAL,GOOD,False,0,3,1.3,0,1,31.94196636724042,LOW
TASK-1142,S&T,MEDIUM,MEDIUM,DEGRADED,True,3,5,6.0,1,1,66.02777160188629,HIGH
TASK-1143,S&T,CRITICAL,IMMEDIATE,POOR,False,0,2,5.0,1,1,100.0,CRITICAL
TASK-1144,Traction,MEDIUM,NORMAL,GOOD,True,2,1,3.4,0,1,35.23218274078074,LOW
TASK-1145,Traction,LOW,NORMAL,FAIR,True,3,2,2.4,0,1,26.493101213338868,LOW
TASK-1146,Traction,CRITICAL,HIGH,POOR,True,2,0,0.5,1,1,95.04256174188713,CRITICAL
TASK-1147,Traction,LOW,NORMAL,FAIR,False,0,1,3.2,0,1,26.82507480531615,LOW
TASK-1148,Engineering,HIGH,HIGH,DEGRADED,False,0,1,5.2,1,0,73.8860593753226,HIGH
TASK-1149,Traction,ROUTINE,NORMAL,GOOD,True,10,1,5.9,0,1,42.40034500161082,LOW
TASK-1150,S&T,CRITICAL,HIGH,FAILED,True,6,1,2.8,1,0,100.0,CRITICAL
TASK-1151,S&T,HIGH,MEDIUM,DEGRADED,False,0,3,3.5,1,0,60.2652068563328,MEDIUM
TASK-1152,S&T,CRITICAL,HIGH,FAILED,False,0,0,1.5,1,0,96.76027698257148,CRITICAL
TASK-1153,S&T,CRITICAL,HIGH,POOR,False,0,1,5.6,1,1,97.58647915794064,CRITICAL
TASK-1154,Engineering,CRITICAL,IMMEDIATE,FAILED,True,6,1,4.8,1,0,100.0,CRITICAL
TASK-1155,S&T,CRITICAL,IMMEDIATE,FAILED,False,0,0,6.8,1,0,100.0,CRITICAL
TASK-1156,S&T,HIGH,MEDIUM,DEGRADED,False,0,0,2.1,1,1,52.84612448940976,MEDIUM
TASK-1157,Traction,HIGH,IMMEDIATE,FAILED,False,0,0,5.4,1,0,85.55229634527234,CRITICAL
TASK-1158,S&T,HIGH,HIGH,POOR,False,0,3,3.8,1,1,89.80207328072149,CRITICAL
TASK-1159,Engineering,HIGH,HIGH,FAILED,True,36,2,4.0,1,1,100.0,CRITICAL
TASK-1160,Traction,LOW,NORMAL,FAIR,False,0,0,5.4,0,1,19.56930777258318,LOW
TASK-1161,S&T,HIGH,IMMEDIATE,FAILED,True,14,0,5.5,1,0,100.0,CRITICAL
TASK-1162,Traction,MEDIUM,MEDIUM,DEGRADED,True,27,3,1.2,0,1,62.78962864345884,MEDIUM
TASK-1163,Engineering,MEDIUM,HIGH,DEGRADED,True,19,2,2.2,0,1,69.987998023462,HIGH
TASK-1164,Engineering,ROUTINE,NORMAL,FAIR,False,0,1,0.7,0,1,19.58057082972839,LOW
TASK-1165,Engineering,HIGH,HIGH,POOR,True,9,2,5.1,1,0,100.0,CRITICAL
TASK-1166,Engineering,CRITICAL,IMMEDIATE,POOR,False,0,1,3.6,1,0,100.0,CRITICAL
TASK-1167,Traction,HIGH,HIGH,FAILED,True,5,2,2.0,1,1,99.7359796985137,CRITICAL
TASK-1168,Traction,CRITICAL,HIGH,POOR,True,3,2,4.2,1,1,100.0,CRITICAL
TASK-1169,Engineering,MEDIUM,NORMAL,FAIR,True,9,1,5.4,0,1,37.61803921507875,LOW
TASK-1170,Engineering,LOW,NORMAL,GOOD,True,6,1,6.3,0,0,27.57194859459096,LOW
TASK-1171,Engineering,MEDIUM,NORMAL,FAIR,False,0,1,6.5,0,1,37.86364509629682,LOW
TASK-1172,Traction,CRITICAL,HIGH,FAILED,False,0,2,4.0,1,1,100.0,CRITICAL
TASK-1173,Traction,ROUTINE,NORMAL,FAIR,False,0,0,7.4,0,0,18.638020147500956,LOW
TASK-1174,Engineering,CRITICAL,HIGH,POOR,False,0,1,1.5,1,1,98.16843460688018,CRITICAL
TASK-1175,S&T,HIGH,HIGH,FAILED,False,0,4,7.9,1,0,100.0,CRITICAL
TASK-1176,Traction,MEDIUM,MEDIUM,DEGRADED,True,10,0,7.6,0,0,50.2597294290365,MEDIUM
TASK-1177,S&T,CRITICAL,IMMEDIATE,FAILED,True,1,0,6.6,1,0,96.50899657733946,CRITICAL
TASK-1178,Traction,CRITICAL,IMMEDIATE,POOR,True,13,2,6.7,1,1,100.0,CRITICAL
TASK-1179,Traction,HIGH,HIGH,POOR,True,16,0,7.2,1,1,94.80047036437234,CRITICAL
TASK-1180,Traction,CRITICAL,HIGH,POOR,False,0,1,3.9,1,1,100.0,CRITICAL
TASK-1181,Engineering,HIGH,HIGH,DEGRADED,False,0,3,6.2,1,1,86.01703633591052,CRITICAL
TASK-1182,Traction,CRITICAL,IMMEDIATE,POOR,True,9,2,5.2,1,1,100.0,CRITICAL
TASK-1183,S&T,CRITICAL,HIGH,POOR,False,0,5,1.1,1,1,100.0,CRITICAL
TASK-1184,S&T,LOW,MEDIUM,FAIR,True,10,2,2.5,0,1,47.176984661074485,MEDIUM
TASK-1185,S&T,HIGH,HIGH,FAILED,False,0,2,1.1,1,0,80.78129642205971,CRITICAL
TASK-1186,Engineering,ROUTINE,NORMAL,FAIR,True,2,2,3.4,0,1,23.49942063397496,LOW
TASK-1187,Engineering,MEDIUM,NORMAL,FAIR,False,0,1,1.0,0,1,31.900323023770948,LOW
TASK-1188,S&T,MEDIUM,MEDIUM,DEGRADED,True,20,3,4.6,1,0,78.8195456002618,HIGH
TASK-1189,S&T,ROUTINE,NORMAL,GOOD,False,0,1,2.1,0,1,23.96042264850435,LOW
TASK-1190,S&T,HIGH,HIGH,POOR,False,0,1,7.3,1,1,81.50830186602624,CRITICAL
TASK-1191,Traction,LOW,NORMAL,GOOD,True,22,1,6.9,0,0,45.865415945887634,MEDIUM
TASK-1192,Traction,HIGH,IMMEDIATE,POOR,True,1,1,4.1,1,1,86.82987252540897,CRITICAL
TASK-1193,S&T,MEDIUM,HIGH,DEGRADED,True,20,1,6.2,1,1,81.62427916594991,CRITICAL
TASK-1194,S&T,CRITICAL,IMMEDIATE,FAILED,False,0,1,6.1,1,1,100.0,CRITICAL
TASK-1195,Traction,CRITICAL,IMMEDIATE,FAILED,False,0,1,7.2,1,0,100.0,CRITICAL
TASK-1196,S&T,MEDIUM,NORMAL,FAIR,False,0,2,2.5,0,0,35.39497081111901,LOW
TASK-1197,S&T,LOW,MEDIUM,GOOD,False,0,0,3.4,0,1,24.35089650133287,LOW
TASK-1198,Traction,CRITICAL,IMMEDIATE,POOR,False,0,3,5.9,1,1,99.15098510210461,CRITICAL
TASK-1199,S&T,ROUTINE,NORMAL,FAIR,True,14,1,7.9,0,0,47.52024568241677,MEDIUM
TASK-1200,Traction,LOW,NORMAL,GOOD,False,0,0,7.3,0,1,18.982098199488192,LOW
TASK-1201,Traction,HIGH,HIGH,FAILED,False,0,0,5.5,1,1,78.88029866618872,HIGH
TASK-1202,Engineering,HIGH,IMMEDIATE,POOR,True,3,3,1.5,1,1,92.72052176898187,CRITICAL
TASK-1203,S&T,LOW,MEDIUM,FAIR,True,10,2,0.9,0,1,53.732714187573826,MEDIUM
TASK-1204,S&T,HIGH,MEDIUM,DEGRADED,False,0,1,2.1,1,1,65.14706792443394,HIGH
TASK-1205,S&T,HIGH,MEDIUM,DEGRADED,True,16,1,6.2,1,1,85.04569060453588,CRITICAL
TASK-1206,S&T,MEDIUM,HIGH,DEGRADED,True,1,3,6.1,1,1,71.40039089858291,HIGH
TASK-1207,S&T,MEDIUM,HIGH,DEGRADED,True,10,0,6.8,1,1,79.78351158397292,HIGH
TASK-1208,S&T,ROUTINE,NORMAL,GOOD,False,0,1,6.1,0,1,24.539956634562717,LOW
TASK-1209,Engineering,MEDIUM,HIGH,DEGRADED,True,3,1,2.2,0,1,51.49224747082049,MEDIUM
TASK-1210,Engineering,ROUTINE,MEDIUM,GOOD,True,13,3,6.2,0,0,49.048627279056745,MEDIUM
TASK-1211,Engineering,ROUTINE,NORMAL,FAIR,False,0,3,6.8,0,1,32.565342577943575,LOW
TASK-1212,Traction,MEDIUM,NORMAL,FAIR,True,20,0,2.3,0,1,52.78905153175931,MEDIUM
TASK-1213,S&T,ROUTINE,NORMAL,GOOD,False,0,0,4.7,0,0,19.06514348507277,LOW
TASK-1214,Engineering,CRITICAL,IMMEDIATE,POOR,False,0,1,5.7,1,1,100.0,CRITICAL
TASK-1215,S&T,ROUTINE,NORMAL,FAIR,True,8,1,5.0,0,0,27.587506894392387,LOW
TASK-1216,Traction,LOW,NORMAL,GOOD,True,2,2,6.3,0,0,25.314570144409803,LOW
TASK-1217,Engineering,MEDIUM,MEDIUM,DEGRADED,False,0,4,1.3,0,1,43.85208111187744,LOW
TASK-1218,Engineering,MEDIUM,MEDIUM,DEGRADED,False,0,1,4.8,0,1,35.87617299053658,LOW
TASK-1219,S&T,CRITICAL,IMMEDIATE,POOR,False,0,1,7.6,1,0,100.0,CRITICAL
TASK-1220,Engineering,LOW,NORMAL,GOOD,False,0,0,4.9,0,0,20.91679959889578,LOW
TASK-1221,Traction,MEDIUM,MEDIUM,FAIR,False,0,0,1.3,0,1,37.89645749800544,LOW
TASK-1222,S&T,CRITICAL,IMMEDIATE,FAILED,False,0,0,6.5,1,1,100.0,CRITICAL
TASK-1223,Traction,LOW,NORMAL,GOOD,False,0,5,3.1,0,1,21.932193010616295,LOW
TASK-1224,S&T,MEDIUM,MEDIUM,DEGRADED,False,0,4,1.0,1,0,62.60674801493248,MEDIUM
TASK-1225,Traction,MEDIUM,MEDIUM,DEGRADED,True,1,1,0.6,0,0,47.110643028424846,MEDIUM
TASK-1226,S&T,CRITICAL,HIGH,POOR,False,0,2,1.3,1,0,89.14192980744674,CRITICAL
TASK-1227,S&T,HIGH,HIGH,POOR,True,17,1,5.8,1,0,100.0,CRITICAL
TASK-1228,S&T,MEDIUM,NORMAL,FAIR,True,9,1,6.0,0,0,52.05579443159053,MEDIUM
TASK-1229,Traction,HIGH,HIGH,DEGRADED,True,6,0,5.1,1,1,89.82501172450542,CRITICAL
TASK-1230,Traction,CRITICAL,HIGH,POOR,False,0,4,4.0,1,1,99.34296139431629,CRITICAL
TASK-1231,Traction,CRITICAL,HIGH,FAILED,False,0,3,2.5,1,0,91.16821705311999,CRITICAL
TASK-1232,Engineering,ROUTINE,MEDIUM,GOOD,False,0,4,2.6,0,1,37.5650011013715,LOW
TASK-1233,S&T,ROUTINE,MEDIUM,FAIR,True,13,1,6.1,0,1,50.17224516743828,MEDIUM
TASK-1234,Traction,CRITICAL,IMMEDIATE,FAILED,True,5,1,5.5,1,1,100.0,CRITICAL
TASK-1235,S&T,MEDIUM,NORMAL,GOOD,True,34,1,4.2,0,1,57.37716531552519,MEDIUM
TASK-1236,S&T,LOW,MEDIUM,FAIR,True,19,0,4.2,0,1,48.365906756349794,MEDIUM
TASK-1237,S&T,MEDIUM,MEDIUM,DEGRADED,False,0,1,3.1,1,1,47.7473977289535,MEDIUM
TASK-1238,Traction,HIGH,MEDIUM,DEGRADED,False,0,2,4.7,1,1,58.448883067452,MEDIUM
TASK-1239,Traction,ROUTINE,NORMAL,FAIR,False,0,0,1.1,0,1,14.46845909385829,LOW
TASK-1240,Traction,CRITICAL,IMMEDIATE,POOR,False,0,3,4.2,1,1,95.52939686168111,CRITICAL
TASK-1241,Engineering,CRITICAL,HIGH,POOR,False,0,1,5.3,1,1,98.31292051713591,CRITICAL
TASK-1242,S&T,CRITICAL,IMMEDIATE,POOR,True,1,2,6.4,1,1,100.0,CRITICAL
TASK-1243,Engineering,HIGH,MEDIUM,DEGRADED,False,0,0,2.2,1,0,66.56204310871315,HIGH
TASK-1244,Traction,ROUTINE,NORMAL,FAIR,True,14,2,2.8,0,1,47.41017225021963,MEDIUM
TASK-1245,Traction,MEDIUM,MEDIUM,DEGRADED,True,7,4,4.0,0,1,46.6726898890391,MEDIUM
TASK-1246,Traction,HIGH,MEDIUM,DEGRADED,True,17,1,3.7,1,1,80.47888059414093,CRITICAL
TASK-1247,Traction,HIGH,HIGH,FAILED,True,2,2,3.0,1,1,83.15780317218574,CRITICAL
TASK-1248,Traction,CRITICAL,IMMEDIATE,POOR,True,7,1,2.5,1,0,100.0,CRITICAL
TASK-1249,S&T,ROUTINE,NORMAL,FAIR,False,0,2,1.4,0,1,23.195475459754036,LOW
TASK-1250,Engineering,MEDIUM,HIGH,DEGRADED,True,5,0,1.4,0,0,53.10752505700858,MEDIUM
TASK-1251,Traction,ROUTINE,NORMAL,FAIR,True,5,1,1.9,0,1,28.394434523557493,LOW
TASK-1252,Traction,CRITICAL,IMMEDIATE,POOR,False,0,0,2.6,1,0,96.26394160426088,CRITICAL
TASK-1253,Traction,CRITICAL,HIGH,FAILED,False,0,2,5.0,1,1,100.0,CRITICAL
TASK-1254,Engineering,MEDIUM,NORMAL,FAIR,False,0,2,2.7,0,1,31.354736613268525,LOW
TASK-1255,S&T,ROUTINE,NORMAL,FAIR,True,6,1,2.8,0,0,30.821792588512583,LOW
TASK-1256,Traction,HIGH,HIGH,FAILED,True,9,2,1.4,1,1,100.0,CRITICAL
TASK-1257,Engineering,LOW,NORMAL,GOOD,True,5,0,4.7,0,1,36.55752406296759,LOW
TASK-1258,Traction,ROUTINE,NORMAL,FAIR,False,0,2,5.3,0,0,34.050046446500005,LOW
TASK-1259,S&T,LOW,MEDIUM,GOOD,False,0,1,7.0,0,0,26.705590950486375,LOW
TASK-1260,Traction,MEDIUM,MEDIUM,DEGRADED,True,1,0,4.0,0,1,44.6233922923478,LOW
TASK-1261,S&T,HIGH,HIGH,DEGRADED,False,0,2,1.9,1,0,66.18404595651671,HIGH
TASK-1262,Engineering,MEDIUM,HIGH,DEGRADED,False,0,0,7.6,0,1,60.965537839224304,MEDIUM
TASK-1263,S&T,MEDIUM,NORMAL,GOOD,True,1,2,6.7,0,1,28.308610108413166,LOW
TASK-1264,S&T,CRITICAL,HIGH,POOR,True,1,0,1.1,1,1,95.7638683756111,CRITICAL
TASK-1265,Traction,LOW,NORMAL,GOOD,False,0,0,1.6,0,1,17.981757683790015,LOW
TASK-1266,Traction,HIGH,MEDIUM,DEGRADED,True,30,0,1.1,1,1,74.66233542872864,HIGH
TASK-1267,Engineering,MEDIUM,NORMAL,GOOD,False,0,3,4.7,0,1,38.26185898124867,LOW
TASK-1268,S&T,CRITICAL,HIGH,FAILED,False,0,3,5.0,1,1,99.6654264399284,CRITICAL
TASK-1269,Traction,ROUTINE,MEDIUM,FAIR,True,2,2,6.3,0,1,38.587987678039795,LOW
TASK-1270,S&T,CRITICAL,HIGH,POOR,True,19,1,7.3,1,1,100.0,CRITICAL
TASK-1271,S&T,CRITICAL,HIGH,FAILED,False,0,1,7.9,1,1,94.94645670448791,CRITICAL
TASK-1272,S&T,CRITICAL,IMMEDIATE,FAILED,True,14,3,5.2,1,1,100.0,CRITICAL
TASK-1273,Traction,ROUTINE,NORMAL,GOOD,False,0,2,7.6,0,1,26.621323388215846,LOW
TASK-1274,Engineering,LOW,NORMAL,FAIR,True,15,5,2.5,0,1,43.416255765889716,LOW
TASK-1275,Engineering,LOW,NORMAL,FAIR,False,0,2,2.3,0,1,19.127353476646793,LOW
TASK-1276,Traction,MEDIUM,NORMAL,GOOD,False,0,2,1.7,0,1,33.5473335884792,LOW
TASK-1277,S&T,HIGH,IMMEDIATE,POOR,True,11,0,5.7,1,1,100.0,CRITICAL
TASK-1278,S&T,HIGH,MEDIUM,DEGRADED,False,0,1,0.7,1,1,66.04028899140573,HIGH
TASK-1279,S&T,MEDIUM,MEDIUM,DEGRADED,False,0,1,5.8,1,0,50.51866278245559,MEDIUM
TASK-1280,S&T,LOW,NORMAL,GOOD,True,14,1,5.7,0,0,50.553066862909624,MEDIUM
TASK-1281,S&T,HIGH,IMMEDIATE,FAILED,True,1,3,5.5,1,1,100.0,CRITICAL
TASK-1282,Engineering,CRITICAL,HIGH,POOR,True,14,3,1.4,1,1,100.0,CRITICAL
TASK-1283,Engineering,ROUTINE,NORMAL,FAIR,True,13,2,7.3,0,1,44.650047618814185,LOW
TASK-1284,Engineering,LOW,NORMAL,GOOD,False,0,1,0.9,0,1,22.150807862675624,LOW
TASK-1285,S&T,CRITICAL,IMMEDIATE,FAILED,False,0,1,6.1,1,0,100.0,CRITICAL
TASK-1286,Traction,MEDIUM,MEDIUM,DEGRADED,False,0,0,3.8,0,1,24.66072636782004,LOW
TASK-1287,S&T,MEDIUM,MEDIUM,DEGRADED,False,0,0,5.7,1,0,50.03434127469519,MEDIUM
TASK-1288,S&T,HIGH,HIGH,FAILED,True,16,2,4.5,1,1,100.0,CRITICAL
TASK-1289,S&T,ROUTINE,NORMAL,GOOD,False,0,1,5.0,0,1,23.34330713341886,LOW
TASK-1290,S&T,MEDIUM,HIGH,DEGRADED,False,0,1,5.0,1,1,54.43142803693586,MEDIUM
TASK-1291,Engineering,LOW,NORMAL,GOOD,True,13,2,2.2,0,1,40.78813839280602,LOW
TASK-1292,Traction,HIGH,HIGH,FAILED,True,2,1,4.9,1,1,86.9261356742154,CRITICAL
TASK-1293,Engineering,MEDIUM,MEDIUM,DEGRADED,False,0,1,4.8,0,0,32.06410236424408,LOW
TASK-1294,Engineering,HIGH,IMMEDIATE,POOR,True,18,1,4.4,1,0,100.0,CRITICAL
TASK-1295,S&T,HIGH,HIGH,DEGRADED,True,14,1,1.9,1,1,93.43562082600913,CRITICAL
TASK-1296,Traction,HIGH,IMMEDIATE,POOR,False,0,2,5.3,1,0,90.77215285675763,CRITICAL
TASK-1297,S&T,LOW,NORMAL,GOOD,True,12,3,4.0,0,0,50.4366219507607,MEDIUM
TASK-1298,S&T,MEDIUM,HIGH,DEGRADED,True,20,4,2.9,1,1,86.74976742700524,CRITICAL
TASK-1299,Engineering,ROUTINE,NORMAL,FAIR,True,15,1,3.0,0,1,47.633525684137915,MEDIUM
TASK-1300,Traction,HIGH,IMMEDIATE,POOR,False,0,0,2.7,1,1,87.84921682204082,CRITICAL
TASK-1301,S&T,CRITICAL,HIGH,FAILED,False,0,1,0.8,1,1,93.43123071864675,CRITICAL
TASK-1302,Engineering,MEDIUM,MEDIUM,DEGRADED,False,0,1,2.4,0,1,38.400805794098034,LOW
TASK-1303,Engineering,HIGH,IMMEDIATE,POOR,False,0,0,7.0,1,0,92.04629193798621,CRITICAL
TASK-1304,Engineering,HIGH,HIGH,FAILED,False,0,1,4.0,1,1,85.22506357943357,CRITICAL
TASK-1305,Engineering,ROUTINE,MEDIUM,FAIR,True,17,3,4.4,0,1,52.84821096099047,MEDIUM
TASK-1306,Traction,HIGH,IMMEDIATE,POOR,True,2,3,5.2,1,1,93.09853530205054,CRITICAL
TASK-1307,Engineering,ROUTINE,NORMAL,FAIR,False,0,2,2.5,0,1,21.639547111514364,LOW
TASK-1308,Engineering,MEDIUM,MEDIUM,DEGRADED,True,31,1,3.8,0,1,52.403077042067885,MEDIUM
TASK-1309,Traction,CRITICAL,IMMEDIATE,POOR,True,29,0,1.4,1,1,100.0,CRITICAL
TASK-1310,Traction,HIGH,HIGH,FAILED,False,0,5,6.5,1,1,96.20462498644734,CRITICAL
TASK-1311,Traction,ROUTINE,NORMAL,FAIR,True,9,1,2.8,0,1,33.65194831978183,LOW
TASK-1312,Engineering,CRITICAL,HIGH,FAILED,True,3,1,3.6,1,0,100.0,CRITICAL
TASK-1313,Engineering,LOW,NORMAL,GOOD,False,0,3,4.0,0,1,41.688742668299966,LOW
TASK-1314,Engineering,LOW,NORMAL,FAIR,True,17,1,4.2,0,1,40.977725101573874,LOW
TASK-1315,Traction,MEDIUM,MEDIUM,DEGRADED,True,9,0,4.3,0,1,49.47368097359387,MEDIUM
TASK-1316,S&T,CRITICAL,IMMEDIATE,POOR,False,0,1,6.8,1,1,100.0,CRITICAL
TASK-1317,S&T,ROUTINE,NORMAL,FAIR,False,0,0,3.9,0,1,24.28308552312839,LOW
TASK-1318,Engineering,CRITICAL,IMMEDIATE,POOR,True,6,4,1.9,1,0,100.0,CRITICAL
TASK-1319,Traction,CRITICAL,HIGH,FAILED,False,0,0,6.1,1,1,86.83720798503953,CRITICAL
TASK-1320,Engineering,ROUTINE,MEDIUM,GOOD,False,0,1,2.6,0,1,30.0430372117837,LOW
TASK-1321,S&T,HIGH,HIGH,DEGRADED,False,0,1,7.5,1,1,68.18637610716893,HIGH
TASK-1322,Traction,HIGH,MEDIUM,DEGRADED,False,0,1,6.7,1,1,65.16680657421826,HIGH
TASK-1323,S&T,HIGH,MEDIUM,DEGRADED,True,20,0,6.8,1,1,73.45589800440445,HIGH
TASK-1324,Traction,CRITICAL,HIGH,POOR,True,27,0,7.0,1,1,100.0,CRITICAL
TASK-1325,S&T,HIGH,IMMEDIATE,FAILED,True,7,2,4.1,1,1,100.0,CRITICAL
TASK-1326,S&T,HIGH,HIGH,FAILED,False,0,1,6.2,1,1,84.95358780943448,CRITICAL
TASK-1327,S&T,HIGH,HIGH,POOR,False,0,1,7.5,1,0,82.07689490686053,CRITICAL
TASK-1328,Engineering,MEDIUM,NORMAL,FAIR,True,12,1,4.8,0,1,45.664348921445495,MEDIUM
TASK-1329,Engineering,HIGH,IMMEDIATE,POOR,True,15,3,0.8,1,1,100.0,CRITICAL
TASK-1330,Traction,HIGH,IMMEDIATE,POOR,False,0,2,5.8,1,0,93.32860418906849,CRITICAL
TASK-1331,S&T,CRITICAL,IMMEDIATE,POOR,True,1,1,7.9,1,1,100.0,CRITICAL
TASK-1332,Traction,LOW,NORMAL,FAIR,True,6,1,4.2,0,1,30.37512106820867,LOW
TASK-1333,Engineering,ROUTINE,NORMAL,FAIR,False,0,4,4.3,0,1,27.26109840591264,LOW
TASK-1334,Traction,MEDIUM,HIGH,DEGRADED,True,10,1,7.0,0,0,56.64071383479922,MEDIUM
TASK-1335,S&T,LOW,NORMAL,GOOD,True,16,2,4.4,0,1,37.15647728220166,LOW
TASK-1336,S&T,ROUTINE,NORMAL,GOOD,False,0,1,5.9,0,1,22.595092030269875,LOW
TASK-1337,S&T,ROUTINE,NORMAL,FAIR,False,0,1,1.1,0,1,17.028253126957438,LOW
TASK-1338,S&T,MEDIUM,MEDIUM,DEGRADED,True,8,2,5.2,1,1,65.79159598805053,HIGH
TASK-1339,S&T,LOW,NORMAL,GOOD,False,0,1,6.9,0,0,22.961173820976153,LOW
TASK-1340,Traction,CRITICAL,IMMEDIATE,FAILED,False,0,0,3.4,1,0,97.6623736712378,CRITICAL
TASK-1341,S&T,CRITICAL,IMMEDIATE,POOR,True,2,2,7.0,1,1,100.0,CRITICAL
TASK-1342,Engineering,HIGH,HIGH,FAILED,False,0,2,1.0,1,1,80.78405594422917,CRITICAL
TASK-1343,Traction,HIGH,HIGH,DEGRADED,False,0,1,8.0,1,1,73.15350452859342,HIGH
TASK-1344,Traction,ROUTINE,NORMAL,GOOD,True,5,2,3.8,0,1,26.529099537991065,LOW
TASK-1345,Engineering,LOW,NORMAL,GOOD,False,0,2,3.8,0,1,28.24281017237874,LOW
TASK-1346,Traction,HIGH,HIGH,DEGRADED,False,0,2,7.3,1,1,73.22089262835449,HIGH
TASK-1347,Engineering,HIGH,MEDIUM,DEGRADED,True,12,2,6.5,1,0,78.91181695302876,HIGH
TASK-1348,S&T,MEDIUM,MEDIUM,DEGRADED,True,6,2,3.3,1,1,64.8554702565696,MEDIUM
TASK-1349,Engineering,MEDIUM,NORMAL,FAIR,False,0,1,4.5,0,1,33.65921931629258,LOW
TASK-1350,Traction,ROUTINE,NORMAL,FAIR,True,6,1,1.8,0,1,31.09573888707876,LOW
TASK-1351,Engineering,CRITICAL,HIGH,FAILED,True,20,0,7.0,1,1,100.0,CRITICAL
TASK-1352,Traction,LOW,NORMAL,FAIR,True,9,1,4.2,0,0,34.46261238658064,LOW
TASK-1353,Traction,ROUTINE,MEDIUM,FAIR,False,0,1,2.2,0,1,28.329391148260243,LOW
TASK-1354,Traction,HIGH,MEDIUM,DEGRADED,False,0,2,3.9,1,1,56.168251335179534,MEDIUM
TASK-1355,Traction,ROUTINE,NORMAL,GOOD,True,3,2,7.2,0,1,29.25202719088082,LOW
TASK-1356,S&T,MEDIUM,MEDIUM,DEGRADED,True,20,1,5.6,1,1,65.77584380890922,HIGH
TASK-1357,Engineering,ROUTINE,NORMAL,GOOD,False,0,3,3.8,0,1,29.431592284783505,LOW
TASK-1358,S&T,CRITICAL,HIGH,FAILED,True,11,4,2.7,1,1,100.0,CRITICAL
TASK-1359,S&T,MEDIUM,MEDIUM,DEGRADED,False,0,1,3.9,1,0,46.86890180627486,MEDIUM
TASK-1360,S&T,ROUTINE,MEDIUM,FAIR,False,0,3,8.0,0,1,31.99474073398247,LOW
TASK-1361,S&T,LOW,NORMAL,GOOD,True,1,1,2.3,0,0,28.76264470674832,LOW
TASK-1362,Traction,MEDIUM,HIGH,DEGRADED,False,0,1,4.8,0,1,47.170762087440124,MEDIUM
TASK-1363,Traction,MEDIUM,MEDIUM,DEGRADED,True,18,2,0.7,0,1,63.10277709503187,MEDIUM
TASK-1364,Traction,CRITICAL,IMMEDIATE,POOR,False,0,4,2.6,1,1,100.0,CRITICAL
TASK-1365,Traction,LOW,NORMAL,GOOD,True,27,0,7.3,0,1,41.915501060366104,LOW
TASK-1366,Traction,CRITICAL,IMMEDIATE,POOR,False,0,2,6.7,1,1,100.0,CRITICAL
TASK-1367,S&T,LOW,NORMAL,FAIR,True,16,3,5.1,0,1,50.9776623454154,MEDIUM
TASK-1368,S&T,ROUTINE,MEDIUM,FAIR,False,0,3,5.3,0,1,25.499228835141526,LOW
TASK-1369,Traction,MEDIUM,HIGH,DEGRADED,False,0,0,5.6,0,1,44.625620308967555,LOW
TASK-1370,Traction,LOW,NORMAL,FAIR,False,0,1,5.2,0,1,24.273975848211904,LOW
TASK-1371,Traction,LOW,MEDIUM,GOOD,False,0,2,2.8,0,1,25.698394302632764,LOW
TASK-1372,S&T,LOW,NORMAL,GOOD,False,0,2,4.8,0,1,19.686121179784397,LOW
TASK-1373,Traction,ROUTINE,NORMAL,FAIR,True,18,1,1.2,0,1,43.30625265616928,LOW
TASK-1374,S&T,MEDIUM,MEDIUM,DEGRADED,False,0,1,6.1,1,1,46.49103401040053,MEDIUM
TASK-1375,Engineering,LOW,NORMAL,FAIR,False,0,2,1.5,0,1,15.463210212035266,LOW
TASK-1376,Traction,HIGH,MEDIUM,DEGRADED,True,16,0,4.5,1,1,87.24249614946463,CRITICAL
TASK-1377,S&T,LOW,NORMAL,FAIR,False,0,2,2.4,0,1,19.214245425524787,LOW
TASK-1378,S&T,MEDIUM,HIGH,DEGRADED,False,0,2,6.1,1,1,59.37883427865848,MEDIUM
TASK-1379,S&T,ROUTINE,NORMAL,GOOD,False,0,1,4.0,0,1,14.751773901507349,LOW
TASK-1380,Engineering,MEDIUM,NORMAL,FAIR,False,0,0,6.2,0,1,30.928462948705295,LOW
TASK-1381,Engineering,CRITICAL,IMMEDIATE,POOR,True,17,1,7.8,1,0,100.0,CRITICAL
TASK-1382,Traction,MEDIUM,HIGH,DEGRADED,True,8,0,1.2,0,1,58.702946082002484,MEDIUM
TASK-1383,S&T,LOW,NORMAL,GOOD,False,0,1,2.5,0,1,21.78261525093069,LOW
TASK-1384,Engineering,CRITICAL,HIGH,POOR,False,0,2,3.3,1,0,96.1022623862378,CRITICAL
TASK-1385,Traction,MEDIUM,MEDIUM,DEGRADED,True,4,1,4.9,0,1,43.9483043853171,LOW
TASK-1386,Traction,HIGH,MEDIUM,DEGRADED,True,26,1,1.3,1,1,88.90727039345244,CRITICAL
TASK-1387,Engineering,HIGH,HIGH,POOR,True,5,0,0.7,1,0,90.33970871537566,CRITICAL
TASK-1388,Traction,MEDIUM,MEDIUM,DEGRADED,True,25,2,7.4,0,1,57.49598343891535,MEDIUM
TASK-1389,Engineering,MEDIUM,MEDIUM,GOOD,False,0,3,5.3,0,0,42.03387389917208,LOW
TASK-1390,S&T,MEDIUM,HIGH,DEGRADED,True,16,1,5.4,1,1,93.8193624730968,CRITICAL
TASK-1391,Engineering,LOW,NORMAL,FAIR,True,32,1,0.8,0,1,38.24698551209392,LOW
TASK-1392,Engineering,MEDIUM,MEDIUM,DEGRADED,False,0,1,8.0,0,1,41.29793943489901,LOW
TASK-1393,Engineering,LOW,NORMAL,GOOD,True,11,0,2.3,0,1,36.41732124876187,LOW
TASK-1394,Traction,ROUTINE,NORMAL,FAIR,False,0,0,3.4,0,0,17.538209630032433,LOW
TASK-1395,S&T,HIGH,IMMEDIATE,FAILED,True,2,1,3.6,1,0,100.0,CRITICAL
TASK-1396,Traction,ROUTINE,NORMAL,FAIR,True,44,1,7.1,0,1,48.22339790368393,MEDIUM
TASK-1397,Traction,LOW,NORMAL,GOOD,False,0,3,6.8,0,1,19.183136876394208,LOW
TASK-1398,Traction,CRITICAL,IMMEDIATE,POOR,True,5,4,7.5,1,1,100.0,CRITICAL
TASK-1399,S&T,ROUTINE,NORMAL,GOOD,True,8,1,5.7,0,0,29.40656744256953,LOW
TASK-1400,Engineering,HIGH,IMMEDIATE,POOR,True,1,0,3.8,1,0,100.0,CRITICAL
TASK-1401,Engineering,MEDIUM,MEDIUM,DEGRADED,False,0,1,1.2,0,0,39.124830581237724,LOW
TASK-1402,Traction,MEDIUM,MEDIUM,DEGRADED,False,0,0,4.6,0,1,32.17612997914529,LOW
TASK-1403,Traction,HIGH,MEDIUM,DEGRADED,False,0,3,1.0,1,1,56.60037807430477,MEDIUM
TASK-1404,S&T,ROUTINE,MEDIUM,FAIR,True,8,0,7.8,0,1,48.0960063598089,MEDIUM
TASK-1405,S&T,ROUTINE,NORMAL,GOOD,True,6,0,5.5,0,1,24.969662206250977,LOW
TASK-1406,Traction,CRITICAL,HIGH,FAILED,False,0,0,7.8,1,1,96.2978678074011,CRITICAL
TASK-1407,Engineering,MEDIUM,MEDIUM,DEGRADED,True,30,1,2.3,0,0,61.792382638023774,MEDIUM
TASK-1408,Engineering,CRITICAL,IMMEDIATE,FAILED,True,5,2,2.0,1,1,100.0,CRITICAL
TASK-1409,Traction,ROUTINE,NORMAL,FAIR,False,0,3,4.9,0,0,25.682377126923225,LOW
TASK-1410,Engineering,HIGH,MEDIUM,DEGRADED,True,7,0,6.3,1,1,70.72133986674557,HIGH
TASK-1411,Traction,ROUTINE,NORMAL,GOOD,False,0,2,2.6,0,0,30.730891318133125,LOW
TASK-1412,Engineering,ROUTINE,NORMAL,FAIR,False,0,2,4.6,0,1,20.911954090996066,LOW
TASK-1413,Engineering,ROUTINE,NORMAL,GOOD,False,0,0,5.5,0,1,30.550677910428114,LOW
TASK-1414,Engineering,LOW,NORMAL,FAIR,True,20,3,0.6,0,1,48.073239925523914,MEDIUM
TASK-1415,Engineering,CRITICAL,IMMEDIATE,FAILED,False,0,5,2.9,1,1,100.0,CRITICAL
TASK-1416,Engineering,MEDIUM,MEDIUM,DEGRADED,False,0,1,0.9,0,0,30.914397988235475,LOW
TASK-1417,Traction,HIGH,HIGH,POOR,False,0,2,4.4,1,0,76.97216490410679,HIGH
TASK-1418,Traction,LOW,NORMAL,GOOD,True,7,1,4.1,0,1,37.652902928120284,LOW
TASK-1419,S&T,HIGH,IMMEDIATE,FAILED,False,0,1,5.0,1,1,100.0,CRITICAL
TASK-1420,S&T,HIGH,IMMEDIATE,FAILED,True,12,3,2.2,1,0,100.0,CRITICAL
TASK-1421,Traction,LOW,NORMAL,GOOD,False,0,1,6.0,0,1,21.668061912050142,LOW
TASK-1422,Traction,HIGH,IMMEDIATE,FAILED,True,1,3,2.8,1,1,100.0,CRITICAL
TASK-1423,Traction,MEDIUM,MEDIUM,GOOD,False,0,1,1.0,0,0,40.223141231588485,LOW
TASK-1424,S&T,CRITICAL,HIGH,POOR,True,11,2,3.7,1,0,100.0,CRITICAL
TASK-1425,Engineering,CRITICAL,HIGH,POOR,False,0,2,5.8,1,1,93.32751607799133,CRITICAL
TASK-1426,S&T,ROUTINE,NORMAL,GOOD,True,9,1,7.2,0,1,42.144666597677045,LOW
TASK-1427,S&T,CRITICAL,IMMEDIATE,FAILED,True,14,4,1.6,1,1,100.0,CRITICAL
TASK-1428,Engineering,MEDIUM,MEDIUM,DEGRADED,True,10,2,5.2,0,0,54.79579472666053,MEDIUM
TASK-1429,Traction,CRITICAL,IMMEDIATE,FAILED,True,16,2,5.8,1,1,100.0,CRITICAL
TASK-1430,S&T,CRITICAL,IMMEDIATE,FAILED,True,8,0,4.5,1,1,100.0,CRITICAL
TASK-1431,S&T,CRITICAL,IMMEDIATE,FAILED,False,0,0,5.0,1,1,100.0,CRITICAL
TASK-1432,Engineering,LOW,NORMAL,GOOD,False,0,2,6.9,0,0,33.09974425274835,LOW
TASK-1433,Traction,CRITICAL,IMMEDIATE,FAILED,True,12,3,5.9,1,1,100.0,CRITICAL
TASK-1434,Engineering,HIGH,IMMEDIATE,POOR,True,5,2,3.9,1,0,100.0,CRITICAL
TASK-1435,Engineering,HIGH,HIGH,POOR,True,2,3,3.0,1,1,85.20858965556205,CRITICAL
TASK-1436,S&T,CRITICAL,HIGH,POOR,False,0,2,3.6,1,1,98.98004329694335,CRITICAL
TASK-1437,Engineering,HIGH,HIGH,DEGRADED,True,17,0,3.7,1,1,89.39943178394316,CRITICAL
TASK-1438,Traction,MEDIUM,HIGH,DEGRADED,True,5,1,3.3,0,1,56.04225054165757,MEDIUM
TASK-1439,Engineering,HIGH,HIGH,POOR,False,0,1,1.0,1,0,74.25690850568127,HIGH
TASK-1440,Engineering,ROUTINE,MEDIUM,GOOD,False,0,2,3.7,0,0,26.685921568302444,LOW
TASK-1441,Traction,MEDIUM,MEDIUM,DEGRADED,True,20,0,6.6,0,0,49.3071631347519,MEDIUM
TASK-1442,Traction,MEDIUM,NORMAL,GOOD,True,13,0,4.9,0,0,47.59879222034898,MEDIUM
TASK-1443,Traction,CRITICAL,HIGH,FAILED,True,20,0,3.0,1,1,100.0,CRITICAL
TASK-1444,Engineering,CRITICAL,HIGH,POOR,False,0,1,3.2,1,1,95.90681111181256,CRITICAL
TASK-1445,Traction,HIGH,IMMEDIATE,POOR,False,0,2,7.0,1,1,90.82221079297798,CRITICAL
TASK-1446,Traction,LOW,MEDIUM,GOOD,True,5,4,7.8,0,1,30.86163710327195,LOW
TASK-1447,Traction,HIGH,MEDIUM,DEGRADED,True,18,2,3.1,1,1,83.68997995316984,CRITICAL
TASK-1448,Traction,CRITICAL,IMMEDIATE,FAILED,False,0,1,2.1,1,1,100.0,CRITICAL
TASK-1449,Traction,CRITICAL,HIGH,POOR,False,0,1,2.2,1,1,95.30361697231875,CRITICAL
TASK-1450,Engineering,MEDIUM,MEDIUM,DEGRADED,False,0,0,6.8,0,0,30.8136878447515,LOW
TASK-1451,S&T,MEDIUM,NORMAL,GOOD,False,0,2,6.2,0,0,35.10270713506934,LOW
TASK-1452,Traction,LOW,MEDIUM,FAIR,False,0,1,6.6,0,0,29.419383255940197,LOW
TASK-1453,Traction,CRITICAL,HIGH,FAILED,True,4,2,5.1,1,1,100.0,CRITICAL
TASK-1454,Traction,HIGH,HIGH,FAILED,True,12,0,0.7,1,0,100.0,CRITICAL
TASK-1455,Traction,MEDIUM,MEDIUM,DEGRADED,False,0,2,0.7,0,1,43.4499378110855,LOW
TASK-1456,S&T,MEDIUM,MEDIUM,DEGRADED,True,17,0,7.4,1,0,68.17332023493765,HIGH
TASK-1457,S&T,ROUTINE,NORMAL,GOOD,True,36,3,1.9,0,0,47.107458116391975,MEDIUM
TASK-1458,Engineering,CRITICAL,HIGH,FAILED,False,0,0,5.4,1,1,96.43664452201504,CRITICAL
TASK-1459,Engineering,ROUTINE,NORMAL,FAIR,False,0,1,6.1,0,0,23.647543677865045,LOW
TASK-1460,Engineering,ROUTINE,MEDIUM,GOOD,True,21,0,6.1,0,1,41.92524780925832,LOW
TASK-1461,Engineering,HIGH,IMMEDIATE,POOR,True,11,1,3.6,1,0,100.0,CRITICAL
TASK-1462,S&T,MEDIUM,NORMAL,FAIR,False,0,1,3.3,0,1,35.725026564386404,LOW
TASK-1463,Traction,HIGH,HIGH,DEGRADED,True,10,1,6.3,1,1,79.68887630155079,HIGH
TASK-1464,Traction,CRITICAL,IMMEDIATE,FAILED,False,0,2,1.1,1,1,100.0,CRITICAL
TASK-1465,Engineering,LOW,NORMAL,FAIR,False,0,1,1.7,0,1,20.852256723198266,LOW
TASK-1466,Traction,MEDIUM,MEDIUM,GOOD,False,0,1,5.6,0,0,31.22652628683567,LOW
TASK-1467,S&T,HIGH,IMMEDIATE,POOR,True,1,1,5.5,1,1,78.54432014549639,HIGH
TASK-1468,S&T,CRITICAL,IMMEDIATE,FAILED,True,12,2,3.8,1,0,100.0,CRITICAL
TASK-1469,S&T,ROUTINE,NORMAL,FAIR,False,0,4,6.2,0,0,20.232082282925965,LOW
TASK-1470,Engineering,MEDIUM,MEDIUM,DEGRADED,False,0,1,3.7,0,1,27.57606820491863,LOW
TASK-1471,S&T,CRITICAL,HIGH,FAILED,False,0,2,4.1,1,0,98.65682976957265,CRITICAL
TASK-1472,Traction,MEDIUM,HIGH,DEGRADED,True,18,4,0.8,0,1,68.76842011267132,HIGH
TASK-1473,S&T,HIGH,HIGH,FAILED,False,0,2,0.9,1,1,89.46686187138326,CRITICAL
TASK-1474,Engineering,MEDIUM,MEDIUM,DEGRADED,True,22,0,7.6,0,1,58.01059160196242,MEDIUM
TASK-1475,Engineering,MEDIUM,MEDIUM,DEGRADED,True,3,4,2.7,0,1,41.29119712259188,LOW
TASK-1476,Engineering,ROUTINE,NORMAL,GOOD,False,0,1,4.2,0,0,31.43843828670095,LOW
TASK-1477,S&T,LOW,NORMAL,FAIR,True,6,1,1.5,0,1,33.166943078669476,LOW
TASK-1478,Traction,MEDIUM,NORMAL,FAIR,False,0,1,4.3,0,1,17.839222009447155,LOW
TASK-1479,Traction,HIGH,HIGH,DEGRADED,False,0,2,1.0,1,1,62.818354858429274,MEDIUM
TASK-1480,Traction,LOW,NORMAL,GOOD,False,0,1,3.8,0,1,19.430806915786142,LOW
TASK-1481,S&T,MEDIUM,NORMAL,GOOD,False,0,1,7.0,0,1,32.852318854982855,LOW
TASK-1482,Traction,CRITICAL,IMMEDIATE,POOR,False,0,1,4.8,1,1,98.8485677796743,CRITICAL
TASK-1483,Traction,CRITICAL,IMMEDIATE,POOR,False,0,0,2.7,1,1,96.45279498786226,CRITICAL
TASK-1484,S&T,ROUTINE,NORMAL,GOOD,False,0,1,7.7,0,0,23.021945158014884,LOW
TASK-1485,Engineering,CRITICAL,HIGH,FAILED,False,0,2,4.0,1,1,97.5387239227808,CRITICAL
TASK-1486,Traction,HIGH,HIGH,DEGRADED,True,5,4,1.2,1,1,84.22034719165123,CRITICAL
TASK-1487,Engineering,LOW,NORMAL,FAIR,True,24,1,3.8,0,1,39.4869019308412,LOW
TASK-1488,S&T,CRITICAL,IMMEDIATE,FAILED,False,0,2,1.1,1,1,100.0,CRITICAL
TASK-1489,S&T,MEDIUM,MEDIUM,DEGRADED,False,0,0,2.2,1,0,53.79856147742084,MEDIUM
TASK-1490,Engineering,ROUTINE,MEDIUM,GOOD,False,0,2,4.3,0,1,31.09804986012059,LOW
TASK-1491,Engineering,CRITICAL,HIGH,FAILED,False,0,1,4.3,1,1,100.0,CRITICAL
TASK-1492,S&T,HIGH,MEDIUM,DEGRADED,True,6,0,6.0,1,1,63.24065807706613,MEDIUM
TASK-1493,Traction,LOW,NORMAL,FAIR,False,0,3,2.3,0,1,24.307530178538514,LOW
TASK-1494,Engineering,MEDIUM,MEDIUM,DEGRADED,True,15,0,2.0,0,0,63.27703556544148,MEDIUM
TASK-1495,Traction,ROUTINE,MEDIUM,FAIR,True,7,2,6.2,0,0,37.70985310126507,LOW
TASK-1496,Traction,LOW,NORMAL,GOOD,True,1,0,1.8,0,1,19.4425342771891,LOW
TASK-1497,Traction,HIGH,HIGH,POOR,False,0,2,4.0,1,1,91.47469113726618,CRITICAL
TASK-1498,Traction,HIGH,IMMEDIATE,FAILED,True,12,0,3.9,1,1,100.0,CRITICAL
TASK-1499,Traction,CRITICAL,IMMEDIATE,FAILED,False,0,2,2.9,1,1,100.0,CRITICAL
TASK-1500,Traction,MEDIUM,HIGH,DEGRADED,False,0,1,1.6,0,1,45.12588971689097,MEDIUM
TASK-1501,Engineering,HIGH,IMMEDIATE,POOR,True,9,0,3.8,1,0,100.0,CRITICAL
TASK-1502,S&T,MEDIUM,MEDIUM,DEGRADED,True,25,0,4.9,1,0,65.67464286414436,HIGH
TASK-1503,S&T,HIGH,IMMEDIATE,FAILED,True,7,2,1.1,1,0,100.0,CRITICAL
TASK-1504,S&T,HIGH,HIGH,POOR,True,11,3,0.8,1,0,96.77049705008835,CRITICAL
TASK-1505,S&T,HIGH,MEDIUM,DEGRADED,False,0,0,1.1,1,1,64.46848844694556,MEDIUM
TASK-1506,Engineering,HIGH,IMMEDIATE,FAILED,True,13,2,5.0,1,1,100.0,CRITICAL
TASK-1507,S&T,CRITICAL,HIGH,POOR,True,10,1,4.9,1,1,97.58424895970708,CRITICAL
TASK-1508,Traction,LOW,MEDIUM,GOOD,True,22,0,3.9,0,1,46.47713643282442,MEDIUM
TASK-1509,Traction,ROUTINE,MEDIUM,FAIR,True,9,1,2.9,0,0,36.8787673397083,LOW
TASK-1510,S&T,HIGH,IMMEDIATE,FAILED,True,13,1,1.6,1,1,100.0,CRITICAL
TASK-1511,Engineering,CRITICAL,IMMEDIATE,POOR,False,0,1,1.3,1,0,100.0,CRITICAL
TASK-1512,S&T,LOW,NORMAL,GOOD,True,20,0,4.3,0,0,43.47601450042,LOW
TASK-1513,Engineering,ROUTINE,NORMAL,GOOD,False,0,2,2.4,0,1,30.248094526483335,LOW
TASK-1514,S&T,HIGH,HIGH,POOR,False,0,1,4.4,1,0,91.55709543569861,CRITICAL
TASK-1515,Traction,LOW,MEDIUM,FAIR,True,24,1,3.2,0,0,56.75571024148897,MEDIUM
TASK-1516,S&T,CRITICAL,HIGH,POOR,False,0,0,3.6,1,1,93.85960077418338,CRITICAL
TASK-1517,S&T,HIGH,IMMEDIATE,FAILED,True,9,4,0.9,1,0,100.0,CRITICAL
TASK-1518,Traction,MEDIUM,MEDIUM,DEGRADED,True,17,1,1.0,0,1,64.18167702852989,MEDIUM
TASK-1519,Engineering,HIGH,IMMEDIATE,FAILED,False,0,0,5.6,1,0,98.54359336758965,CRITICAL
TASK-1520,S&T,HIGH,HIGH,DEGRADED,False,0,3,5.9,1,0,77.43566677061493,HIGH
TASK-1521,Traction,CRITICAL,HIGH,FAILED,True,17,3,7.0,1,1,100.0,CRITICAL
TASK-1522,S&T,ROUTINE,NORMAL,GOOD,False,0,0,4.9,0,1,17.024482806761384,LOW
TASK-1523,Engineering,MEDIUM,MEDIUM,DEGRADED,False,0,4,2.8,0,1,44.373709513731725,LOW
TASK-1524,Traction,HIGH,HIGH,POOR,True,18,1,1.5,1,1,100.0,CRITICAL
TASK-1525,Traction,ROUTINE,NORMAL,GOOD,True,16,4,2.8,0,0,53.306854824365665,MEDIUM
TASK-1526,S&T,MEDIUM,MEDIUM,DEGRADED,True,31,1,6.6,1,0,66.92620253407074,HIGH
TASK-1527,Traction,CRITICAL,HIGH,FAILED,True,38,1,1.2,1,0,100.0,CRITICAL
TASK-1528,Traction,HIGH,IMMEDIATE,POOR,False,0,2,4.3,1,1,95.28987990610591,CRITICAL
TASK-1529,Engineering,HIGH,MEDIUM,DEGRADED,True,13,4,2.8,1,1,79.77135106654633,HIGH
TASK-1530,Engineering,MEDIUM,MEDIUM,DEGRADED,True,7,2,7.6,0,1,58.48180411463482,MEDIUM
TASK-1531,S&T,ROUTINE,NORMAL,FAIR,False,0,2,2.2,0,1,30.150002863595752,LOW
TASK-1532,Engineering,ROUTINE,MEDIUM,FAIR,False,0,2,1.1,0,0,27.2954606132696,LOW
TASK-1533,Engineering,HIGH,IMMEDIATE,FAILED,True,6,2,6.3,1,1,100.0,CRITICAL
TASK-1534,Traction,HIGH,IMMEDIATE,FAILED,False,0,2,0.8,1,0,92.22276248443855,CRITICAL
TASK-1535,S&T,CRITICAL,IMMEDIATE,FAILED,True,6,0,1.5,1,1,100.0,CRITICAL
TASK-1536,S&T,LOW,NORMAL,FAIR,False,0,0,1.7,0,1,14.879857045568102,LOW
TASK-1537,Traction,HIGH,IMMEDIATE,FAILED,True,32,2,6.6,1,1,100.0,CRITICAL
TASK-1538,Engineering,CRITICAL,HIGH,POOR,True,12,1,0.8,1,0,100.0,CRITICAL
TASK-1539,S&T,ROUTINE,NORMAL,FAIR,False,0,4,7.8,0,1,28.86275095902095,LOW
TASK-1540,Traction,HIGH,HIGH,DEGRADED,False,0,1,6.1,1,1,76.4932422934245,HIGH
TASK-1541,S&T,MEDIUM,NORMAL,FAIR,True,6,3,4.5,0,1,32.33876957390157,LOW
TASK-1542,S&T,CRITICAL,HIGH,POOR,False,0,0,7.3,1,1,94.2214161404871,CRITICAL
TASK-1543,Engineering,HIGH,MEDIUM,DEGRADED,True,1,2,5.6,1,1,62.55216308003799,MEDIUM
TASK-1544,Traction,HIGH,IMMEDIATE,POOR,True,4,2,4.0,1,1,100.0,CRITICAL
TASK-1545,S&T,CRITICAL,IMMEDIATE,POOR,False,0,3,4.3,1,1,100.0,CRITICAL
TASK-1546,S&T,LOW,NORMAL,FAIR,True,2,2,6.6,0,1,23.929387174958418,LOW
TASK-1547,Traction,ROUTINE,NORMAL,FAIR,False,0,0,7.0,0,1,17.931921671851786,LOW
TASK-1548,Engineering,HIGH,HIGH,POOR,False,0,2,7.1,1,1,94.26486012250831,CRITICAL
TASK-1549,Traction,ROUTINE,NORMAL,GOOD,True,25,3,5.8,0,0,55.486443473865556,MEDIUM
TASK-1550,Traction,ROUTINE,NORMAL,GOOD,True,31,0,2.6,0,1,42.98198534558827,LOW
TASK-1551,Engineering,HIGH,MEDIUM,DEGRADED,False,0,4,3.9,1,1,68.59800131333552,HIGH
TASK-1552,Traction,LOW,NORMAL,FAIR,False,0,1,6.7,0,0,30.850838078236364,LOW
TASK-1553,Engineering,ROUTINE,NORMAL,FAIR,True,22,1,6.6,0,0,45.324635811508706,MEDIUM
TASK-1554,S&T,ROUTINE,NORMAL,GOOD,True,9,3,3.6,0,0,44.70094282396376,LOW
TASK-1555,S&T,HIGH,IMMEDIATE,FAILED,False,0,1,3.3,1,1,97.25598950940542,CRITICAL
TASK-1556,S&T,MEDIUM,NORMAL,GOOD,False,0,2,3.3,0,1,39.38950869726663,LOW
TASK-1557,Engineering,HIGH,HIGH,DEGRADED,True,2,0,7.5,1,1,71.1687915126091,HIGH
TASK-1558,Traction,MEDIUM,MEDIUM,DEGRADED,True,2,0,6.4,0,1,38.03105677810893,LOW
TASK-1559,Engineering,ROUTINE,NORMAL,GOOD,True,20,1,2.7,0,1,36.15629485753437,LOW
TASK-1560,S&T,LOW,NORMAL,FAIR,False,0,2,6.2,0,1,17.80473648736679,LOW
TASK-1561,S&T,HIGH,HIGH,POOR,True,4,1,5.1,1,1,95.25500719065668,CRITICAL
TASK-1562,Engineering,LOW,NORMAL,GOOD,False,0,0,2.4,0,0,32.20752171084734,LOW
TASK-1563,Engineering,CRITICAL,IMMEDIATE,FAILED,False,0,0,7.6,1,1,100.0,CRITICAL
TASK-1564,Traction,HIGH,IMMEDIATE,FAILED,False,0,1,3.7,1,1,95.19947023680906,CRITICAL
TASK-1565,S&T,ROUTINE,NORMAL,FAIR,False,0,2,2.8,0,0,29.972961102568654,LOW
TASK-1566,Engineering,MEDIUM,NORMAL,FAIR,True,3,4,3.6,0,0,47.02008777380657,MEDIUM
TASK-1567,Traction,HIGH,HIGH,POOR,False,0,2,1.0,1,1,78.66882534050387,HIGH
TASK-1568,S&T,HIGH,HIGH,FAILED,True,1,0,4.5,1,0,80.03246187397951,CRITICAL
TASK-1569,Traction,CRITICAL,IMMEDIATE,FAILED,True,16,1,4.8,1,0,100.0,CRITICAL
TASK-1570,Traction,MEDIUM,NORMAL,FAIR,True,28,4,2.7,0,1,61.77037966579044,MEDIUM
TASK-1571,Engineering,HIGH,HIGH,FAILED,False,0,0,3.1,1,0,87.25445687606258,CRITICAL
TASK-1572,Traction,CRITICAL,IMMEDIATE,POOR,False,0,2,1.9,1,1,100.0,CRITICAL
TASK-1573,Traction,ROUTINE,MEDIUM,GOOD,True,8,2,4.4,0,1,41.93769392206981,LOW
TASK-1574,S&T,MEDIUM,NORMAL,GOOD,True,5,2,7.7,0,1,37.39265235485175,LOW
TASK-1575,Traction,HIGH,HIGH,FAILED,True,19,1,6.4,1,0,100.0,CRITICAL
TASK-1576,Traction,HIGH,IMMEDIATE,FAILED,False,0,3,0.7,1,1,100.0,CRITICAL
TASK-1577,S&T,ROUTINE,NORMAL,GOOD,False,0,0,5.3,0,0,16.356609665271048,LOW
TASK-1578,S&T,MEDIUM,HIGH,DEGRADED,False,0,3,6.1,1,1,69.58641790579388,HIGH
TASK-1579,S&T,MEDIUM,NORMAL,GOOD,False,0,2,3.1,0,1,23.567611708144575,LOW
TASK-1580,Traction,MEDIUM,MEDIUM,GOOD,True,17,3,6.3,0,1,54.71065922045556,MEDIUM
TASK-1581,Traction,MEDIUM,HIGH,DEGRADED,True,12,1,1.5,0,0,70.75609820392808,HIGH
TASK-1582,S&T,HIGH,IMMEDIATE,FAILED,True,17,1,3.0,1,1,100.0,CRITICAL
TASK-1583,Traction,LOW,NORMAL,FAIR,True,1,3,6.7,0,1,36.532673357296666,LOW
TASK-1584,Traction,HIGH,IMMEDIATE,POOR,True,18,3,7.9,1,1,100.0,CRITICAL
TASK-1585,S&T,MEDIUM,NORMAL,FAIR,True,1,1,6.6,0,0,34.436477749116094,LOW
TASK-1586,Engineering,CRITICAL,HIGH,POOR,False,0,0,0.8,1,0,96.76101339433572,CRITICAL
TASK-1587,Engineering,LOW,MEDIUM,GOOD,False,0,1,6.4,0,1,20.420920917862464,LOW
TASK-1588,Engineering,HIGH,MEDIUM,DEGRADED,False,0,2,7.5,1,1,64.1220366976658,MEDIUM
TASK-1589,Traction,CRITICAL,HIGH,POOR,True,20,0,7.9,1,1,100.0,CRITICAL
TASK-1590,Traction,CRITICAL,HIGH,POOR,False,0,2,2.4,1,1,92.57248151514443,CRITICAL
TASK-1591,Traction,MEDIUM,NORMAL,FAIR,False,0,0,2.6,0,0,33.099045537651506,LOW
TASK-1592,Engineering,MEDIUM,MEDIUM,DEGRADED,True,7,0,2.5,0,0,48.897878425803206,MEDIUM
TASK-1593,S&T,HIGH,IMMEDIATE,POOR,False,0,0,7.2,1,1,93.70203561188619,CRITICAL
TASK-1594,Traction,HIGH,HIGH,POOR,True,21,0,7.2,1,0,100.0,CRITICAL
TASK-1595,S&T,HIGH,MEDIUM,DEGRADED,False,0,2,7.8,1,1,61.73103757417958,MEDIUM
TASK-1596,S&T,CRITICAL,IMMEDIATE,POOR,False,0,4,3.3,1,1,100.0,CRITICAL
TASK-1597,Traction,HIGH,HIGH,DEGRADED,True,4,1,6.5,1,1,75.18653987779884,HIGH
TASK-1598,Traction,HIGH,IMMEDIATE,POOR,True,15,0,1.1,1,1,100.0,CRITICAL
TASK-1599,Traction,ROUTINE,NORMAL,FAIR,False,0,1,4.6,0,1,24.35771190209103,LOW
TASK-1600,S&T,MEDIUM,NORMAL,GOOD,False,0,1,1.1,0,0,30.44006495675998,LOW
TASK-1601,Traction,MEDIUM,MEDIUM,DEGRADED,True,6,0,2.8,0,1,41.24724034145756,LOW
TASK-1602,Traction,HIGH,HIGH,POOR,True,2,0,1.7,1,1,89.51639018658032,CRITICAL
TASK-1603,S&T,MEDIUM,HIGH,DEGRADED,True,3,0,3.9,1,1,63.296674127348936,MEDIUM
TASK-1604,Traction,HIGH,HIGH,DEGRADED,False,0,1,5.1,1,1,73.06046676537088,HIGH
TASK-1605,S&T,MEDIUM,MEDIUM,DEGRADED,True,7,0,5.3,1,1,56.15968046662385,MEDIUM
TASK-1606,Engineering,LOW,NORMAL,GOOD,True,11,0,5.5,0,1,43.002634292980034,LOW
TASK-1607,S&T,MEDIUM,MEDIUM,DEGRADED,False,0,3,4.3,1,0,55.52688103675356,MEDIUM
TASK-1608,Traction,ROUTINE,NORMAL,FAIR,False,0,3,7.6,0,1,27.34647376290367,LOW
TASK-1609,Engineering,HIGH,HIGH,FAILED,True,4,1,5.6,1,1,97.30908401609412,CRITICAL
TASK-1610,S&T,ROUTINE,NORMAL,GOOD,False,0,2,1.4,0,0,22.01221117254139,LOW
TASK-1611,Engineering,MEDIUM,MEDIUM,DEGRADED,True,14,2,3.2,0,1,52.14128435368247,MEDIUM
TASK-1612,Traction,ROUTINE,NORMAL,GOOD,False,0,0,5.0,0,1,22.468274238215756,LOW
TASK-1613,Traction,HIGH,IMMEDIATE,POOR,False,0,1,7.6,1,1,91.24350389883739,CRITICAL
TASK-1614,S&T,HIGH,HIGH,POOR,False,0,1,6.2,1,1,80.67981119002799,CRITICAL
TASK-1615,Traction,ROUTINE,NORMAL,FAIR,True,4,3,4.5,0,0,40.26808634246142,LOW
TASK-1616,S&T,HIGH,MEDIUM,DEGRADED,True,19,3,5.4,1,1,82.73595757915098,CRITICAL
TASK-1617,Engineering,ROUTINE,NORMAL,GOOD,False,0,3,0.7,0,1,25.018596743060314,LOW
TASK-1618,Engineering,CRITICAL,HIGH,POOR,True,10,3,4.4,1,1,100.0,CRITICAL
TASK-1619,Traction,MEDIUM,NORMAL,GOOD,True,20,3,2.5,0,1,59.55274551148893,MEDIUM
TASK-1620,S&T,CRITICAL,HIGH,POOR,False,0,1,2.1,1,1,98.45817613380223,CRITICAL
TASK-1621,Traction,MEDIUM,MEDIUM,DEGRADED,True,15,1,5.7,0,1,52.77529280703252,MEDIUM
TASK-1622,S&T,LOW,MEDIUM,FAIR,False,0,3,1.4,0,1,18.057916838979,LOW
TASK-1623,Engineering,HIGH,HIGH,POOR,True,14,1,1.8,1,1,100.0,CRITICAL
TASK-1624,Traction,CRITICAL,IMMEDIATE,POOR,False,0,1,8.0,1,1,100.0,CRITICAL
TASK-1625,Traction,MEDIUM,MEDIUM,DEGRADED,True,5,1,5.5,0,1,50.65111087825394,MEDIUM
TASK-1626,Traction,ROUTINE,MEDIUM,GOOD,True,1,1,4.6,0,1,27.7785602868163,LOW
TASK-1627,S&T,MEDIUM,HIGH,DEGRADED,True,32,0,6.9,1,0,82.85253604177258,CRITICAL
TASK-1628,Traction,ROUTINE,NORMAL,FAIR,True,16,3,6.5,0,1,46.93208084872023,MEDIUM
TASK-1629,Traction,LOW,NORMAL,FAIR,False,0,2,1.4,0,0,20.475889145010086,LOW
TASK-1630,Engineering,ROUTINE,NORMAL,FAIR,True,1,1,2.3,0,1,24.120363628597467,LOW
TASK-1631,S&T,LOW,NORMAL,GOOD,True,47,1,3.2,0,0,36.38252983380201,LOW
TASK-1632,Traction,HIGH,MEDIUM,DEGRADED,False,0,2,4.0,1,1,59.87007910986742,MEDIUM
TASK-1633,Traction,ROUTINE,MEDIUM,FAIR,False,0,2,5.1,0,1,33.09944076990899,LOW
TASK-1634,Engineering,ROUTINE,MEDIUM,GOOD,False,0,2,2.8,0,1,27.648616194949177,LOW
TASK-1635,Traction,CRITICAL,IMMEDIATE,POOR,False,0,1,4.4,1,0,94.02181619555158,CRITICAL
TASK-1636,S&T,CRITICAL,HIGH,FAILED,False,0,1,1.1,1,1,89.97218473071857,CRITICAL
TASK-1637,S&T,ROUTINE,NORMAL,GOOD,True,17,1,3.9,0,0,40.93710686005716,LOW
TASK-1638,Traction,CRITICAL,IMMEDIATE,FAILED,False,0,1,3.1,1,1,100.0,CRITICAL
TASK-1639,Traction,HIGH,IMMEDIATE,FAILED,True,4,1,1.9,1,1,100.0,CRITICAL
TASK-1640,Engineering,CRITICAL,HIGH,POOR,False,0,2,4.3,1,1,98.78351593192829,CRITICAL
TASK-1641,Engineering,MEDIUM,NORMAL,GOOD,False,0,2,4.4,0,1,35.49823843918674,LOW
TASK-1642,S&T,ROUTINE,NORMAL,FAIR,False,0,1,1.7,0,1,23.966535250026617,LOW
TASK-1643,Traction,MEDIUM,NORMAL,FAIR,True,3,3,3.1,0,1,35.44888798944072,LOW
TASK-1644,Traction,HIGH,MEDIUM,DEGRADED,False,0,3,6.8,1,0,62.83559862557604,MEDIUM
TASK-1645,S&T,LOW,NORMAL,FAIR,True,8,0,5.3,0,1,25.379565850670566,LOW
TASK-1646,Traction,MEDIUM,MEDIUM,DEGRADED,False,0,2,1.4,0,0,37.191837381914205,LOW
TASK-1647,S&T,HIGH,HIGH,FAILED,True,1,0,4.5,1,1,86.82675298048882,CRITICAL
TASK-1648,Traction,MEDIUM,NORMAL,FAIR,False,0,4,4.9,0,1,38.80890956300629,LOW
TASK-1649,Traction,ROUTINE,NORMAL,FAIR,True,15,1,1.8,0,1,45.851252239855334,MEDIUM
TASK-1650,Traction,CRITICAL,HIGH,FAILED,False,0,2,3.0,1,1,95.10581478589782,CRITICAL
TASK-1651,Traction,MEDIUM,NORMAL,GOOD,False,0,1,6.7,0,1,38.78291692913991,LOW
TASK-1652,Engineering,ROUTINE,NORMAL,GOOD,False,0,2,0.8,0,0,31.091193914531452,LOW
TASK-1653,Traction,HIGH,HIGH,FAILED,False,0,1,2.5,1,0,86.50803508624381,CRITICAL
TASK-1654,Engineering,CRITICAL,IMMEDIATE,FAILED,True,4,2,3.6,1,1,100.0,CRITICAL
TASK-1655,Traction,LOW,NORMAL,GOOD,True,16,0,4.2,0,1,46.35946210969328,MEDIUM
TASK-1656,Traction,CRITICAL,HIGH,FAILED,True,13,4,2.7,1,1,100.0,CRITICAL
TASK-1657,S&T,HIGH,IMMEDIATE,POOR,False,0,2,2.3,1,1,95.21765102093173,CRITICAL
TASK-1658,Traction,CRITICAL,IMMEDIATE,POOR,True,7,1,2.7,1,1,100.0,CRITICAL
TASK-1659,Engineering,LOW,NORMAL,GOOD,True,17,1,1.7,0,0,41.510067766396546,LOW
TASK-1660,S&T,HIGH,IMMEDIATE,POOR,False,0,0,4.0,1,1,89.19684440237253,CRITICAL
TASK-1661,S&T,CRITICAL,HIGH,FAILED,False,0,0,1.6,1,1,96.53490536343119,CRITICAL
TASK-1662,Traction,MEDIUM,HIGH,DEGRADED,True,4,1,6.0,0,0,50.453933187004324,MEDIUM
TASK-1663,S&T,HIGH,IMMEDIATE,POOR,False,0,2,1.5,1,1,88.46029164542502,CRITICAL
TASK-1664,S&T,HIGH,IMMEDIATE,FAILED,False,0,2,4.7,1,1,100.0,CRITICAL
TASK-1665,S&T,MEDIUM,NORMAL,FAIR,True,10,2,4.0,0,0,49.912646401987196,MEDIUM
TASK-1666,S&T,CRITICAL,HIGH,POOR,False,0,1,2.4,1,1,95.02296172351252,CRITICAL
TASK-1667,Engineering,ROUTINE,NORMAL,GOOD,True,7,1,2.7,0,0,18.226866685478043,LOW
TASK-1668,S&T,HIGH,IMMEDIATE,FAILED,False,0,2,3.6,1,1,100.0,CRITICAL
TASK-1669,Engineering,HIGH,MEDIUM,DEGRADED,False,0,1,7.5,1,1,62.123817690479015,MEDIUM
TASK-1670,Traction,HIGH,HIGH,DEGRADED,True,4,1,1.9,1,0,68.98068603718818,HIGH
TASK-1671,Engineering,CRITICAL,IMMEDIATE,POOR,True,37,1,8.0,1,1,100.0,CRITICAL
TASK-1672,S&T,CRITICAL,IMMEDIATE,POOR,False,0,1,7.1,1,1,100.0,CRITICAL
TASK-1673,S&T,ROUTINE,NORMAL,GOOD,False,0,2,1.2,0,1,31.550553399652053,LOW
TASK-1674,S&T,HIGH,HIGH,FAILED,False,0,0,3.9,1,1,85.16165116397788,CRITICAL
TASK-1675,Engineering,LOW,NORMAL,FAIR,True,1,1,4.9,0,1,25.8571993324742,LOW
TASK-1676,Engineering,MEDIUM,NORMAL,GOOD,False,0,0,2.6,0,1,37.122479106234735,LOW
TASK-1677,Traction,HIGH,IMMEDIATE,POOR,True,11,2,2.6,1,1,100.0,CRITICAL
TASK-1678,Engineering,LOW,NORMAL,GOOD,False,0,1,3.7,0,1,19.381343486142892,LOW
TASK-1679,S&T,MEDIUM,MEDIUM,DEGRADED,False,0,2,6.2,1,1,43.38158491337585,LOW
TASK-1680,S&T,LOW,NORMAL,GOOD,True,3,0,3.5,0,1,21.450318527766697,LOW
TASK-1681,Traction,CRITICAL,HIGH,FAILED,False,0,0,2.0,1,0,100.0,CRITICAL
TASK-1682,Traction,HIGH,MEDIUM,DEGRADED,False,0,2,1.1,1,0,58.399082806563975,MEDIUM
TASK-1683,Traction,HIGH,HIGH,POOR,True,24,0,6.2,1,1,96.40759740120055,CRITICAL
TASK-1684,S&T,HIGH,IMMEDIATE,FAILED,False,0,4,5.6,1,1,98.5358520134096,CRITICAL
TASK-1685,Engineering,ROUTINE,NORMAL,FAIR,False,0,2,7.8,0,1,19.41929241709328,LOW
TASK-1686,S&T,MEDIUM,MEDIUM,DEGRADED,True,13,1,6.5,1,1,76.98326134383048,HIGH
TASK-1687,S&T,CRITICAL,IMMEDIATE,FAILED,True,7,1,7.5,1,1,100.0,CRITICAL
TASK-1688,Engineering,ROUTINE,NORMAL,FAIR,True,2,2,5.0,0,0,31.77661901062128,LOW
TASK-1689,S&T,CRITICAL,HIGH,FAILED,False,0,1,0.8,1,1,90.27948591908793,CRITICAL
TASK-1690,Engineering,ROUTINE,MEDIUM,FAIR,True,6,0,5.9,0,1,37.5793637234548,LOW
TASK-1691,S&T,CRITICAL,IMMEDIATE,FAILED,True,4,3,3.9,1,1,100.0,CRITICAL
TASK-1692,Traction,HIGH,IMMEDIATE,FAILED,False,0,1,1.5,1,0,92.9752028994793,CRITICAL
TASK-1693,Traction,HIGH,HIGH,DEGRADED,False,0,0,1.7,1,1,80.2103482646394,CRITICAL
TASK-1694,Traction,HIGH,HIGH,DEGRADED,False,0,0,5.0,1,0,70.98958333671038,HIGH
TASK-1695,Traction,HIGH,HIGH,FAILED,False,0,4,4.5,1,1,85.83664355130173,CRITICAL
TASK-1696,Traction,HIGH,IMMEDIATE,FAILED,False,0,1,2.7,1,1,92.17899964288378,CRITICAL
TASK-1697,Engineering,HIGH,HIGH,DEGRADED,True,19,0,3.0,1,1,96.60530869176733,CRITICAL
TASK-1698,Engineering,CRITICAL,IMMEDIATE,POOR,False,0,2,4.9,1,1,100.0,CRITICAL
TASK-1699,Traction,ROUTINE,NORMAL,GOOD,True,11,1,5.0,0,1,38.21932858520208,LOW
TASK-1700,S&T,HIGH,IMMEDIATE,FAILED,False,0,2,4.8,1,1,87.9082611997446,CRITICAL
TASK-1701,Traction,ROUTINE,NORMAL,GOOD,True,5,0,4.9,0,1,23.278379814084644,LOW
TASK-1702,Engineering,CRITICAL,IMMEDIATE,FAILED,False,0,0,5.2,1,1,93.84765990437771,CRITICAL
TASK-1703,Traction,CRITICAL,HIGH,POOR,True,17,1,1.6,1,1,100.0,CRITICAL
TASK-1704,Traction,ROUTINE,NORMAL,FAIR,False,0,1,0.7,0,0,27.89474199618334,LOW
TASK-1705,Traction,LOW,NORMAL,GOOD,False,0,0,1.9,0,0,17.512137508453932,LOW
TASK-1706,S&T,MEDIUM,HIGH,DEGRADED,True,19,1,3.6,1,1,83.44364001504918,CRITICAL
TASK-1707,S&T,ROUTINE,NORMAL,FAIR,True,11,3,3.6,0,1,49.49295502313053,MEDIUM
TASK-1708,Traction,HIGH,HIGH,POOR,True,12,2,7.0,1,0,100.0,CRITICAL
TASK-1709,Traction,MEDIUM,NORMAL,GOOD,True,19,2,5.8,0,1,56.72110176170173,MEDIUM
TASK-1710,Traction,MEDIUM,NORMAL,FAIR,False,0,1,4.7,0,1,37.269457761479416,LOW
TASK-1711,Traction,HIGH,IMMEDIATE,POOR,False,0,2,4.4,1,0,90.7306004317395,CRITICAL
TASK-1712,S&T,LOW,NORMAL,FAIR,False,0,0,3.9,0,1,23.377549988398926,LOW
TASK-1713,Traction,MEDIUM,HIGH,DEGRADED,False,0,2,4.6,0,0,39.7029333702687,LOW
TASK-1714,Traction,MEDIUM,MEDIUM,DEGRADED,True,4,2,5.1,0,1,44.062815123445695,LOW
TASK-1715,Engineering,MEDIUM,NORMAL,FAIR,False,0,2,2.6,0,0,36.44541939075371,LOW
TASK-1716,S&T,ROUTINE,NORMAL,FAIR,True,20,0,7.6,0,0,38.2291062223215,LOW
TASK-1717,S&T,HIGH,MEDIUM,DEGRADED,True,20,3,5.8,1,0,79.69394074073846,HIGH
TASK-1718,Traction,HIGH,HIGH,POOR,True,2,2,2.9,1,1,91.72605767305741,CRITICAL
TASK-1719,S&T,CRITICAL,IMMEDIATE,FAILED,True,11,0,7.5,1,1,100.0,CRITICAL
TASK-1720,Traction,HIGH,MEDIUM,DEGRADED,False,0,1,2.7,1,1,71.72597537138466,HIGH
TASK-1721,Traction,CRITICAL,IMMEDIATE,FAILED,True,1,1,3.3,1,0,100.0,CRITICAL
TASK-1722,S&T,MEDIUM,HIGH,DEGRADED,True,20,1,7.7,1,0,86.196745571158,CRITICAL
TASK-1723,Engineering,MEDIUM,MEDIUM,DEGRADED,True,4,1,0.8,0,1,41.475388938213364,LOW
TASK-1724,Traction,LOW,NORMAL,GOOD,True,11,1,3.1,0,0,35.646797848999434,LOW
TASK-1725,S&T,HIGH,HIGH,DEGRADED,False,0,1,6.1,1,1,76.29344255732813,HIGH
TASK-1726,Engineering,MEDIUM,NORMAL,FAIR,False,0,1,6.7,0,1,30.50409113786283,LOW
TASK-1727,S&T,HIGH,HIGH,FAILED,False,0,1,5.7,1,1,87.52113969564203,CRITICAL
TASK-1728,Engineering,MEDIUM,NORMAL,GOOD,True,3,3,5.1,0,1,35.577329747590156,LOW
TASK-1729,Traction,LOW,NORMAL,FAIR,True,20,0,2.3,0,1,33.10598347707387,LOW
TASK-1730,Traction,CRITICAL,IMMEDIATE,FAILED,True,20,2,2.2,1,1,100.0,CRITICAL
TASK-1731,Engineering,ROUTINE,NORMAL,GOOD,False,0,0,1.3,0,0,29.158111423291935,LOW
TASK-1732,S&T,HIGH,IMMEDIATE,POOR,False,0,2,1.3,1,0,90.65098320962069,CRITICAL
TASK-1733,Engineering,MEDIUM,MEDIUM,GOOD,False,0,1,7.7,0,0,42.182577917522174,LOW
TASK-1734,Engineering,HIGH,IMMEDIATE,POOR,True,17,0,5.4,1,1,95.8124677930131,CRITICAL
TASK-1735,S&T,CRITICAL,HIGH,POOR,False,0,2,5.4,1,0,97.8589808861783,CRITICAL
TASK-1736,S&T,HIGH,HIGH,DEGRADED,False,0,3,2.6,1,0,73.30347492768365,HIGH
TASK-1737,Engineering,LOW,NORMAL,GOOD,False,0,3,5.4,0,1,26.890870423847176,LOW
TASK-1738,Engineering,CRITICAL,IMMEDIATE,FAILED,False,0,1,6.0,1,1,100.0,CRITICAL
TASK-1739,Engineering,ROUTINE,MEDIUM,FAIR,True,33,1,3.6,0,1,49.783679194179676,MEDIUM
TASK-1740,Engineering,ROUTINE,NORMAL,GOOD,True,22,0,8.0,0,0,38.583909805273834,LOW
TASK-1741,S&T,CRITICAL,IMMEDIATE,POOR,False,0,1,1.9,1,1,100.0,CRITICAL
TASK-1742,Traction,HIGH,MEDIUM,DEGRADED,False,0,1,7.1,1,1,63.01472025155056,MEDIUM
TASK-1743,Engineering,MEDIUM,HIGH,DEGRADED,True,10,2,4.8,0,1,69.52916533147356,HIGH
TASK-1744,Engineering,MEDIUM,HIGH,DEGRADED,True,22,1,2.6,0,0,63.50252389916179,MEDIUM
TASK-1745,Traction,HIGH,HIGH,FAILED,False,0,0,4.4,1,1,78.76353677484923,HIGH
TASK-1746,Engineering,CRITICAL,HIGH,FAILED,True,6,1,4.0,1,1,100.0,CRITICAL
TASK-1747,Engineering,ROUTINE,NORMAL,GOOD,True,9,2,3.0,0,1,40.389892618197784,LOW
TASK-1748,Traction,CRITICAL,IMMEDIATE,POOR,False,0,2,5.4,1,1,100.0,CRITICAL
TASK-1749,Traction,ROUTINE,NORMAL,FAIR,True,35,1,0.6,0,1,47.921283225980865,MEDIUM
TASK-1750,S&T,MEDIUM,MEDIUM,DEGRADED,False,0,3,4.8,1,1,54.63249509100017,MEDIUM
TASK-1751,Engineering,ROUTINE,NORMAL,FAIR,True,3,2,5.1,0,0,26.057619599448202,LOW
TASK-1752,Traction,CRITICAL,HIGH,POOR,True,4,0,6.7,1,1,100.0,CRITICAL
TASK-1753,Traction,MEDIUM,MEDIUM,DEGRADED,False,0,4,1.2,0,1,46.50747390962357,MEDIUM
TASK-1754,Traction,ROUTINE,NORMAL,GOOD,False,0,3,1.9,0,0,26.489066465466536,LOW
TASK-1755,Engineering,HIGH,IMMEDIATE,POOR,True,5,0,2.9,1,1,94.19569618886572,CRITICAL
TASK-1756,Engineering,ROUTINE,NORMAL,GOOD,True,9,1,2.5,0,1,29.176163584072405,LOW
TASK-1757,Engineering,HIGH,IMMEDIATE,POOR,False,0,1,6.2,1,1,93.24774094799038,CRITICAL
TASK-1758,S&T,HIGH,MEDIUM,DEGRADED,True,20,4,4.9,1,1,88.13276676899734,CRITICAL
TASK-1759,Traction,ROUTINE,NORMAL,GOOD,True,18,2,2.5,0,1,43.83117609301173,LOW
TASK-1760,S&T,LOW,NORMAL,FAIR,False,0,1,1.0,0,0,29.273282394146108,LOW
TASK-1761,Engineering,CRITICAL,HIGH,POOR,False,0,1,2.8,1,1,85.67996916026318,CRITICAL
TASK-1762,S&T,CRITICAL,IMMEDIATE,FAILED,False,0,2,7.4,1,0,98.78031652673702,CRITICAL
TASK-1763,Traction,MEDIUM,HIGH,DEGRADED,True,9,0,5.7,0,1,53.84847151072778,MEDIUM
TASK-1764,Traction,HIGH,MEDIUM,DEGRADED,False,0,1,3.3,1,1,63.50028412755645,MEDIUM
TASK-1765,Engineering,ROUTINE,MEDIUM,FAIR,True,19,2,7.7,0,0,44.627821758300406,LOW
TASK-1766,S&T,ROUTINE,NORMAL,FAIR,False,0,2,3.9,0,1,25.206201242033647,LOW
TASK-1767,Traction,HIGH,HIGH,DEGRADED,True,13,0,3.6,1,0,83.56831786445073,CRITICAL
TASK-1768,Traction,HIGH,IMMEDIATE,POOR,True,8,1,6.2,1,0,100.0,CRITICAL
TASK-1769,Traction,ROUTINE,NORMAL,FAIR,True,3,0,6.2,0,0,32.50649165888794,LOW
TASK-1770,Traction,HIGH,HIGH,FAILED,True,2,2,7.0,1,0,94.94559089386328,CRITICAL
TASK-1771,Engineering,CRITICAL,IMMEDIATE,FAILED,False,0,3,3.9,1,1,100.0,CRITICAL
TASK-1772,Traction,MEDIUM,MEDIUM,DEGRADED,True,13,0,1.1,0,1,59.2440654823581,MEDIUM
TASK-1773,Traction,ROUTINE,NORMAL,GOOD,False,0,1,1.0,0,1,15.247220178285083,LOW
TASK-1774,Traction,CRITICAL,HIGH,FAILED,False,0,3,2.0,1,0,100.0,CRITICAL
TASK-1775,Traction,ROUTINE,NORMAL,FAIR,False,0,0,1.7,0,1,22.16108345379627,LOW
TASK-1776,Traction,HIGH,IMMEDIATE,POOR,False,0,0,1.4,1,0,94.83913012012601,CRITICAL
TASK-1777,Engineering,CRITICAL,IMMEDIATE,FAILED,False,0,1,4.2,1,0,100.0,CRITICAL
TASK-1778,Traction,HIGH,IMMEDIATE,POOR,True,11,1,6.6,1,1,100.0,CRITICAL
TASK-1779,S&T,ROUTINE,NORMAL,FAIR,False,0,1,4.3,0,1,21.379893063050016,LOW
TASK-1780,S&T,HIGH,IMMEDIATE,FAILED,False,0,1,0.9,1,0,98.88941633791617,CRITICAL
TASK-1781,S&T,HIGH,HIGH,DEGRADED,False,0,0,5.9,1,1,64.23253787007609,MEDIUM
TASK-1782,S&T,MEDIUM,HIGH,DEGRADED,False,0,3,6.6,1,1,72.62638045218519,HIGH
TASK-1783,Traction,MEDIUM,NORMAL,FAIR,True,13,2,4.8,0,1,55.32954668957414,MEDIUM
TASK-1784,Engineering,CRITICAL,IMMEDIATE,POOR,False,0,2,3.1,1,1,100.0,CRITICAL
TASK-1785,Engineering,HIGH,HIGH,FAILED,False,0,3,8.0,1,0,89.76557301715654,CRITICAL
TASK-1786,Engineering,HIGH,IMMEDIATE,POOR,False,0,1,0.7,1,1,98.14995184219342,CRITICAL
TASK-1787,S&T,LOW,NORMAL,FAIR,True,33,1,6.3,0,1,47.99668390464125,MEDIUM
TASK-1788,Traction,CRITICAL,HIGH,POOR,True,3,2,3.3,1,1,100.0,CRITICAL
TASK-1789,S&T,CRITICAL,HIGH,POOR,False,0,0,7.0,1,1,92.51545184311874,CRITICAL
TASK-1790,S&T,CRITICAL,HIGH,POOR,False,0,2,1.1,1,1,92.82144377571666,CRITICAL
TASK-1791,Traction,CRITICAL,IMMEDIATE,FAILED,False,0,1,1.5,1,1,96.57051061133332,CRITICAL
TASK-1792,S&T,MEDIUM,NORMAL,GOOD,True,30,1,1.8,0,1,53.451232828335165,MEDIUM
TASK-1793,Traction,CRITICAL,IMMEDIATE,POOR,False,0,2,4.5,1,1,100.0,CRITICAL
TASK-1794,Traction,ROUTINE,NORMAL,FAIR,False,0,1,6.8,0,0,24.833858630920897,LOW
TASK-1795,Engineering,HIGH,MEDIUM,DEGRADED,False,0,1,4.0,1,0,62.27631297939509,MEDIUM
TASK-1796,Traction,CRITICAL,HIGH,FAILED,True,10,3,3.7,1,0,100.0,CRITICAL
TASK-1797,S&T,MEDIUM,NORMAL,FAIR,False,0,4,2.4,0,1,38.109328710911115,LOW
TASK-1798,S&T,LOW,NORMAL,FAIR,False,0,1,2.6,0,1,20.948390022480726,LOW
TASK-1799,Traction,ROUTINE,NORMAL,GOOD,True,19,2,0.7,0,1,44.07254499631327,LOW
TASK-1800,Traction,HIGH,HIGH,POOR,True,10,4,5.1,1,0,100.0,CRITICAL
TASK-1801,Engineering,ROUTINE,NORMAL,FAIR,True,24,1,2.0,0,0,43.915840948794504,LOW
TASK-1802,Engineering,CRITICAL,IMMEDIATE,FAILED,False,0,1,0.8,1,1,97.99248501745961,CRITICAL
TASK-1803,Traction,LOW,MEDIUM,GOOD,True,5,0,2.3,0,1,31.143425109658512,LOW
TASK-1804,Engineering,HIGH,HIGH,POOR,True,10,0,3.8,1,1,95.09729127759442,CRITICAL
TASK-1805,Traction,MEDIUM,NORMAL,FAIR,False,0,3,6.2,0,1,29.294676433492157,LOW
TASK-1806,Engineering,ROUTINE,NORMAL,FAIR,False,0,0,4.3,0,1,11.87109200962408,LOW
TASK-1807,S&T,LOW,NORMAL,FAIR,True,23,4,6.6,0,1,51.25637522059344,MEDIUM
TASK-1808,Traction,HIGH,HIGH,FAILED,False,0,0,2.9,1,1,86.10746653566416,CRITICAL
TASK-1809,Traction,MEDIUM,MEDIUM,DEGRADED,True,7,1,2.3,0,1,47.705625343209384,MEDIUM
TASK-1810,Engineering,CRITICAL,IMMEDIATE,FAILED,False,0,1,2.2,1,1,100.0,CRITICAL
TASK-1811,S&T,MEDIUM,MEDIUM,DEGRADED,False,0,2,1.0,1,1,49.84891640553864,MEDIUM
TASK-1812,Traction,ROUTINE,NORMAL,FAIR,True,10,5,5.2,0,0,50.95373058012623,MEDIUM
TASK-1813,S&T,CRITICAL,HIGH,FAILED,False,0,1,4.2,1,0,100.0,CRITICAL
TASK-1814,S&T,CRITICAL,IMMEDIATE,POOR,False,0,2,6.4,1,1,94.50738484967714,CRITICAL
TASK-1815,S&T,HIGH,IMMEDIATE,POOR,False,0,0,3.6,1,0,85.31441477380633,CRITICAL
TASK-1816,S&T,CRITICAL,HIGH,POOR,False,0,0,1.9,1,0,85.85246220558992,CRITICAL
TASK-1817,Traction,CRITICAL,IMMEDIATE,POOR,False,0,4,2.3,1,1,100.0,CRITICAL
TASK-1818,Engineering,HIGH,HIGH,DEGRADED,False,0,0,6.9,1,1,67.20956824931663,HIGH
TASK-1819,Engineering,HIGH,HIGH,POOR,False,0,4,7.4,1,0,93.29011194057907,CRITICAL
TASK-1820,Traction,HIGH,IMMEDIATE,POOR,False,0,1,7.8,1,1,96.94974519984271,CRITICAL
TASK-1821,Traction,CRITICAL,HIGH,FAILED,False,0,2,1.5,1,1,98.94566431482514,CRITICAL
TASK-1822,Engineering,MEDIUM,MEDIUM,DEGRADED,False,0,2,2.0,0,0,39.0801264114758,LOW
TASK-1823,Traction,LOW,MEDIUM,GOOD,False,0,0,7.4,0,1,19.35968722596153,LOW
TASK-1824,S&T,ROUTINE,NORMAL,GOOD,True,8,1,4.5,0,1,43.00715049633244,LOW
TASK-1825,Engineering,ROUTINE,NORMAL,GOOD,True,6,1,2.5,0,1,32.13252676057644,LOW
TASK-1826,Traction,CRITICAL,IMMEDIATE,FAILED,False,0,2,5.0,1,0,100.0,CRITICAL
TASK-1827,Engineering,ROUTINE,NORMAL,FAIR,False,0,3,6.5,0,0,23.856727365417335,LOW
TASK-1828,Traction,HIGH,IMMEDIATE,FAILED,True,15,1,2.1,1,1,100.0,CRITICAL
TASK-1829,Engineering,MEDIUM,MEDIUM,DEGRADED,True,1,3,2.8,0,0,37.10743629317702,LOW
TASK-1830,Engineering,ROUTINE,NORMAL,FAIR,False,0,1,7.5,0,1,25.21186295820784,LOW
TASK-1831,Traction,ROUTINE,NORMAL,GOOD,True,44,1,6.1,0,1,36.633359838885525,LOW
TASK-1832,S&T,LOW,NORMAL,FAIR,False,0,0,5.7,0,1,28.335063526785355,LOW
TASK-1833,Traction,LOW,NORMAL,FAIR,True,10,1,3.5,0,1,35.65323947636621,LOW
TASK-1834,Engineering,CRITICAL,IMMEDIATE,FAILED,True,14,1,2.9,1,1,100.0,CRITICAL
TASK-1835,S&T,CRITICAL,IMMEDIATE,POOR,False,0,0,4.0,1,0,100.0,CRITICAL
TASK-1836,Traction,MEDIUM,MEDIUM,DEGRADED,False,0,1,2.8,0,1,34.995630218725125,LOW
TASK-1837,S&T,HIGH,IMMEDIATE,FAILED,True,4,2,7.1,1,0,100.0,CRITICAL
TASK-1838,S&T,ROUTINE,MEDIUM,GOOD,False,0,2,6.5,0,0,32.62068279657249,LOW
TASK-1839,Traction,CRITICAL,HIGH,POOR,False,0,1,6.2,1,1,85.68615112150718,CRITICAL
TASK-1840,S&T,ROUTINE,NORMAL,FAIR,True,4,2,3.3,0,1,36.78670233373087,LOW
TASK-1841,S&T,ROUTINE,NORMAL,GOOD,False,0,1,4.7,0,1,28.963274441420257,LOW
TASK-1842,Engineering,MEDIUM,NORMAL,FAIR,True,10,0,0.6,0,0,46.3939990619273,MEDIUM
TASK-1843,Traction,CRITICAL,IMMEDIATE,FAILED,False,0,0,4.8,1,1,100.0,CRITICAL
TASK-1844,S&T,MEDIUM,MEDIUM,DEGRADED,False,0,1,1.6,1,1,58.168621391680965,MEDIUM
TASK-1845,S&T,ROUTINE,MEDIUM,FAIR,False,0,1,3.3,0,1,33.85737391070461,LOW
TASK-1846,Engineering,HIGH,IMMEDIATE,POOR,True,16,3,4.6,1,1,100.0,CRITICAL
TASK-1847,Traction,MEDIUM,MEDIUM,DEGRADED,False,0,0,2.4,0,0,37.68487848471871,LOW
TASK-1848,S&T,CRITICAL,IMMEDIATE,POOR,False,0,0,4.0,1,0,95.11876774272733,CRITICAL
TASK-1849,Traction,MEDIUM,HIGH,DEGRADED,True,6,1,1.8,0,1,54.47264985376066,MEDIUM
TASK-1850,Traction,CRITICAL,HIGH,FAILED,False,0,3,4.2,1,1,98.19331001778897,CRITICAL
TASK-1851,Traction,ROUTINE,NORMAL,GOOD,True,17,6,4.4,0,1,45.437461128029824,MEDIUM
TASK-1852,Engineering,ROUTINE,NORMAL,GOOD,False,0,1,6.2,0,0,20.536846898348973,LOW
TASK-1853,S&T,ROUTINE,NORMAL,FAIR,True,20,2,6.8,0,1,42.481869635509995,LOW
TASK-1854,Engineering,LOW,NORMAL,GOOD,False,0,1,5.8,0,1,21.66064309150259,LOW
TASK-1855,Engineering,LOW,NORMAL,FAIR,True,6,1,4.3,0,1,31.09540813889884,LOW
TASK-1856,S&T,ROUTINE,NORMAL,GOOD,False,0,1,5.1,0,1,30.422624173017258,LOW
TASK-1857,Traction,CRITICAL,IMMEDIATE,FAILED,False,0,1,7.3,1,1,100.0,CRITICAL
TASK-1858,Traction,CRITICAL,HIGH,POOR,False,0,1,0.6,1,0,81.11016133902656,CRITICAL
TASK-1859,Traction,CRITICAL,IMMEDIATE,FAILED,True,16,2,3.6,1,0,100.0,CRITICAL
TASK-1860,Engineering,CRITICAL,IMMEDIATE,FAILED,False,0,1,5.9,1,0,100.0,CRITICAL
TASK-1861,Traction,MEDIUM,HIGH,DEGRADED,False,0,1,0.6,0,1,47.031365780922094,MEDIUM
TASK-1862,Traction,CRITICAL,HIGH,POOR,True,8,1,6.5,1,0,100.0,CRITICAL
TASK-1863,Engineering,ROUTINE,NORMAL,GOOD,False,0,0,7.4,0,1,14.104458928185759,LOW
TASK-1864,Traction,ROUTINE,MEDIUM,FAIR,False,0,3,2.3,0,1,34.27946068893792,LOW
TASK-1865,Traction,CRITICAL,HIGH,FAILED,False,0,0,2.4,1,0,98.96674661843029,CRITICAL
TASK-1866,S&T,HIGH,HIGH,DEGRADED,False,0,1,6.5,1,0,69.37270792896553,HIGH
TASK-1867,Engineering,MEDIUM,MEDIUM,DEGRADED,True,11,3,7.7,0,0,56.390558643538654,MEDIUM
TASK-1868,S&T,CRITICAL,IMMEDIATE,FAILED,False,0,3,2.3,1,0,100.0,CRITICAL
TASK-1869,Traction,ROUTINE,NORMAL,FAIR,False,0,2,2.7,0,1,27.298249990411854,LOW
TASK-1870,Engineering,MEDIUM,MEDIUM,GOOD,False,0,2,1.2,0,0,39.62376049831967,LOW
TASK-1871,S&T,CRITICAL,HIGH,POOR,False,0,1,4.6,1,1,100.0,CRITICAL
TASK-1872,Engineering,ROUTINE,NORMAL,GOOD,True,17,2,5.8,0,1,49.18078630569252,MEDIUM
TASK-1873,Engineering,CRITICAL,HIGH,POOR,True,21,1,6.8,1,1,100.0,CRITICAL
TASK-1874,Traction,MEDIUM,MEDIUM,DEGRADED,False,0,3,4.7,0,0,48.99735470056895,MEDIUM
TASK-1875,Engineering,CRITICAL,IMMEDIATE,FAILED,True,4,1,7.4,1,1,100.0,CRITICAL
TASK-1876,Engineering,ROUTINE,NORMAL,FAIR,False,0,4,7.3,0,1,27.291212229862307,LOW
TASK-1877,Traction,HIGH,HIGH,FAILED,True,7,1,4.1,1,1,100.0,CRITICAL
TASK-1878,Engineering,ROUTINE,NORMAL,GOOD,False,0,2,5.6,0,1,20.09363750152803,LOW
TASK-1879,S&T,CRITICAL,HIGH,FAILED,False,0,5,4.7,1,1,100.0,CRITICAL
TASK-1880,Engineering,ROUTINE,MEDIUM,FAIR,False,0,1,7.5,0,1,25.23157120216497,LOW
TASK-1881,S&T,LOW,NORMAL,GOOD,False,0,2,7.7,0,1,27.647596754931012,LOW
TASK-1882,Traction,ROUTINE,NORMAL,FAIR,True,21,0,6.1,0,0,36.302927841986545,LOW
TASK-1883,Traction,CRITICAL,IMMEDIATE,POOR,True,11,2,7.5,1,1,100.0,CRITICAL
TASK-1884,S&T,ROUTINE,MEDIUM,FAIR,True,30,1,4.7,0,1,48.152685639141524,MEDIUM
TASK-1885,Traction,HIGH,HIGH,POOR,False,0,1,5.6,1,1,80.12732924624875,CRITICAL
TASK-1886,Traction,MEDIUM,MEDIUM,DEGRADED,True,4,3,3.4,0,1,40.62807432765541,LOW
TASK-1887,Traction,ROUTINE,NORMAL,FAIR,True,17,1,6.4,0,0,49.70161989909943,MEDIUM
TASK-1888,Traction,MEDIUM,NORMAL,GOOD,False,0,2,4.3,0,0,29.577535906696504,LOW
TASK-1889,S&T,MEDIUM,NORMAL,GOOD,False,0,0,1.2,0,0,33.43437611601447,LOW
TASK-1890,Engineering,ROUTINE,MEDIUM,GOOD,True,24,2,3.1,0,1,45.90913418826368,MEDIUM
TASK-1891,Traction,CRITICAL,IMMEDIATE,FAILED,True,2,2,3.5,1,1,100.0,CRITICAL
TASK-1892,S&T,MEDIUM,NORMAL,GOOD,False,0,1,5.3,0,1,31.83724888456143,LOW
TASK-1893,S&T,HIGH,HIGH,POOR,False,0,3,2.2,1,1,88.3832552040028,CRITICAL
TASK-1894,Traction,HIGH,IMMEDIATE,POOR,True,5,2,3.7,1,1,99.1496425020565,CRITICAL
TASK-1895,Traction,HIGH,HIGH,FAILED,True,20,0,5.5,1,1,100.0,CRITICAL
TASK-1896,Engineering,CRITICAL,HIGH,FAILED,True,1,1,2.7,1,1,100.0,CRITICAL
TASK-1897,Engineering,LOW,NORMAL,GOOD,True,21,1,1.1,0,1,46.693200113394724,MEDIUM
TASK-1898,Engineering,CRITICAL,HIGH,POOR,False,0,3,5.8,1,1,87.90221985616297,CRITICAL
TASK-1899,Traction,MEDIUM,NORMAL,FAIR,False,0,1,6.0,0,1,24.607265315006003,LOW
TASK-1900,S&T,HIGH,MEDIUM,DEGRADED,True,2,1,1.3,1,1,68.72723641028466,HIGH
TASK-1901,Engineering,MEDIUM,MEDIUM,DEGRADED,False,0,2,3.8,0,1,39.100532334345495,LOW
TASK-1902,S&T,MEDIUM,MEDIUM,GOOD,False,0,1,1.5,0,1,35.29089089876932,LOW
TASK-1903,Engineering,HIGH,HIGH,POOR,False,0,2,3.9,1,0,77.14177678023059,HIGH
TASK-1904,Traction,CRITICAL,HIGH,FAILED,True,17,4,3.6,1,0,100.0,CRITICAL
TASK-1905,Engineering,ROUTINE,MEDIUM,GOOD,False,0,1,3.2,0,1,26.87326362624788,LOW
TASK-1906,Engineering,HIGH,HIGH,FAILED,True,14,3,5.0,1,0,100.0,CRITICAL
TASK-1907,S&T,CRITICAL,HIGH,POOR,True,1,1,0.6,1,1,91.77166812661999,CRITICAL
TASK-1908,S&T,CRITICAL,IMMEDIATE,POOR,True,6,1,6.3,1,0,100.0,CRITICAL
TASK-1909,Traction,HIGH,IMMEDIATE,FAILED,False,0,0,7.3,1,1,93.15044765271426,CRITICAL
TASK-1910,Engineering,HIGH,IMMEDIATE,FAILED,False,0,1,4.4,1,1,84.97465225044895,CRITICAL
TASK-1911,Traction,CRITICAL,HIGH,POOR,True,15,1,1.8,1,1,100.0,CRITICAL
TASK-1912,S&T,HIGH,MEDIUM,DEGRADED,False,0,2,2.5,1,1,66.61255035105256,HIGH
TASK-1913,Engineering,MEDIUM,NORMAL,GOOD,False,0,1,1.8,0,1,31.867581858555855,LOW
TASK-1914,S&T,HIGH,IMMEDIATE,POOR,False,0,2,2.7,1,1,88.78864205976376,CRITICAL
TASK-1915,Engineering,HIGH,MEDIUM,DEGRADED,False,0,1,2.4,1,0,64.58322222967983,MEDIUM
TASK-1916,Engineering,CRITICAL,HIGH,POOR,False,0,2,5.0,1,1,100.0,CRITICAL
TASK-1917,Engineering,CRITICAL,HIGH,POOR,False,0,1,1.3,1,1,88.91683220072272,CRITICAL
TASK-1918,S&T,ROUTINE,MEDIUM,GOOD,False,0,1,7.6,0,0,30.48987015065049,LOW
TASK-1919,S&T,HIGH,IMMEDIATE,FAILED,True,10,2,3.3,1,1,100.0,CRITICAL
TASK-1920,S&T,HIGH,HIGH,POOR,True,27,2,3.0,1,1,100.0,CRITICAL
TASK-1921,Traction,CRITICAL,HIGH,FAILED,True,5,2,1.5,1,1,100.0,CRITICAL
TASK-1922,S&T,HIGH,HIGH,FAILED,False,0,3,7.6,1,1,92.6428492483866,CRITICAL
TASK-1923,Engineering,HIGH,HIGH,POOR,False,0,1,2.9,1,1,85.42081604304477,CRITICAL
TASK-1924,S&T,MEDIUM,HIGH,DEGRADED,True,27,1,2.7,1,1,84.99199003810209,CRITICAL
TASK-1925,Traction,HIGH,HIGH,POOR,False,0,2,7.8,1,0,84.1718765451323,CRITICAL
TASK-1926,Engineering,MEDIUM,HIGH,DEGRADED,False,0,0,3.3,0,1,49.102767514439485,MEDIUM
TASK-1927,S&T,MEDIUM,MEDIUM,DEGRADED,False,0,2,1.4,1,1,51.043609953151474,MEDIUM
TASK-1928,Traction,ROUTINE,NORMAL,FAIR,True,10,2,4.9,0,0,36.27406877636839,LOW
TASK-1929,Traction,ROUTINE,NORMAL,FAIR,True,9,1,5.6,0,1,30.60705805005673,LOW
TASK-1930,Traction,ROUTINE,NORMAL,GOOD,True,16,1,7.6,0,1,35.707925847175396,LOW
TASK-1931,S&T,ROUTINE,NORMAL,FAIR,False,0,1,3.8,0,1,18.511405480508778,LOW
TASK-1932,S&T,ROUTINE,NORMAL,GOOD,False,0,2,6.6,0,1,30.138999939258426,LOW
TASK-1933,S&T,HIGH,IMMEDIATE,POOR,False,0,4,1.5,1,0,95.76400303465009,CRITICAL
TASK-1934,S&T,ROUTINE,NORMAL,FAIR,True,10,1,2.4,0,1,35.85632486870624,LOW
TASK-1935,Engineering,CRITICAL,IMMEDIATE,POOR,False,0,1,6.4,1,1,100.0,CRITICAL
TASK-1936,Engineering,CRITICAL,HIGH,POOR,True,31,0,7.9,1,1,100.0,CRITICAL
TASK-1937,S&T,CRITICAL,HIGH,FAILED,False,0,1,3.5,1,1,91.510057162901,CRITICAL
TASK-1938,Traction,CRITICAL,IMMEDIATE,POOR,True,18,0,4.6,1,1,100.0,CRITICAL
TASK-1939,S&T,HIGH,IMMEDIATE,FAILED,True,9,2,5.0,1,0,100.0,CRITICAL
TASK-1940,Engineering,LOW,MEDIUM,GOOD,False,0,4,6.3,0,0,28.69635418302331,LOW
TASK-1941,Traction,HIGH,HIGH,DEGRADED,False,0,1,1.7,1,1,68.01967931139683,HIGH
TASK-1942,Traction,LOW,NORMAL,GOOD,False,0,2,4.7,0,1,30.61083573110563,LOW
TASK-1943,Traction,HIGH,HIGH,POOR,False,0,4,7.8,1,1,85.98122316410486,CRITICAL
TASK-1944,S&T,HIGH,HIGH,POOR,True,2,1,1.3,1,0,81.75849836327808,CRITICAL
TASK-1945,Engineering,HIGH,MEDIUM,DEGRADED,True,7,3,2.2,1,1,80.79069535467008,CRITICAL
TASK-1946,Traction,CRITICAL,HIGH,FAILED,True,48,3,4.7,1,1,100.0,CRITICAL
TASK-1947,Traction,CRITICAL,IMMEDIATE,FAILED,True,10,0,2.2,1,1,100.0,CRITICAL
TASK-1948,S&T,HIGH,HIGH,POOR,True,24,3,4.0,1,0,100.0,CRITICAL
TASK-1949,Traction,HIGH,IMMEDIATE,FAILED,False,0,2,5.7,1,0,100.0,CRITICAL
TASK-1950,Engineering,HIGH,HIGH,DEGRADED,True,14,0,8.0,1,1,83.88430592795288,CRITICAL
TASK-1951,S&T,MEDIUM,NORMAL,GOOD,False,0,1,2.7,0,0,34.79668662263836,LOW
TASK-1952,Engineering,ROUTINE,NORMAL,GOOD,False,0,1,6.7,0,1,26.185772431656922,LOW
TASK-1953,Traction,LOW,MEDIUM,FAIR,True,16,1,3.1,0,1,46.05644200130083,MEDIUM
TASK-1954,S&T,CRITICAL,IMMEDIATE,POOR,False,0,3,6.4,1,1,100.0,CRITICAL
TASK-1955,Traction,CRITICAL,IMMEDIATE,POOR,False,0,1,3.1,1,0,100.0,CRITICAL
TASK-1956,Engineering,CRITICAL,HIGH,POOR,False,0,0,5.9,1,1,87.8758432623718,CRITICAL
TASK-1957,S&T,MEDIUM,MEDIUM,DEGRADED,True,12,0,1.0,1,0,59.52513280741694,MEDIUM
TASK-1958,Engineering,ROUTINE,MEDIUM,GOOD,True,12,3,0.7,0,0,53.08653101869163,MEDIUM
TASK-1959,S&T,LOW,NORMAL,GOOD,False,0,1,5.6,0,1,22.028179151484263,LOW
TASK-1960,Engineering,MEDIUM,NORMAL,FAIR,True,5,3,4.4,0,1,51.00137304500494,MEDIUM
TASK-1961,Traction,MEDIUM,NORMAL,FAIR,True,34,1,3.0,0,1,55.01739020833992,MEDIUM
TASK-1962,S&T,CRITICAL,HIGH,POOR,True,13,0,2.2,1,1,100.0,CRITICAL
TASK-1963,S&T,ROUTINE,NORMAL,FAIR,True,2,2,1.9,0,0,29.263781760383473,LOW
TASK-1964,Traction,CRITICAL,IMMEDIATE,POOR,False,0,0,3.5,1,0,100.0,CRITICAL
TASK-1965,Traction,CRITICAL,IMMEDIATE,FAILED,True,18,0,7.1,1,1,100.0,CRITICAL
TASK-1966,S&T,HIGH,HIGH,FAILED,True,3,2,3.7,1,1,93.29833044892978,CRITICAL
TASK-1967,Engineering,MEDIUM,NORMAL,FAIR,False,0,3,2.0,0,0,31.644034849961848,LOW
TASK-1968,Traction,MEDIUM,NORMAL,GOOD,True,10,0,4.8,0,1,46.1399558185453,MEDIUM
TASK-1969,Traction,ROUTINE,NORMAL,FAIR,True,7,1,3.2,0,1,28.868203460114263,LOW
TASK-1970,Engineering,HIGH,IMMEDIATE,POOR,True,15,0,1.4,1,1,100.0,CRITICAL
TASK-1971,Traction,HIGH,HIGH,POOR,True,12,2,4.5,1,0,97.81509822780207,CRITICAL
TASK-1972,Traction,HIGH,MEDIUM,DEGRADED,True,22,2,5.0,1,1,80.10952607083642,CRITICAL
TASK-1973,Traction,HIGH,IMMEDIATE,POOR,True,28,1,4.9,1,1,100.0,CRITICAL
TASK-1974,S&T,MEDIUM,MEDIUM,DEGRADED,False,0,2,6.8,1,1,54.10864745494862,MEDIUM
TASK-1975,Traction,ROUTINE,MEDIUM,FAIR,False,0,1,6.6,0,1,26.270312819433492,LOW
TASK-1976,Traction,MEDIUM,MEDIUM,DEGRADED,True,28,1,7.4,0,1,52.58140429654468,MEDIUM
TASK-1977,Traction,ROUTINE,NORMAL,GOOD,False,0,0,5.5,0,1,18.277067321326832,LOW
TASK-1978,S&T,MEDIUM,NORMAL,GOOD,False,0,1,2.3,0,1,30.120321400432104,LOW
TASK-1979,Engineering,MEDIUM,NORMAL,FAIR,False,0,2,3.3,0,1,26.337408615851682,LOW
TASK-1980,Engineering,CRITICAL,HIGH,FAILED,False,0,0,3.4,1,1,95.66248571747823,CRITICAL
TASK-1981,Traction,ROUTINE,MEDIUM,FAIR,False,0,2,4.8,0,1,22.94919528292921,LOW
TASK-1982,S&T,LOW,NORMAL,FAIR,False,0,3,4.2,0,0,22.25600101989973,LOW
TASK-1983,Traction,ROUTINE,NORMAL,FAIR,True,14,1,4.7,0,1,45.34708095593442,MEDIUM
TASK-1984,S&T,MEDIUM,MEDIUM,DEGRADED,False,0,0,1.6,1,0,48.20877811046246,MEDIUM
TASK-1985,S&T,HIGH,IMMEDIATE,POOR,False,0,1,5.1,1,1,86.51428175185593,CRITICAL
TASK-1986,S&T,ROUTINE,MEDIUM,GOOD,True,1,2,4.1,0,1,35.36952559996614,LOW
TASK-1987,Engineering,HIGH,HIGH,POOR,True,32,1,7.7,1,1,92.69257774722256,CRITICAL
TASK-1988,Traction,HIGH,HIGH,POOR,False,0,0,3.6,1,1,71.79309942198951,HIGH
TASK-1989,S&T,CRITICAL,HIGH,POOR,True,17,2,5.8,1,1,100.0,CRITICAL
TASK-1990,S&T,CRITICAL,HIGH,POOR,True,12,0,1.8,1,1,100.0,CRITICAL
TASK-1991,Traction,ROUTINE,NORMAL,GOOD,False,0,2,6.5,0,0,11.560889712188343,LOW
TASK-1992,Engineering,MEDIUM,MEDIUM,DEGRADED,False,0,0,0.7,0,1,36.80220838146386,LOW
TASK-1993,Engineering,CRITICAL,IMMEDIATE,FAILED,False,0,3,2.7,1,0,100.0,CRITICAL
TASK-1994,S&T,HIGH,IMMEDIATE,FAILED,False,0,1,6.1,1,1,100.0,CRITICAL
TASK-1995,S&T,CRITICAL,HIGH,FAILED,False,0,3,4.3,1,1,99.34323850456076,CRITICAL
TASK-1996,Traction,ROUTINE,NORMAL,GOOD,True,30,1,2.5,0,0,43.79103316935188,LOW
TASK-1997,Traction,HIGH,MEDIUM,DEGRADED,False,0,1,4.6,1,0,56.590428156434335,MEDIUM
TASK-1998,Engineering,HIGH,HIGH,POOR,False,0,2,4.6,1,1,86.10542495109902,CRITICAL
TASK-1999,S&T,LOW,NORMAL,GOOD,False,0,0,6.0,0,1,23.204803996015478,LOW
TASK-2000,Traction,ROUTINE,NORMAL,FAIR,True,10,3,2.7,0,0,44.32511234721987,LOW
TASK-2001,Engineering,HIGH,HIGH,POOR,False,0,0,2.5,1,1,77.07103638275655,HIGH
TASK-2002,Engineering,CRITICAL,HIGH,POOR,True,14,0,7.0,1,1,100.0,CRITICAL
TASK-2003,Engineering,LOW,NORMAL,FAIR,False,0,1,2.1,0,1,26.28487768491393,LOW
TASK-2004,Traction,CRITICAL,IMMEDIATE,FAILED,True,10,3,5.7,1,1,100.0,CRITICAL
TASK-2005,Traction,CRITICAL,IMMEDIATE,FAILED,False,0,1,5.2,1,1,100.0,CRITICAL
TASK-2006,Engineering,HIGH,IMMEDIATE,FAILED,False,0,1,1.5,1,0,100.0,CRITICAL
TASK-2007,Engineering,LOW,NORMAL,FAIR,True,10,3,6.5,0,0,38.77596580914755,LOW
TASK-2008,Traction,HIGH,MEDIUM,DEGRADED,True,4,0,4.5,1,1,63.118690354858636,MEDIUM
TASK-2009,Traction,HIGH,HIGH,FAILED,True,14,1,1.8,1,0,100.0,CRITICAL
TASK-2010,Traction,MEDIUM,MEDIUM,DEGRADED,False,0,1,2.7,0,1,40.67238372500609,LOW
TASK-2011,S&T,HIGH,HIGH,FAILED,False,0,2,7.9,1,1,79.17983921014545,HIGH
TASK-2012,Traction,LOW,MEDIUM,GOOD,True,9,1,1.5,0,1,33.374111177496474,LOW
TASK-2013,S&T,ROUTINE,NORMAL,GOOD,False,0,4,7.9,0,1,27.0607029949564,LOW
TASK-2014,Traction,MEDIUM,NORMAL,FAIR,True,5,2,5.8,0,0,41.822529864312855,LOW
TASK-2015,Engineering,ROUTINE,NORMAL,FAIR,False,0,2,1.6,0,1,23.36740551523025,LOW
TASK-2016,S&T,LOW,NORMAL,FAIR,False,0,3,6.2,0,1,25.980979331646004,LOW
TASK-2017,Traction,HIGH,HIGH,POOR,False,0,1,4.2,1,1,83.30235874535441,CRITICAL
TASK-2018,Traction,MEDIUM,MEDIUM,DEGRADED,False,0,3,5.2,0,1,43.52135374019192,LOW
TASK-2019,S&T,HIGH,HIGH,POOR,False,0,1,1.1,1,1,84.66636801391796,CRITICAL
TASK-2020,Engineering,CRITICAL,HIGH,POOR,True,7,1,4.4,1,1,100.0,CRITICAL
TASK-2021,S&T,HIGH,MEDIUM,DEGRADED,True,8,1,3.9,1,1,69.6971510528872,HIGH
TASK-2022,S&T,HIGH,MEDIUM,DEGRADED,False,0,1,4.9,1,0,48.9093340065386,MEDIUM
TASK-2023,Traction,LOW,NORMAL,GOOD,True,7,2,6.0,0,1,32.00193338189261,LOW
TASK-2024,S&T,MEDIUM,MEDIUM,DEGRADED,False,0,2,6.9,1,1,51.022883985619785,MEDIUM
TASK-2025,Traction,HIGH,HIGH,POOR,False,0,1,2.1,1,0,75.77482770374321,HIGH
TASK-2026,S&T,LOW,NORMAL,FAIR,False,0,3,4.2,0,0,19.652673669935936,LOW
TASK-2027,S&T,MEDIUM,MEDIUM,DEGRADED,False,0,1,3.0,1,1,50.28468728307168,MEDIUM
TASK-2028,Traction,ROUTINE,NORMAL,FAIR,False,0,1,4.7,0,1,25.07983503023419,LOW
TASK-2029,S&T,MEDIUM,MEDIUM,DEGRADED,False,0,1,7.2,1,0,55.76702185439593,MEDIUM
TASK-2030,Engineering,LOW,NORMAL,GOOD,False,0,2,1.2,0,1,16.96511268948006,LOW
TASK-2031,S&T,LOW,NORMAL,GOOD,False,0,2,1.4,0,1,25.90712808767171,LOW
TASK-2032,Engineering,HIGH,IMMEDIATE,POOR,True,6,4,3.9,1,1,100.0,CRITICAL
TASK-2033,S&T,ROUTINE,MEDIUM,FAIR,True,19,0,8.0,0,0,47.457063781777634,MEDIUM
TASK-2034,Engineering,HIGH,MEDIUM,DEGRADED,False,0,2,1.7,1,0,71.12313866038622,HIGH
TASK-2035,S&T,ROUTINE,NORMAL,GOOD,True,25,1,5.4,0,1,42.72163235863018,LOW
TASK-2036,S&T,ROUTINE,NORMAL,GOOD,True,13,2,3.3,0,0,34.79816087192758,LOW
TASK-2037,Traction,LOW,MEDIUM,FAIR,False,0,0,0.9,0,1,26.01112937295982,LOW
TASK-2038,Traction,HIGH,MEDIUM,DEGRADED,False,0,2,5.9,1,1,64.34061425070325,MEDIUM
TASK-2039,Engineering,HIGH,HIGH,POOR,False,0,1,5.4,1,1,79.54060653975174,HIGH
TASK-2040,Traction,ROUTINE,NORMAL,GOOD,True,1,1,0.5,0,1,21.653406149209054,LOW
TASK-2041,S&T,LOW,MEDIUM,GOOD,False,0,1,1.5,0,1,26.925111131851846,LOW
TASK-2042,Engineering,HIGH,IMMEDIATE,FAILED,False,0,3,5.6,1,1,100.0,CRITICAL
TASK-2043,Engineering,ROUTINE,MEDIUM,GOOD,False,0,3,5.7,0,1,25.550782074897622,LOW
TASK-2044,Engineering,CRITICAL,IMMEDIATE,POOR,True,32,1,5.7,1,1,100.0,CRITICAL
TASK-2045,S&T,LOW,NORMAL,GOOD,False,0,1,2.2,0,0,17.177160337854126,LOW
TASK-2046,Engineering,MEDIUM,NORMAL,GOOD,False,0,2,1.3,0,1,26.282745284071265,LOW
TASK-2047,S&T,HIGH,MEDIUM,DEGRADED,False,0,2,1.5,1,1,58.11119271004321,MEDIUM
TASK-2048,Engineering,ROUTINE,NORMAL,FAIR,False,0,1,1.0,0,1,30.704707432984954,LOW
TASK-2049,Traction,MEDIUM,NORMAL,GOOD,True,6,1,5.1,0,0,40.960093978241474,LOW
TASK-2050,Engineering,CRITICAL,HIGH,POOR,True,10,3,3.1,1,1,100.0,CRITICAL
TASK-2051,Engineering,MEDIUM,NORMAL,FAIR,False,0,0,7.4,0,0,39.40401759396658,LOW
TASK-2052,Traction,HIGH,IMMEDIATE,POOR,False,0,2,6.9,1,0,83.35336474415388,CRITICAL
TASK-2053,Engineering,ROUTINE,NORMAL,GOOD,True,22,0,1.6,0,1,42.053372927099005,LOW
TASK-2054,Engineering,HIGH,HIGH,FAILED,False,0,2,6.0,1,0,87.24231561875698,CRITICAL
TASK-2055,S&T,CRITICAL,HIGH,POOR,False,0,0,2.9,1,1,82.02216376888886,CRITICAL
TASK-2056,Engineering,ROUTINE,NORMAL,FAIR,True,8,1,2.6,0,1,28.317750306696478,LOW
TASK-2057,Engineering,LOW,MEDIUM,FAIR,True,3,1,4.7,0,1,29.777613956237737,LOW
TASK-2058,Traction,CRITICAL,IMMEDIATE,FAILED,True,5,2,2.6,1,1,100.0,CRITICAL
TASK-2059,Traction,MEDIUM,NORMAL,GOOD,False,0,1,6.9,0,0,24.056559348112053,LOW
TASK-2060,Traction,MEDIUM,MEDIUM,DEGRADED,False,0,2,2.0,0,1,37.925225809605244,LOW
TASK-2061,Traction,CRITICAL,IMMEDIATE,FAILED,True,14,0,1.9,1,1,100.0,CRITICAL
TASK-2062,S&T,MEDIUM,MEDIUM,DEGRADED,False,0,2,5.3,1,1,55.34025213794877,MEDIUM
TASK-2063,Engineering,CRITICAL,IMMEDIATE,POOR,False,0,1,3.4,1,0,97.37303871178521,CRITICAL
TASK-2064,Engineering,CRITICAL,HIGH,POOR,True,11,1,5.3,1,1,100.0,CRITICAL
TASK-2065,Engineering,CRITICAL,IMMEDIATE,FAILED,False,0,4,7.2,1,1,100.0,CRITICAL
TASK-2066,Engineering,MEDIUM,MEDIUM,DEGRADED,False,0,3,7.5,0,1,41.161981068417894,LOW
TASK-2067,Engineering,HIGH,IMMEDIATE,POOR,True,3,1,7.0,1,1,100.0,CRITICAL
TASK-2068,Traction,CRITICAL,IMMEDIATE,POOR,True,26,2,3.2,1,1,100.0,CRITICAL
TASK-2069,Traction,MEDIUM,NORMAL,FAIR,False,0,1,6.2,0,1,30.882637473815304,LOW
TASK-2070,Engineering,ROUTINE,NORMAL,GOOD,False,0,3,4.9,0,1,26.97464786905489,LOW
TASK-2071,Engineering,HIGH,HIGH,DEGRADED,True,44,3,2.1,1,1,90.86038117494631,CRITICAL
TASK-2072,Engineering,HIGH,HIGH,POOR,True,9,0,4.3,1,1,91.38600572695069,CRITICAL
TASK-2073,Traction,HIGH,HIGH,FAILED,False,0,2,6.3,1,1,88.12418132110521,CRITICAL
TASK-2074,S&T,CRITICAL,IMMEDIATE,POOR,True,1,2,1.1,1,1,100.0,CRITICAL
TASK-2075,Traction,CRITICAL,IMMEDIATE,FAILED,True,25,1,5.1,1,1,100.0,CRITICAL
TASK-2076,S&T,ROUTINE,NORMAL,GOOD,False,0,1,2.8,0,1,22.16762351194294,LOW
TASK-2077,Traction,ROUTINE,NORMAL,FAIR,False,0,2,7.8,0,0,28.964785652264823,LOW
TASK-2078,Engineering,CRITICAL,IMMEDIATE,FAILED,False,0,1,3.0,1,1,100.0,CRITICAL
TASK-2079,Traction,ROUTINE,MEDIUM,GOOD,True,14,1,2.8,0,0,41.339254296419966,LOW
TASK-2080,S&T,ROUTINE,NORMAL,FAIR,True,8,2,0.9,0,1,38.76500835951826,LOW
TASK-2081,Engineering,CRITICAL,HIGH,POOR,True,3,1,1.4,1,0,87.97816645851867,CRITICAL
TASK-2082,Traction,CRITICAL,HIGH,FAILED,False,0,1,0.9,1,1,90.47591554783526,CRITICAL
TASK-2083,Traction,ROUTINE,NORMAL,FAIR,False,0,2,1.4,0,0,21.97994284682601,LOW
TASK-2084,Traction,ROUTINE,NORMAL,FAIR,True,26,0,5.8,0,0,42.50993828694416,LOW
TASK-2085,Engineering,CRITICAL,IMMEDIATE,POOR,False,0,0,7.6,1,0,94.3676343762672,CRITICAL
TASK-2086,Traction,HIGH,HIGH,FAILED,True,4,0,6.4,1,0,100.0,CRITICAL
TASK-2087,Traction,HIGH,MEDIUM,DEGRADED,False,0,1,1.8,1,0,67.30144320443658,HIGH
TASK-2088,Engineering,MEDIUM,MEDIUM,DEGRADED,True,28,1,6.0,0,1,52.74557955480551,MEDIUM
TASK-2089,Engineering,LOW,MEDIUM,GOOD,False,0,3,3.0,0,0,43.304981129212905,LOW
TASK-2090,S&T,MEDIUM,MEDIUM,DEGRADED,False,0,0,4.4,1,1,58.46773566706836,MEDIUM
TASK-2091,S&T,CRITICAL,HIGH,FAILED,False,0,5,5.2,1,1,100.0,CRITICAL
TASK-2092,S&T,CRITICAL,HIGH,POOR,True,14,2,4.3,1,1,100.0,CRITICAL
TASK-2093,Engineering,HIGH,HIGH,POOR,False,0,1,6.9,1,1,86.22695691639036,CRITICAL
TASK-2094,Engineering,MEDIUM,MEDIUM,DEGRADED,True,2,2,1.7,0,0,37.92565925545328,LOW
TASK-2095,Engineering,CRITICAL,IMMEDIATE,FAILED,False,0,1,5.6,1,1,100.0,CRITICAL
TASK-2096,Engineering,MEDIUM,NORMAL,FAIR,False,0,1,6.1,0,1,28.796575032511996,LOW
TASK-2097,Engineering,LOW,MEDIUM,GOOD,True,6,1,6.9,0,1,33.66905694026889,LOW
TASK-2098,Engineering,ROUTINE,NORMAL,FAIR,True,5,2,0.8,0,1,23.243592881881334,LOW
TASK-2099,S&T,HIGH,IMMEDIATE,POOR,False,0,2,7.4,1,1,91.96665640480778,CRITICAL
TASK-2100,Engineering,ROUTINE,NORMAL,GOOD,False,0,2,4.6,0,0,25.153289626041786,LOW
TASK-2101,Traction,CRITICAL,HIGH,POOR,False,0,1,2.2,1,1,90.62677575719081,CRITICAL
TASK-2102,Engineering,CRITICAL,HIGH,POOR,True,3,3,7.4,1,0,100.0,CRITICAL
TASK-2103,S&T,MEDIUM,MEDIUM,DEGRADED,True,16,2,6.7,1,1,72.43217943514718,HIGH
TASK-2104,Traction,MEDIUM,MEDIUM,DEGRADED,False,0,1,1.4,0,0,35.790242376711085,LOW
TASK-2105,Traction,MEDIUM,NORMAL,GOOD,False,0,1,1.8,0,1,37.855838163530734,LOW
TASK-2106,Traction,ROUTINE,NORMAL,GOOD,True,10,0,7.7,0,1,35.089847536094354,LOW
TASK-2107,Engineering,CRITICAL,IMMEDIATE,POOR,True,1,1,7.0,1,1,100.0,CRITICAL
TASK-2108,S&T,MEDIUM,HIGH,DEGRADED,True,2,1,1.1,1,1,67.68739352303214,HIGH
TASK-2109,S&T,ROUTINE,NORMAL,GOOD,False,0,0,3.3,0,0,29.77355598630644,LOW
TASK-2110,S&T,HIGH,IMMEDIATE,FAILED,True,1,3,6.4,1,1,100.0,CRITICAL
TASK-2111,Traction,CRITICAL,IMMEDIATE,FAILED,False,0,1,2.3,1,1,100.0,CRITICAL
TASK-2112,S&T,HIGH,IMMEDIATE,FAILED,False,0,0,7.8,1,1,87.56320041637129,CRITICAL
TASK-2113,Engineering,CRITICAL,HIGH,FAILED,True,14,3,6.2,1,0,100.0,CRITICAL
TASK-2114,Engineering,ROUTINE,MEDIUM,FAIR,False,0,0,0.5,0,0,26.993818822124073,LOW
TASK-2115,S&T,ROUTINE,NORMAL,GOOD,True,10,4,2.2,0,1,41.83137971074137,LOW
TASK-2116,S&T,LOW,MEDIUM,GOOD,True,13,1,7.6,0,0,50.16040475716511,MEDIUM
TASK-2117,Engineering,CRITICAL,IMMEDIATE,POOR,False,0,2,6.9,1,1,100.0,CRITICAL
TASK-2118,Traction,HIGH,MEDIUM,DEGRADED,True,24,0,1.3,1,0,88.17070504442745,CRITICAL
TASK-2119,Traction,MEDIUM,NORMAL,FAIR,False,0,3,3.6,0,1,33.46392226197227,LOW
TASK-2120,Engineering,ROUTINE,NORMAL,FAIR,False,0,3,5.8,0,1,22.087043187259333,LOW
TASK-2121,Engineering,MEDIUM,NORMAL,GOOD,False,0,1,7.4,0,1,34.78154506018246,LOW
TASK-2122,Traction,HIGH,HIGH,POOR,True,14,2,5.8,1,1,100.0,CRITICAL
TASK-2123,S&T,CRITICAL,HIGH,POOR,True,29,3,7.8,1,0,100.0,CRITICAL
TASK-2124,Engineering,CRITICAL,HIGH,FAILED,False,0,1,1.2,1,1,93.05890447641842,CRITICAL
TASK-2125,Engineering,CRITICAL,HIGH,POOR,True,10,2,1.1,1,1,100.0,CRITICAL
TASK-2126,Traction,ROUTINE,MEDIUM,GOOD,True,5,1,3.8,0,1,40.71734564172982,LOW
TASK-2127,Engineering,ROUTINE,NORMAL,FAIR,False,0,1,2.7,0,1,22.28209726636902,LOW
TASK-2128,S&T,CRITICAL,IMMEDIATE,POOR,False,0,1,5.8,1,1,100.0,CRITICAL
TASK-2129,Traction,MEDIUM,MEDIUM,DEGRADED,False,0,1,2.9,0,0,40.09831559081212,LOW
TASK-2130,S&T,ROUTINE,NORMAL,FAIR,True,1,2,1.1,0,1,24.0110192188802,LOW
TASK-2131,Engineering,LOW,NORMAL,FAIR,False,0,2,6.3,0,1,24.816801774579,LOW
TASK-2132,Traction,ROUTINE,MEDIUM,GOOD,True,26,0,1.7,0,1,43.17423693400893,LOW
TASK-2133,Engineering,CRITICAL,HIGH,POOR,False,0,2,4.0,1,0,89.79275242935496,CRITICAL
TASK-2134,S&T,ROUTINE,NORMAL,GOOD,False,0,2,4.5,0,1,27.124517973270216,LOW
TASK-2135,Engineering,CRITICAL,IMMEDIATE,POOR,False,0,0,2.8,1,0,100.0,CRITICAL
TASK-2136,S&T,MEDIUM,MEDIUM,GOOD,False,0,2,1.2,0,1,45.76534580083204,MEDIUM
TASK-2137,Traction,MEDIUM,MEDIUM,DEGRADED,True,4,1,6.7,0,1,45.37875995915766,MEDIUM
TASK-2138,Traction,CRITICAL,IMMEDIATE,FAILED,True,11,0,0.8,1,1,100.0,CRITICAL
TASK-2139,S&T,ROUTINE,NORMAL,FAIR,False,0,0,1.2,0,1,25.80804406828569,LOW
TASK-2140,Engineering,HIGH,MEDIUM,DEGRADED,False,0,0,3.5,1,1,69.94410026891897,HIGH
TASK-2141,Engineering,HIGH,MEDIUM,DEGRADED,False,0,0,2.5,1,1,63.43505354724098,MEDIUM
TASK-2142,Engineering,ROUTINE,NORMAL,GOOD,False,0,1,7.6,0,0,27.305433140794317,LOW
TASK-2143,S&T,HIGH,IMMEDIATE,FAILED,True,10,3,6.1,1,1,100.0,CRITICAL
TASK-2144,Engineering,ROUTINE,NORMAL,GOOD,True,31,3,4.0,0,1,43.8683659256587,LOW
TASK-2145,Engineering,LOW,MEDIUM,GOOD,True,12,1,0.6,0,1,40.7807306128755,LOW
TASK-2146,Engineering,LOW,NORMAL,FAIR,False,0,2,2.0,0,1,13.895912077070264,LOW
TASK-2147,S&T,MEDIUM,HIGH,DEGRADED,False,0,1,5.6,1,1,56.56512373174697,MEDIUM
TASK-2148,Traction,LOW,NORMAL,GOOD,False,0,0,4.9,0,0,14.396161746518752,LOW
TASK-2149,S&T,MEDIUM,NORMAL,GOOD,False,0,3,0.7,0,1,44.437740276183966,LOW
TASK-2150,Engineering,MEDIUM,MEDIUM,FAIR,False,0,1,7.3,0,1,33.125417331363664,LOW
TASK-2151,S&T,ROUTINE,NORMAL,FAIR,False,0,1,1.2,0,1,18.78408328986485,LOW
TASK-2152,S&T,ROUTINE,NORMAL,GOOD,False,0,4,0.8,0,1,26.884650941046463,LOW
TASK-2153,S&T,MEDIUM,MEDIUM,GOOD,True,6,0,1.8,0,1,46.006035817414975,MEDIUM
TASK-2154,Traction,CRITICAL,IMMEDIATE,POOR,True,9,2,6.7,1,1,100.0,CRITICAL
TASK-2155,S&T,HIGH,IMMEDIATE,POOR,True,15,3,0.7,1,1,100.0,CRITICAL
TASK-2156,Traction,HIGH,HIGH,POOR,True,13,1,1.8,1,0,100.0,CRITICAL
TASK-2157,Engineering,LOW,NORMAL,FAIR,True,7,3,2.6,0,1,35.09536687896113,LOW
TASK-2158,S&T,ROUTINE,NORMAL,FAIR,False,0,2,0.8,0,0,27.849843656676114,LOW
TASK-2159,Traction,CRITICAL,IMMEDIATE,FAILED,True,18,3,2.3,1,1,100.0,CRITICAL
TASK-2160,S&T,CRITICAL,HIGH,POOR,False,0,1,3.6,1,1,91.67256230989193,CRITICAL
TASK-2161,Traction,CRITICAL,HIGH,POOR,False,0,1,1.0,1,1,89.42530646783364,CRITICAL
TASK-2162,S&T,CRITICAL,IMMEDIATE,POOR,True,17,0,1.5,1,0,100.0,CRITICAL
TASK-2163,Engineering,HIGH,HIGH,FAILED,False,0,2,2.4,1,1,83.41567014033528,CRITICAL
TASK-2164,Traction,ROUTINE,NORMAL,GOOD,False,0,0,7.9,0,1,20.182499659130798,LOW
TASK-2165,Traction,HIGH,HIGH,DEGRADED,True,10,2,4.1,1,1,96.35216151506269,CRITICAL
TASK-2166,S&T,MEDIUM,MEDIUM,DEGRADED,True,9,4,7.3,1,0,71.94892482209566,HIGH
TASK-2167,Traction,MEDIUM,HIGH,DEGRADED,True,25,0,3.4,0,0,65.17431207664583,HIGH
TASK-2168,Engineering,LOW,NORMAL,GOOD,False,0,2,2.9,0,1,19.908312583318732,LOW
TASK-2169,Engineering,ROUTINE,MEDIUM,GOOD,True,21,1,7.2,0,1,40.64884080486227,LOW
TASK-2170,S&T,LOW,NORMAL,GOOD,False,0,2,6.6,0,1,27.318231735164208,LOW
TASK-2171,S&T,CRITICAL,IMMEDIATE,FAILED,False,0,2,3.2,1,1,100.0,CRITICAL
TASK-2172,Traction,LOW,NORMAL,FAIR,True,6,0,7.8,0,1,32.04567759526757,LOW
TASK-2173,Engineering,LOW,MEDIUM,FAIR,True,13,0,5.4,0,1,46.47686840592833,MEDIUM
TASK-2174,S&T,CRITICAL,HIGH,FAILED,False,0,4,6.6,1,0,100.0,CRITICAL
TASK-2175,Traction,ROUTINE,NORMAL,GOOD,True,20,3,6.2,0,0,46.71188956255233,MEDIUM
TASK-2176,Engineering,CRITICAL,HIGH,FAILED,True,12,2,6.8,1,0,100.0,CRITICAL
TASK-2177,S&T,MEDIUM,MEDIUM,DEGRADED,True,9,2,7.5,1,1,56.290518226125855,MEDIUM
TASK-2178,Engineering,LOW,MEDIUM,FAIR,False,0,0,2.3,0,0,32.17204022517414,LOW
TASK-2179,S&T,MEDIUM,MEDIUM,DEGRADED,True,7,1,7.4,1,1,53.667006402930255,MEDIUM
TASK-2180,Engineering,MEDIUM,MEDIUM,DEGRADED,False,0,0,7.6,0,1,27.885615460942226,LOW
TASK-2181,Traction,LOW,NORMAL,FAIR,False,0,1,4.7,0,1,21.710180001658486,LOW
TASK-2182,Engineering,CRITICAL,IMMEDIATE,POOR,True,33,3,4.6,1,1,100.0,CRITICAL
TASK-2183,Engineering,CRITICAL,IMMEDIATE,POOR,False,0,1,0.8,1,0,100.0,CRITICAL
TASK-2184,Engineering,ROUTINE,NORMAL,FAIR,False,0,0,5.0,0,0,22.687585634865712,LOW
TASK-2185,Engineering,HIGH,HIGH,FAILED,False,0,1,4.1,1,1,92.90781568441045,CRITICAL
TASK-2186,S&T,HIGH,HIGH,FAILED,False,0,2,2.0,1,1,92.1067336998455,CRITICAL
TASK-2187,Engineering,HIGH,MEDIUM,DEGRADED,False,0,5,5.9,1,1,78.65160907428584,HIGH
TASK-2188,S&T,LOW,MEDIUM,GOOD,False,0,0,0.7,0,0,28.11265671968597,LOW
TASK-2189,Traction,ROUTINE,NORMAL,FAIR,False,0,0,6.3,0,1,8.612186965754578,LOW
TASK-2190,Traction,MEDIUM,MEDIUM,DEGRADED,False,0,2,7.7,0,1,22.91971400371432,LOW
TASK-2191,S&T,CRITICAL,IMMEDIATE,POOR,False,0,1,4.9,1,1,100.0,CRITICAL
TASK-2192,S&T,MEDIUM,MEDIUM,DEGRADED,True,26,0,2.9,1,1,82.02418771126986,CRITICAL
TASK-2193,Engineering,CRITICAL,HIGH,POOR,True,26,1,6.4,1,1,100.0,CRITICAL
TASK-2194,S&T,HIGH,HIGH,DEGRADED,False,0,2,1.8,1,1,75.10056936650726,HIGH
TASK-2195,Traction,CRITICAL,HIGH,FAILED,False,0,2,6.4,1,1,100.0,CRITICAL
TASK-2196,Engineering,CRITICAL,HIGH,FAILED,False,0,1,6.6,1,1,98.85859619345021,CRITICAL
TASK-2197,S&T,MEDIUM,MEDIUM,DEGRADED,True,9,0,6.0,1,1,63.30036768313318,MEDIUM
TASK-2198,S&T,LOW,NORMAL,FAIR,True,15,0,1.8,0,1,42.352549236892784,LOW
TASK-2199,Engineering,CRITICAL,IMMEDIATE,FAILED,True,5,1,3.4,1,1,100.0,CRITICAL
TASK-2200,Traction,MEDIUM,NORMAL,GOOD,False,0,0,1.9,0,0,35.96551836666134,LOW
TASK-2201,S&T,HIGH,HIGH,FAILED,True,18,1,2.2,1,0,100.0,CRITICAL
TASK-2202,Traction,ROUTINE,NORMAL,GOOD,False,0,2,7.5,0,0,17.875000556699746,LOW
TASK-2203,Engineering,HIGH,MEDIUM,DEGRADED,False,0,1,6.1,1,0,55.003858703876844,MEDIUM
TASK-2204,Engineering,MEDIUM,MEDIUM,DEGRADED,False,0,0,7.9,0,1,37.52936591101459,LOW
TASK-2205,Engineering,LOW,MEDIUM,GOOD,False,0,2,6.7,0,1,28.839862154206777,LOW
TASK-2206,Traction,MEDIUM,HIGH,DEGRADED,True,6,2,3.8,0,1,62.03886715645892,MEDIUM
TASK-2207,S&T,ROUTINE,NORMAL,FAIR,False,0,1,2.4,0,1,29.169172445800783,LOW
TASK-2208,Engineering,MEDIUM,MEDIUM,DEGRADED,True,7,0,2.4,0,1,41.25447574504888,LOW
TASK-2209,Engineering,ROUTINE,NORMAL,GOOD,False,0,2,0.9,0,0,23.755850820331485,LOW
TASK-2210,S&T,HIGH,IMMEDIATE,POOR,True,2,1,7.8,1,0,100.0,CRITICAL
TASK-2211,S&T,HIGH,HIGH,POOR,True,1,2,7.1,1,1,77.806013114205,HIGH
TASK-2212,S&T,CRITICAL,IMMEDIATE,FAILED,False,0,0,3.3,1,1,100.0,CRITICAL
TASK-2213,S&T,CRITICAL,HIGH,FAILED,True,10,3,5.4,1,0,100.0,CRITICAL
TASK-2214,Traction,ROUTINE,NORMAL,FAIR,False,0,1,1.7,0,1,22.446976394658066,LOW
TASK-2215,Engineering,MEDIUM,NORMAL,GOOD,False,0,1,2.7,0,1,29.966123918530553,LOW
TASK-2216,S&T,HIGH,MEDIUM,DEGRADED,True,16,2,7.6,1,1,82.33269653409114,CRITICAL
TASK-2217,Engineering,MEDIUM,HIGH,DEGRADED,False,0,2,1.8,0,0,52.31420546510816,MEDIUM
TASK-2218,S&T,ROUTINE,NORMAL,FAIR,True,11,0,6.0,0,1,26.42549383746696,LOW
TASK-2219,Traction,ROUTINE,NORMAL,GOOD,False,0,0,3.0,0,0,1.994574477702411,LOW
TASK-2220,Traction,HIGH,IMMEDIATE,POOR,False,0,2,5.8,1,1,100.0,CRITICAL
TASK-2221,S&T,MEDIUM,NORMAL,FAIR,False,0,0,5.1,0,1,29.01953394661531,LOW
TASK-2222,S&T,ROUTINE,NORMAL,FAIR,True,9,1,0.9,0,1,42.77800239628649,LOW
TASK-2223,S&T,LOW,NORMAL,FAIR,False,0,2,7.8,0,0,28.436911820705667,LOW
TASK-2224,S&T,CRITICAL,HIGH,FAILED,False,0,1,5.9,1,0,92.10955811875775,CRITICAL
TASK-2225,Traction,HIGH,IMMEDIATE,FAILED,True,4,1,2.5,1,1,96.33425995761395,CRITICAL
TASK-2226,S&T,HIGH,HIGH,DEGRADED,True,8,2,2.3,1,1,79.85491031723407,HIGH
TASK-2227,Engineering,HIGH,HIGH,POOR,True,20,3,4.8,1,1,100.0,CRITICAL
TASK-2228,S&T,ROUTINE,NORMAL,FAIR,True,5,2,0.9,0,0,32.33246563557562,LOW
TASK-2229,Engineering,CRITICAL,HIGH,POOR,True,1,0,1.2,1,0,83.14119363335917,CRITICAL
TASK-2230,Traction,CRITICAL,IMMEDIATE,FAILED,True,3,3,4.1,1,0,100.0,CRITICAL
TASK-2231,Engineering,LOW,NORMAL,GOOD,True,10,3,2.1,0,1,45.13054918346935,MEDIUM
TASK-2232,Traction,MEDIUM,HIGH,DEGRADED,False,0,2,7.8,0,1,49.62774293325574,MEDIUM
TASK-2233,S&T,LOW,NORMAL,GOOD,False,0,2,2.8,0,1,27.036445075508464,LOW
TASK-2234,S&T,CRITICAL,IMMEDIATE,POOR,True,13,0,4.2,1,1,100.0,CRITICAL
TASK-2235,Traction,MEDIUM,MEDIUM,DEGRADED,False,0,4,1.2,0,1,45.220725855436285,MEDIUM
TASK-2236,Traction,HIGH,HIGH,POOR,False,0,2,1.9,1,1,89.07610445907153,CRITICAL
TASK-2237,S&T,MEDIUM,MEDIUM,DEGRADED,False,0,0,1.9,1,1,55.63894013555823,MEDIUM
TASK-2238,Engineering,MEDIUM,MEDIUM,DEGRADED,True,1,3,3.8,0,1,48.46793267738131,MEDIUM
TASK-2239,S&T,ROUTINE,MEDIUM,FAIR,False,0,1,6.8,0,0,22.822948588040877,LOW
TASK-2240,Traction,LOW,NORMAL,GOOD,False,0,2,1.6,0,1,21.22356948699482,LOW
TASK-2241,Traction,ROUTINE,MEDIUM,GOOD,True,2,2,1.1,0,0,30.00858483228726,LOW
TASK-2242,S&T,CRITICAL,HIGH,FAILED,True,8,1,3.6,1,1,100.0,CRITICAL
TASK-2243,Traction,LOW,MEDIUM,FAIR,False,0,2,4.7,0,1,27.16322095615876,LOW
TASK-2244,S&T,HIGH,HIGH,FAILED,False,0,1,3.6,1,0,97.96801307805036,CRITICAL
TASK-2245,Traction,HIGH,HIGH,POOR,True,9,2,4.8,1,0,95.5235822599191,CRITICAL
TASK-2246,Engineering,CRITICAL,IMMEDIATE,POOR,False,0,3,2.7,1,1,100.0,CRITICAL
TASK-2247,S&T,ROUTINE,NORMAL,GOOD,False,0,1,4.3,0,0,26.84012537935292,LOW
TASK-2248,Traction,CRITICAL,HIGH,FAILED,True,30,1,5.6,1,0,100.0,CRITICAL
TASK-2249,Traction,ROUTINE,NORMAL,FAIR,True,11,1,1.4,0,1,44.37094082529661,LOW
TASK-2250,S&T,ROUTINE,NORMAL,FAIR,True,42,1,7.6,0,1,40.22896805745606,LOW
TASK-2251,Engineering,ROUTINE,NORMAL,FAIR,False,0,0,6.6,0,1,16.556379217378634,LOW
TASK-2252,Engineering,MEDIUM,MEDIUM,GOOD,False,0,1,3.7,0,1,43.50507831327355,LOW
TASK-2253,Traction,CRITICAL,IMMEDIATE,POOR,False,0,0,2.0,1,1,94.93677779278455,CRITICAL
TASK-2254,Traction,ROUTINE,NORMAL,FAIR,True,19,0,6.8,0,1,39.397064057632655,LOW
TASK-2255,S&T,HIGH,HIGH,DEGRADED,False,0,1,7.3,1,0,69.57160627712477,HIGH
TASK-2256,Engineering,LOW,NORMAL,GOOD,True,18,4,3.4,0,1,51.43354602174283,MEDIUM
TASK-2257,S&T,HIGH,HIGH,FAILED,False,0,1,2.9,1,0,85.79849597425876,CRITICAL
TASK-2258,S&T,CRITICAL,HIGH,FAILED,False,0,4,3.9,1,1,100.0,CRITICAL
TASK-2259,Engineering,CRITICAL,IMMEDIATE,FAILED,False,0,2,4.9,1,0,100.0,CRITICAL
TASK-2260,S&T,MEDIUM,NORMAL,GOOD,True,4,2,3.6,0,0,32.57697604040174,LOW
TASK-2261,Engineering,CRITICAL,IMMEDIATE,FAILED,False,0,2,4.9,1,1,100.0,CRITICAL
TASK-2262,Engineering,ROUTINE,NORMAL,GOOD,False,0,1,4.7,0,1,23.440141841527446,LOW
TASK-2263,Engineering,MEDIUM,MEDIUM,DEGRADED,True,19,5,7.0,0,1,70.5806714436906,HIGH
TASK-2264,S&T,CRITICAL,HIGH,POOR,False,0,0,2.5,1,1,83.05109928403665,CRITICAL
TASK-2265,Traction,CRITICAL,IMMEDIATE,POOR,False,0,0,4.8,1,1,100.0,CRITICAL
TASK-2266,S&T,LOW,NORMAL,GOOD,False,0,0,1.8,0,0,23.676346549874935,LOW
TASK-2267,S&T,ROUTINE,MEDIUM,FAIR,False,0,2,5.1,0,0,34.66402348587403,LOW
TASK-2268,Traction,CRITICAL,IMMEDIATE,POOR,False,0,1,0.8,1,1,100.0,CRITICAL
TASK-2269,S&T,ROUTINE,NORMAL,FAIR,False,0,0,0.9,0,0,19.91126653790803,LOW
TASK-2270,S&T,HIGH,MEDIUM,DEGRADED,True,6,1,7.2,1,1,69.52711179750003,HIGH
TASK-2271,Engineering,MEDIUM,HIGH,DEGRADED,True,24,2,6.6,0,1,73.54011331268096,HIGH
TASK-2272,S&T,MEDIUM,MEDIUM,DEGRADED,True,4,2,2.6,1,1,55.82437748013882,MEDIUM
TASK-2273,S&T,MEDIUM,NORMAL,GOOD,True,19,3,7.8,0,1,58.85243665431787,MEDIUM
TASK-2274,Engineering,ROUTINE,NORMAL,FAIR,False,0,1,2.8,0,1,19.79320604242574,LOW
TASK-2275,Traction,CRITICAL,IMMEDIATE,POOR,False,0,1,6.3,1,1,99.17370630394798,CRITICAL
TASK-2276,S&T,MEDIUM,MEDIUM,DEGRADED,True,18,0,6.0,1,1,55.91694599991366,MEDIUM
TASK-2277,Traction,ROUTINE,NORMAL,GOOD,True,28,3,1.9,0,1,40.4837464726483,LOW
TASK-2278,Engineering,CRITICAL,HIGH,POOR,False,0,1,6.1,1,0,91.08377378395359,CRITICAL
TASK-2279,Traction,HIGH,MEDIUM,DEGRADED,True,2,1,6.7,1,0,66.74612781272234,HIGH
TASK-2280,Traction,LOW,NORMAL,FAIR,False,0,0,1.0,0,0,14.112917473753557,LOW
TASK-2281,Traction,CRITICAL,HIGH,FAILED,True,1,2,3.5,1,1,99.05921984744441,CRITICAL
TASK-2282,Traction,CRITICAL,IMMEDIATE,FAILED,False,0,1,0.7,1,1,100.0,CRITICAL
TASK-2283,Engineering,LOW,MEDIUM,FAIR,True,27,1,6.8,0,0,48.99634703807088,MEDIUM
TASK-2284,Engineering,LOW,NORMAL,GOOD,False,0,3,3.9,0,1,31.68095687321271,LOW
TASK-2285,S&T,ROUTINE,NORMAL,FAIR,False,0,1,2.6,0,1,14.577342290344713,LOW
TASK-2286,S&T,HIGH,IMMEDIATE,FAILED,False,0,0,3.5,1,1,99.23059234647967,CRITICAL
TASK-2287,Engineering,MEDIUM,NORMAL,GOOD,False,0,1,2.3,0,1,45.183345709727945,MEDIUM
TASK-2288,S&T,CRITICAL,IMMEDIATE,FAILED,False,0,1,3.8,1,1,100.0,CRITICAL
TASK-2289,S&T,HIGH,HIGH,FAILED,False,0,2,4.6,1,1,93.09382985424408,CRITICAL
TASK-2290,S&T,ROUTINE,NORMAL,FAIR,False,0,1,6.8,0,1,21.201257510042065,LOW
TASK-2291,S&T,ROUTINE,NORMAL,GOOD,False,0,3,2.6,0,1,36.124344702479235,LOW
TASK-2292,S&T,MEDIUM,MEDIUM,GOOD,True,13,1,1.7,0,1,51.76754602005786,MEDIUM
TASK-2293,Traction,ROUTINE,MEDIUM,FAIR,True,1,2,6.9,0,1,29.43022285406225,LOW
TASK-2294,Traction,ROUTINE,NORMAL,FAIR,False,0,1,5.6,0,1,14.590057294371022,LOW
TASK-2295,S&T,CRITICAL,IMMEDIATE,POOR,True,3,0,4.3,1,1,100.0,CRITICAL
TASK-2296,Traction,ROUTINE,NORMAL,GOOD,True,13,0,4.1,0,1,37.5699871217528,LOW
TASK-2297,Engineering,ROUTINE,NORMAL,FAIR,False,0,3,5.0,0,1,30.38913015619563,LOW
TASK-2298,Engineering,LOW,NORMAL,FAIR,False,0,0,2.4,0,1,26.37686703631604,LOW
TASK-2299,S&T,MEDIUM,MEDIUM,DEGRADED,True,13,3,3.7,1,1,77.04182156315943,HIGH
TASK-2300,S&T,HIGH,MEDIUM,DEGRADED,True,24,2,3.9,1,1,91.64165781743122,CRITICAL
TASK-2301,Engineering,CRITICAL,HIGH,POOR,False,0,4,2.8,1,1,91.36868919025422,CRITICAL
TASK-2302,Traction,CRITICAL,HIGH,FAILED,True,1,2,3.5,1,1,100.0,CRITICAL
TASK-2303,Engineering,LOW,NORMAL,GOOD,False,0,0,4.3,0,0,26.184162330636333,LOW
TASK-2304,Traction,MEDIUM,MEDIUM,DEGRADED,True,9,1,4.7,0,1,42.70282110436887,LOW
TASK-2305,Traction,CRITICAL,HIGH,FAILED,True,4,2,2.6,1,1,100.0,CRITICAL
TASK-2306,Traction,LOW,NORMAL,GOOD,True,32,2,4.1,0,1,38.446683650243784,LOW
TASK-2307,S&T,HIGH,MEDIUM,DEGRADED,False,0,0,5.3,1,1,61.2412989824524,MEDIUM
TASK-2308,S&T,MEDIUM,HIGH,DEGRADED,False,0,2,5.4,1,1,59.53757990433698,MEDIUM
TASK-2309,Traction,HIGH,HIGH,DEGRADED,False,0,4,1.9,1,1,85.68267078159084,CRITICAL
TASK-2310,Traction,MEDIUM,MEDIUM,FAIR,False,0,1,7.2,0,1,35.65432224204378,LOW
TASK-2311,Traction,CRITICAL,IMMEDIATE,POOR,False,0,1,5.5,1,1,96.71944215406457,CRITICAL
TASK-2312,Traction,LOW,NORMAL,FAIR,True,5,0,5.9,0,1,29.47064447946055,LOW
TASK-2313,Traction,CRITICAL,HIGH,POOR,False,0,1,8.0,1,1,88.76091349385955,CRITICAL
TASK-2314,S&T,CRITICAL,HIGH,POOR,False,0,1,3.5,1,0,97.28900503770959,CRITICAL
TASK-2315,Traction,ROUTINE,NORMAL,GOOD,True,1,1,4.9,0,0,17.18737702973613,LOW
TASK-2316,Traction,ROUTINE,NORMAL,FAIR,False,0,2,3.1,0,1,29.67810292745738,LOW
TASK-2317,Traction,LOW,NORMAL,FAIR,True,2,1,5.6,0,1,19.881220261460747,LOW
TASK-2318,Traction,CRITICAL,IMMEDIATE,POOR,True,25,4,7.3,1,1,100.0,CRITICAL
TASK-2319,Traction,HIGH,MEDIUM,DEGRADED,True,1,1,4.3,1,0,60.54347680560527,MEDIUM
TASK-2320,Engineering,CRITICAL,HIGH,FAILED,True,3,3,1.9,1,1,100.0,CRITICAL
TASK-2321,Engineering,CRITICAL,HIGH,POOR,False,0,2,1.5,1,1,88.05701298766184,CRITICAL
TASK-2322,S&T,CRITICAL,HIGH,FAILED,False,0,1,6.2,1,1,100.0,CRITICAL
TASK-2323,Engineering,MEDIUM,MEDIUM,DEGRADED,False,0,3,5.4,0,1,40.375392023382176,LOW
TASK-2324,Engineering,HIGH,MEDIUM,DEGRADED,True,10,3,2.2,1,1,79.70119172356162,HIGH
TASK-2325,S&T,CRITICAL,IMMEDIATE,POOR,True,38,1,6.4,1,0,100.0,CRITICAL
TASK-2326,S&T,HIGH,HIGH,DEGRADED,True,5,2,2.5,1,1,79.049107459315,HIGH
TASK-2327,S&T,CRITICAL,IMMEDIATE,POOR,False,0,1,6.9,1,0,100.0,CRITICAL
TASK-2328,S&T,LOW,MEDIUM,GOOD,False,0,4,7.0,0,1,30.820492654547834,LOW
TASK-2329,Traction,HIGH,HIGH,FAILED,True,3,2,7.6,1,0,81.29647992612458,CRITICAL
TASK-2330,Engineering,HIGH,HIGH,POOR,True,12,4,7.2,1,1,100.0,CRITICAL
TASK-2331,Traction,LOW,NORMAL,GOOD,False,0,2,7.0,0,1,17.732991408524907,LOW
TASK-2332,S&T,CRITICAL,HIGH,FAILED,True,13,2,2.7,1,0,100.0,CRITICAL
TASK-2333,Engineering,MEDIUM,MEDIUM,FAIR,True,3,2,1.5,0,1,49.324954412819615,MEDIUM
TASK-2334,Engineering,MEDIUM,MEDIUM,DEGRADED,False,0,3,3.6,0,0,40.79541232402465,LOW
TASK-2335,Traction,HIGH,IMMEDIATE,POOR,False,0,0,1.6,1,0,86.91583699511416,CRITICAL
TASK-2336,Traction,LOW,MEDIUM,FAIR,False,0,1,6.3,0,1,29.199757017015553,LOW
TASK-2337,S&T,MEDIUM,HIGH,DEGRADED,False,0,1,5.2,1,1,59.33497959086833,MEDIUM
TASK-2338,Engineering,MEDIUM,HIGH,DEGRADED,True,3,4,5.3,0,0,56.64006752295911,MEDIUM
TASK-2339,Engineering,CRITICAL,HIGH,POOR,True,26,2,2.6,1,1,100.0,CRITICAL
TASK-2340,Engineering,HIGH,IMMEDIATE,FAILED,True,11,1,6.2,1,1,100.0,CRITICAL
TASK-2341,S&T,LOW,NORMAL,GOOD,False,0,0,1.5,0,1,9.189838500362805,LOW
TASK-2342,S&T,HIGH,IMMEDIATE,POOR,True,9,1,3.5,1,1,100.0,CRITICAL
TASK-2343,S&T,CRITICAL,HIGH,POOR,False,0,1,0.5,1,1,89.8753658222152,CRITICAL
TASK-2344,Traction,ROUTINE,NORMAL,FAIR,False,0,2,6.0,0,1,23.837594820789526,LOW
TASK-2345,Engineering,MEDIUM,MEDIUM,DEGRADED,True,8,2,6.2,0,1,47.382566887901,MEDIUM
TASK-2346,Traction,LOW,NORMAL,FAIR,True,8,1,0.6,0,1,40.04505099450498,LOW
TASK-2347,Engineering,LOW,NORMAL,FAIR,False,0,0,2.2,0,0,28.8551057519903,LOW
TASK-2348,S&T,MEDIUM,MEDIUM,DEGRADED,True,11,0,1.5,1,1,69.79670497534556,HIGH
TASK-2349,S&T,CRITICAL,IMMEDIATE,FAILED,True,15,0,4.9,1,0,100.0,CRITICAL
TASK-2350,Engineering,ROUTINE,NORMAL,GOOD,True,17,2,6.7,0,0,40.8822047235043,LOW
TASK-2351,S&T,MEDIUM,MEDIUM,DEGRADED,True,18,0,3.9,1,1,66.48875228818429,HIGH
TASK-2352,Traction,CRITICAL,HIGH,FAILED,False,0,2,4.4,1,1,96.47048529803817,CRITICAL
TASK-2353,S&T,LOW,NORMAL,FAIR,True,7,3,3.1,0,1,40.70803601879196,LOW
TASK-2354,S&T,MEDIUM,MEDIUM,DEGRADED,False,0,0,6.1,1,1,59.63142927427697,MEDIUM
TASK-2355,Engineering,CRITICAL,IMMEDIATE,POOR,False,0,1,0.6,1,1,100.0,CRITICAL
TASK-2356,Engineering,MEDIUM,NORMAL,FAIR,True,4,2,2.1,0,1,43.94442103774321,LOW
TASK-2357,Engineering,HIGH,HIGH,FAILED,True,4,2,4.3,1,1,100.0,CRITICAL
TASK-2358,Engineering,MEDIUM,MEDIUM,DEGRADED,False,0,2,5.8,0,1,43.463921891134945,LOW
TASK-2359,Engineering,CRITICAL,IMMEDIATE,POOR,False,0,1,7.1,1,1,100.0,CRITICAL
TASK-2360,S&T,HIGH,IMMEDIATE,FAILED,False,0,0,5.2,1,1,97.15504846065038,CRITICAL
TASK-2361,Traction,LOW,NORMAL,GOOD,False,0,2,5.5,0,1,26.784373611840728,LOW
TASK-2362,Traction,ROUTINE,NORMAL,GOOD,True,21,2,0.9,0,0,35.81798490396758,LOW
TASK-2363,Engineering,CRITICAL,HIGH,POOR,False,0,1,3.8,1,0,97.24058379634577,CRITICAL
TASK-2364,Engineering,HIGH,HIGH,FAILED,True,2,3,2.4,1,1,84.14259350005042,CRITICAL
TASK-2365,Traction,ROUTINE,NORMAL,FAIR,False,0,0,2.0,0,1,22.90861682485253,LOW
TASK-2366,Traction,ROUTINE,MEDIUM,GOOD,False,0,1,2.8,0,1,22.10988488238716,LOW
TASK-2367,Traction,LOW,NORMAL,GOOD,True,8,2,5.5,0,1,33.671485826704625,LOW
TASK-2368,S&T,HIGH,HIGH,FAILED,False,0,0,5.0,1,1,92.32677353764309,CRITICAL
TASK-2369,Engineering,HIGH,HIGH,POOR,False,0,1,6.7,1,1,81.03523005200117,CRITICAL
TASK-2370,Engineering,HIGH,IMMEDIATE,FAILED,True,7,1,5.9,1,1,100.0,CRITICAL
TASK-2371,Engineering,HIGH,MEDIUM,DEGRADED,True,7,2,1.4,1,1,83.45739670182068,CRITICAL
TASK-2372,Engineering,HIGH,IMMEDIATE,POOR,False,0,2,2.0,1,1,92.76488463181366,CRITICAL
TASK-2373,Engineering,HIGH,MEDIUM,DEGRADED,True,17,3,6.7,1,1,90.19274463156812,CRITICAL
TASK-2374,Engineering,HIGH,MEDIUM,DEGRADED,False,0,1,5.8,1,0,66.29815393427423,HIGH
TASK-2375,S&T,ROUTINE,MEDIUM,FAIR,True,17,3,0.8,0,1,57.36852673905595,MEDIUM
TASK-2376,S&T,MEDIUM,NORMAL,FAIR,True,6,1,5.7,0,1,32.97647495101094,LOW
TASK-2377,S&T,MEDIUM,MEDIUM,DEGRADED,True,2,2,2.3,1,1,59.35438128369216,MEDIUM
TASK-2378,Engineering,LOW,MEDIUM,GOOD,True,8,4,7.3,0,1,43.19258897211238,LOW
TASK-2379,Traction,HIGH,IMMEDIATE,POOR,False,0,1,1.6,1,1,86.28056357587238,CRITICAL
TASK-2380,Engineering,CRITICAL,HIGH,FAILED,True,23,3,1.1,1,1,100.0,CRITICAL
TASK-2381,Traction,LOW,NORMAL,GOOD,True,7,2,7.3,0,0,35.589855600193296,LOW
TASK-2382,Traction,ROUTINE,NORMAL,FAIR,True,5,3,3.9,0,1,29.096199044426395,LOW
TASK-2383,S&T,MEDIUM,HIGH,DEGRADED,False,0,2,4.0,1,0,64.96002118484338,MEDIUM
TASK-2384,Engineering,ROUTINE,NORMAL,FAIR,True,47,2,7.1,0,0,48.533936364662,MEDIUM
TASK-2385,S&T,MEDIUM,MEDIUM,DEGRADED,False,0,0,6.5,1,1,46.81558805530521,MEDIUM
TASK-2386,S&T,CRITICAL,HIGH,POOR,True,22,3,6.0,1,1,100.0,CRITICAL
TASK-2387,Engineering,LOW,MEDIUM,GOOD,False,0,1,0.6,0,1,16.777218735311926,LOW
TASK-2388,Engineering,LOW,MEDIUM,FAIR,True,9,2,3.0,0,0,40.622455096802504,LOW
TASK-2389,S&T,CRITICAL,IMMEDIATE,FAILED,True,14,1,2.5,1,0,100.0,CRITICAL
TASK-2390,Traction,ROUTINE,NORMAL,GOOD,True,24,2,3.3,0,1,44.9241988218019,LOW
TASK-2391,S&T,LOW,NORMAL,FAIR,True,11,1,1.4,0,1,41.07238035265875,LOW
TASK-2392,S&T,CRITICAL,HIGH,POOR,True,17,1,2.5,1,1,100.0,CRITICAL
TASK-2393,S&T,CRITICAL,IMMEDIATE,POOR,False,0,3,6.5,1,1,100.0,CRITICAL
TASK-2394,Traction,ROUTINE,NORMAL,FAIR,False,0,1,1.3,0,1,26.48827885824872,LOW
TASK-2395,Traction,LOW,NORMAL,GOOD,True,14,2,7.9,0,0,41.54603987189197,LOW
TASK-2396,Engineering,ROUTINE,NORMAL,GOOD,True,2,3,3.6,0,1,29.4720347670208,LOW
TASK-2397,Traction,CRITICAL,HIGH,POOR,True,7,4,6.5,1,1,100.0,CRITICAL
TASK-2398,Traction,HIGH,IMMEDIATE,POOR,False,0,0,1.9,1,1,91.67923632360035,CRITICAL
TASK-2399,S&T,MEDIUM,MEDIUM,DEGRADED,False,0,2,5.1,1,1,58.71798888136473,MEDIUM
TASK-2400,Traction,LOW,NORMAL,FAIR,False,0,0,4.1,0,1,23.597997488124456,LOW
TASK-2401,S&T,ROUTINE,NORMAL,GOOD,False,0,1,7.2,0,1,22.607305320997728,LOW
TASK-2402,S&T,LOW,NORMAL,GOOD,False,0,3,1.0,0,1,25.5139816487011,LOW
TASK-2403,Traction,HIGH,HIGH,DEGRADED,False,0,2,0.6,1,1,65.71428207433848,HIGH
TASK-2404,Traction,HIGH,IMMEDIATE,FAILED,True,15,1,6.3,1,0,100.0,CRITICAL
TASK-2405,Traction,CRITICAL,HIGH,FAILED,False,0,2,2.2,1,1,97.46761253944784,CRITICAL
TASK-2406,Traction,HIGH,MEDIUM,DEGRADED,True,8,3,4.4,1,1,79.51338446711488,HIGH
TASK-2407,Traction,CRITICAL,HIGH,FAILED,False,0,2,1.2,1,1,93.6205308563787,CRITICAL
TASK-2408,Traction,LOW,NORMAL,FAIR,False,0,0,4.1,0,0,21.07084470565875,LOW
TASK-2409,Traction,CRITICAL,HIGH,POOR,False,0,1,1.6,1,1,88.17194421484906,CRITICAL
TASK-2410,Traction,CRITICAL,HIGH,FAILED,False,0,2,0.9,1,1,89.24793899171297,CRITICAL
TASK-2411,Traction,LOW,NORMAL,FAIR,False,0,0,4.3,0,1,18.627110001235188,LOW
TASK-2412,S&T,HIGH,HIGH,POOR,True,3,0,7.0,1,0,77.5855204036373,HIGH
TASK-2413,Engineering,HIGH,IMMEDIATE,POOR,True,6,0,2.9,1,0,95.24726405498475,CRITICAL
TASK-2414,S&T,MEDIUM,MEDIUM,DEGRADED,True,7,1,0.9,1,1,69.2647102388535,HIGH
TASK-2415,Engineering,CRITICAL,IMMEDIATE,FAILED,False,0,1,5.3,1,1,100.0,CRITICAL
TASK-2416,S&T,ROUTINE,MEDIUM,FAIR,False,0,1,1.1,0,0,29.571885683069283,LOW
TASK-2417,S&T,CRITICAL,HIGH,FAILED,False,0,2,3.9,1,1,97.2129247591465,CRITICAL
TASK-2418,S&T,CRITICAL,HIGH,POOR,True,3,1,2.9,1,0,95.3576372809523,CRITICAL
TASK-2419,S&T,LOW,NORMAL,GOOD,True,2,2,1.3,0,1,28.14781307427981,LOW
TASK-2420,S&T,ROUTINE,NORMAL,GOOD,False,0,4,4.7,0,1,36.02263963868147,LOW
TASK-2421,Engineering,ROUTINE,MEDIUM,GOOD,True,24,1,6.4,0,0,45.33149377655477,MEDIUM
TASK-2422,Traction,MEDIUM,HIGH,DEGRADED,True,24,1,7.2,0,0,71.45920289797407,HIGH
TASK-2423,Traction,MEDIUM,MEDIUM,FAIR,False,0,0,5.4,0,1,34.87644567465538,LOW
TASK-2424,S&T,HIGH,HIGH,DEGRADED,True,12,1,3.2,1,1,86.09967023537442,CRITICAL
TASK-2425,Engineering,ROUTINE,NORMAL,FAIR,False,0,2,6.8,0,1,28.90002118066947,LOW
TASK-2426,S&T,CRITICAL,HIGH,FAILED,False,0,0,6.3,1,0,90.1152713030906,CRITICAL
TASK-2427,Traction,CRITICAL,HIGH,POOR,False,0,3,5.9,1,1,99.32938911853195,CRITICAL
TASK-2428,S&T,CRITICAL,IMMEDIATE,POOR,False,0,1,1.4,1,1,100.0,CRITICAL
TASK-2429,Traction,ROUTINE,NORMAL,FAIR,False,0,2,0.5,0,1,25.976536263246654,LOW
TASK-2430,S&T,HIGH,HIGH,DEGRADED,True,6,1,4.6,1,1,71.87171002167696,HIGH
TASK-2431,S&T,MEDIUM,MEDIUM,GOOD,False,0,1,0.8,0,1,36.74967320884751,LOW
TASK-2432,Engineering,HIGH,HIGH,POOR,False,0,2,1.6,1,0,80.54861883381398,CRITICAL
TASK-2433,Traction,CRITICAL,HIGH,POOR,False,0,0,1.3,1,1,90.18776538330282,CRITICAL
TASK-2434,Traction,ROUTINE,MEDIUM,FAIR,False,0,2,1.9,0,1,31.867237466776995,LOW
TASK-2435,S&T,LOW,NORMAL,FAIR,True,30,0,3.9,0,1,47.71403386884841,MEDIUM
TASK-2436,Engineering,MEDIUM,MEDIUM,DEGRADED,False,0,2,1.3,0,1,47.02838979041228,MEDIUM
TASK-2437,S&T,LOW,NORMAL,GOOD,False,0,2,7.4,0,1,21.112328679903936,LOW
TASK-2438,Traction,CRITICAL,HIGH,FAILED,True,18,1,1.4,1,1,100.0,CRITICAL
TASK-2439,S&T,HIGH,HIGH,POOR,True,15,2,5.4,1,1,100.0,CRITICAL
TASK-2440,Traction,ROUTINE,NORMAL,FAIR,True,6,0,7.7,0,0,33.176297835997154,LOW
TASK-2441,Engineering,HIGH,IMMEDIATE,FAILED,False,0,4,6.0,1,1,100.0,CRITICAL
TASK-2442,Traction,HIGH,HIGH,POOR,True,38,2,6.8,1,1,100.0,CRITICAL
TASK-2443,S&T,CRITICAL,HIGH,FAILED,True,4,3,6.4,1,1,93.40513380996552,CRITICAL
TASK-2444,Engineering,CRITICAL,IMMEDIATE,FAILED,True,18,2,1.8,1,1,100.0,CRITICAL
TASK-2445,Engineering,ROUTINE,NORMAL,GOOD,False,0,1,3.4,0,0,27.251597761381774,LOW
TASK-2446,Traction,CRITICAL,HIGH,FAILED,False,0,1,7.1,1,0,100.0,CRITICAL
TASK-2447,Traction,CRITICAL,HIGH,POOR,True,9,2,3.6,1,0,100.0,CRITICAL
TASK-2448,Traction,MEDIUM,NORMAL,FAIR,True,20,1,2.6,0,1,57.955865224700474,MEDIUM
TASK-2449,S&T,HIGH,MEDIUM,DEGRADED,False,0,2,3.9,1,1,67.53689287570985,HIGH
TASK-2450,Engineering,ROUTINE,NORMAL,FAIR,False,0,4,3.6,0,1,35.83776110052466,LOW
TASK-2451,Traction,HIGH,HIGH,FAILED,True,12,1,2.7,1,1,100.0,CRITICAL
TASK-2452,Traction,HIGH,IMMEDIATE,FAILED,False,0,1,7.0,1,1,96.66943803023996,CRITICAL
TASK-2453,Traction,HIGH,HIGH,FAILED,False,0,5,5.2,1,1,94.01743542786916,CRITICAL
TASK-2454,Engineering,LOW,NORMAL,FAIR,False,0,4,5.2,0,0,25.708884853717496,LOW
TASK-2455,S&T,MEDIUM,MEDIUM,DEGRADED,True,15,0,7.4,1,0,60.785315468761624,MEDIUM
TASK-2456,Engineering,MEDIUM,NORMAL,FAIR,False,0,5,4.3,0,1,35.37865798702464,LOW
TASK-2457,Traction,HIGH,MEDIUM,DEGRADED,False,0,1,5.8,1,0,59.26089287878389,MEDIUM
TASK-2458,S&T,HIGH,IMMEDIATE,FAILED,False,0,0,4.1,1,0,95.90435555741216,CRITICAL
TASK-2459,Traction,CRITICAL,HIGH,POOR,False,0,0,5.6,1,1,93.2673949097587,CRITICAL
TASK-2460,Traction,MEDIUM,MEDIUM,DEGRADED,True,8,2,7.1,0,1,42.644264176023256,LOW
TASK-2461,S&T,ROUTINE,MEDIUM,GOOD,False,0,0,4.4,0,1,19.466335061352744,LOW
TASK-2462,Engineering,HIGH,IMMEDIATE,POOR,True,19,1,1.6,1,1,100.0,CRITICAL
TASK-2463,Traction,ROUTINE,NORMAL,GOOD,False,0,1,2.0,0,1,21.16616184562757,LOW
TASK-2464,Engineering,MEDIUM,HIGH,DEGRADED,True,41,2,5.6,0,1,67.74224049907932,HIGH
TASK-2465,Engineering,ROUTINE,NORMAL,GOOD,False,0,1,5.7,0,1,25.367363980791154,LOW
TASK-2466,S&T,LOW,NORMAL,FAIR,True,20,1,6.2,0,1,46.54616971091485,MEDIUM
TASK-2467,Engineering,MEDIUM,HIGH,DEGRADED,False,0,0,6.6,0,0,46.988187508881396,MEDIUM
TASK-2468,Engineering,HIGH,HIGH,FAILED,True,17,1,7.0,1,1,100.0,CRITICAL
TASK-2469,Traction,CRITICAL,IMMEDIATE,FAILED,True,29,0,7.0,1,1,100.0,CRITICAL
TASK-2470,Traction,HIGH,HIGH,FAILED,False,0,0,3.4,1,0,88.70582523663269,CRITICAL
TASK-2471,Traction,MEDIUM,MEDIUM,DEGRADED,False,0,0,5.7,0,1,32.88670985691439,LOW
TASK-2472,Engineering,HIGH,HIGH,POOR,True,16,1,3.4,1,1,100.0,CRITICAL
TASK-2473,Traction,HIGH,HIGH,DEGRADED,True,12,2,7.7,1,1,93.86421124327913,CRITICAL
TASK-2474,Engineering,MEDIUM,NORMAL,GOOD,True,16,1,6.1,0,0,51.56891450996274,MEDIUM
TASK-2475,Engineering,HIGH,HIGH,FAILED,False,0,2,7.0,1,1,81.71111956101399,CRITICAL
TASK-2476,S&T,ROUTINE,NORMAL,FAIR,False,0,2,7.3,0,1,20.8327818261456,LOW
TASK-2477,Traction,MEDIUM,HIGH,DEGRADED,False,0,2,6.2,0,1,58.64545700609285,MEDIUM
TASK-2478,Traction,CRITICAL,HIGH,FAILED,False,0,4,2.0,1,1,100.0,CRITICAL
TASK-2479,Traction,LOW,NORMAL,FAIR,True,13,2,2.7,0,1,44.62475422219577,LOW
TASK-2480,Engineering,MEDIUM,NORMAL,GOOD,True,5,0,1.9,0,1,45.22836862793331,MEDIUM
TASK-2481,Engineering,HIGH,IMMEDIATE,FAILED,True,4,0,1.4,1,1,100.0,CRITICAL
TASK-2482,Engineering,CRITICAL,IMMEDIATE,POOR,False,0,3,2.6,1,1,100.0,CRITICAL
TASK-2483,S&T,MEDIUM,MEDIUM,FAIR,False,0,3,1.7,0,0,47.67785227768378,MEDIUM
TASK-2484,S&T,ROUTINE,NORMAL,GOOD,False,0,1,3.0,0,1,19.773261025017245,LOW
TASK-2485,Traction,LOW,NORMAL,FAIR,False,0,1,0.8,0,0,16.662830335197505,LOW
TASK-2486,S&T,CRITICAL,IMMEDIATE,FAILED,True,25,3,0.9,1,0,100.0,CRITICAL
TASK-2487,Traction,CRITICAL,IMMEDIATE,FAILED,True,9,1,6.8,1,0,100.0,CRITICAL
TASK-2488,S&T,CRITICAL,HIGH,POOR,False,0,1,6.4,1,1,89.99443364368535,CRITICAL
TASK-2489,Traction,MEDIUM,MEDIUM,DEGRADED,False,0,2,1.0,0,1,36.86714373584713,LOW
TASK-2490,Traction,MEDIUM,MEDIUM,DEGRADED,True,8,3,4.4,0,1,50.97680739979527,MEDIUM
TASK-2491,Engineering,CRITICAL,IMMEDIATE,FAILED,True,13,6,1.0,1,1,100.0,CRITICAL
TASK-2492,Traction,ROUTINE,NORMAL,FAIR,True,15,0,3.6,0,0,39.35547675614808,LOW
TASK-2493,Traction,CRITICAL,HIGH,POOR,False,0,1,1.2,1,1,84.15693662758777,CRITICAL
TASK-2494,Engineering,ROUTINE,MEDIUM,FAIR,False,0,0,5.5,0,0,23.744410826787796,LOW
TASK-2495,S&T,MEDIUM,MEDIUM,DEGRADED,True,21,1,2.7,1,1,63.30287377883861,MEDIUM
TASK-2496,Traction,CRITICAL,HIGH,FAILED,True,5,1,4.1,1,0,100.0,CRITICAL
TASK-2497,Traction,ROUTINE,NORMAL,GOOD,True,11,2,1.4,0,1,40.76186384363784,LOW
TASK-2498,S&T,CRITICAL,HIGH,POOR,True,8,0,2.3,1,1,95.75217544037997,CRITICAL
TASK-2499,Traction,HIGH,HIGH,FAILED,True,21,3,7.4,1,1,100.0,CRITICAL
TASK-2500,Engineering,LOW,NORMAL,GOOD,False,0,2,5.6,0,1,14.184135450593375,LOW
TASK-2501,S&T,CRITICAL,HIGH,POOR,True,2,0,7.4,1,1,98.75885734693436,CRITICAL
TASK-2502,Engineering,HIGH,IMMEDIATE,POOR,True,25,0,2.4,1,1,100.0,CRITICAL
TASK-2503,Traction,HIGH,HIGH,DEGRADED,False,0,1,0.7,1,1,68.18529658333942,HIGH
TASK-2504,Traction,HIGH,MEDIUM,DEGRADED,False,0,0,4.4,1,1,66.6135160999449,HIGH
TASK-2505,Traction,CRITICAL,IMMEDIATE,POOR,True,27,2,4.2,1,1,100.0,CRITICAL
TASK-2506,S&T,MEDIUM,NORMAL,FAIR,False,0,0,2.9,0,1,24.900993331527033,LOW
TASK-2507,Engineering,ROUTINE,MEDIUM,GOOD,True,3,0,1.8,0,1,22.766071689422827,LOW
TASK-2508,Traction,CRITICAL,IMMEDIATE,FAILED,False,0,2,0.6,1,1,100.0,CRITICAL
TASK-2509,Engineering,ROUTINE,NORMAL,FAIR,False,0,0,5.5,0,1,22.208803248247396,LOW
TASK-2510,Engineering,CRITICAL,IMMEDIATE,POOR,False,0,3,6.8,1,1,100.0,CRITICAL
TASK-2511,Engineering,HIGH,HIGH,FAILED,False,0,1,6.7,1,1,86.91359931969352,CRITICAL
TASK-2512,Traction,CRITICAL,HIGH,POOR,True,21,2,5.3,1,1,100.0,CRITICAL
TASK-2513,Engineering,LOW,MEDIUM,FAIR,True,8,2,0.7,0,1,39.86736263808581,LOW
TASK-2514,Traction,HIGH,MEDIUM,DEGRADED,False,0,0,0.8,1,1,58.32110691129789,MEDIUM
TASK-2515,Engineering,LOW,NORMAL,GOOD,True,7,1,1.8,0,1,33.01690998106048,LOW
TASK-2516,S&T,CRITICAL,HIGH,FAILED,False,0,1,1.0,1,1,89.17773006688016,CRITICAL
TASK-2517,Engineering,MEDIUM,MEDIUM,DEGRADED,False,0,2,3.6,0,0,37.306654730581215,LOW
TASK-2518,S&T,HIGH,IMMEDIATE,POOR,True,6,1,3.7,1,1,100.0,CRITICAL
TASK-2519,Engineering,CRITICAL,HIGH,POOR,False,0,2,5.5,1,0,94.31701755430247,CRITICAL
TASK-2520,Traction,MEDIUM,NORMAL,GOOD,False,0,3,5.3,0,1,35.2650667491751,LOW
TASK-2521,Traction,LOW,NORMAL,GOOD,True,1,1,6.2,0,1,26.67863263220275,LOW
TASK-2522,Traction,ROUTINE,NORMAL,GOOD,False,0,1,5.8,0,1,27.681713979559248,LOW
TASK-2523,Engineering,MEDIUM,MEDIUM,DEGRADED,True,2,1,7.5,0,1,44.45938817285138,LOW
TASK-2524,Engineering,MEDIUM,HIGH,DEGRADED,False,0,1,6.4,0,1,32.485363390492275,LOW
TASK-2525,S&T,HIGH,HIGH,FAILED,False,0,2,1.1,1,0,81.96640283720221,CRITICAL
TASK-2526,S&T,CRITICAL,HIGH,POOR,True,3,0,3.5,1,0,94.81851179882885,CRITICAL
TASK-2527,Traction,ROUTINE,MEDIUM,GOOD,True,4,2,4.1,0,0,36.07491408727274,LOW
TASK-2528,Traction,MEDIUM,MEDIUM,FAIR,True,16,3,1.5,0,1,64.38497048687528,MEDIUM
TASK-2529,S&T,CRITICAL,IMMEDIATE,FAILED,True,21,0,2.7,1,1,100.0,CRITICAL
TASK-2530,Traction,ROUTINE,NORMAL,FAIR,True,19,0,2.7,0,1,32.05414357744335,LOW
TASK-2531,Traction,MEDIUM,HIGH,DEGRADED,False,0,2,7.7,0,1,55.09746511283315,MEDIUM
TASK-2532,Engineering,HIGH,HIGH,FAILED,False,0,2,7.1,1,0,85.70911656195179,CRITICAL
TASK-2533,Engineering,ROUTINE,NORMAL,GOOD,True,2,1,0.8,0,1,24.84979421625919,LOW
TASK-2534,Traction,CRITICAL,IMMEDIATE,FAILED,False,0,2,3.5,1,1,100.0,CRITICAL
TASK-2535,Traction,MEDIUM,NORMAL,GOOD,True,8,0,2.8,0,1,42.0327432890227,LOW
TASK-2536,Traction,HIGH,MEDIUM,DEGRADED,False,0,1,2.1,1,1,56.62448475941622,MEDIUM
TASK-2537,Traction,HIGH,HIGH,FAILED,False,0,1,1.6,1,1,89.24158781215078,CRITICAL
TASK-2538,Engineering,ROUTINE,NORMAL,FAIR,False,0,1,5.1,0,1,23.18865863952993,LOW
TASK-2539,S&T,MEDIUM,MEDIUM,FAIR,False,0,0,1.4,0,0,36.76176055157027,LOW
TASK-2540,Traction,CRITICAL,IMMEDIATE,FAILED,True,6,1,6.9,1,1,100.0,CRITICAL
TASK-2541,Traction,CRITICAL,IMMEDIATE,POOR,True,6,0,5.3,1,0,100.0,CRITICAL
TASK-2542,Engineering,HIGH,HIGH,DEGRADED,False,0,1,5.5,1,1,66.17399000017356,HIGH
TASK-2543,S&T,LOW,NORMAL,GOOD,True,22,1,2.0,0,0,40.99782686652819,LOW
TASK-2544,Traction,CRITICAL,HIGH,POOR,False,0,2,7.6,1,1,99.23356356887882,CRITICAL
TASK-2545,S&T,ROUTINE,NORMAL,FAIR,True,2,0,5.5,0,1,24.62629749114791,LOW
TASK-2546,Engineering,LOW,MEDIUM,GOOD,True,10,2,2.6,0,0,35.131124338987405,LOW
TASK-2547,Engineering,LOW,NORMAL,FAIR,True,5,3,2.9,0,1,34.32929513399336,LOW
TASK-2548,S&T,MEDIUM,MEDIUM,DEGRADED,True,11,1,5.1,1,0,64.31033208815143,MEDIUM
TASK-2549,S&T,CRITICAL,HIGH,FAILED,True,12,0,1.6,1,1,100.0,CRITICAL
TASK-2550,Traction,MEDIUM,MEDIUM,DEGRADED,True,2,3,6.6,0,0,39.2193214852073,LOW
TASK-2551,S&T,ROUTINE,NORMAL,FAIR,False,0,1,0.5,0,1,28.285424460526727,LOW
TASK-2552,Engineering,MEDIUM,NORMAL,FAIR,True,2,2,5.8,0,1,41.88253294531582,LOW
TASK-2553,Traction,HIGH,HIGH,POOR,True,5,1,2.6,1,0,95.10342853211297,CRITICAL
TASK-2554,S&T,ROUTINE,NORMAL,FAIR,True,10,1,5.6,0,1,35.14360335237958,LOW
TASK-2555,S&T,HIGH,HIGH,POOR,False,0,1,4.0,1,0,74.32937653275575,HIGH
TASK-2556,S&T,HIGH,HIGH,DEGRADED,False,0,1,4.2,1,0,76.91525074339475,HIGH
TASK-2557,Engineering,LOW,NORMAL,FAIR,True,15,1,5.3,0,1,47.84290182136691,MEDIUM
TASK-2558,Engineering,MEDIUM,MEDIUM,DEGRADED,False,0,0,6.9,0,1,31.098557327886137,LOW
TASK-2559,Engineering,CRITICAL,HIGH,FAILED,True,1,0,2.0,1,1,95.75989246732652,CRITICAL
TASK-2560,Traction,ROUTINE,NORMAL,GOOD,True,8,0,6.0,0,1,34.846870784118565,LOW
TASK-2561,Engineering,HIGH,HIGH,FAILED,True,23,2,5.2,1,0,100.0,CRITICAL
TASK-2562,Traction,CRITICAL,HIGH,FAILED,False,0,1,3.5,1,1,100.0,CRITICAL
TASK-2563,Traction,LOW,NORMAL,FAIR,True,4,2,7.3,0,1,29.895394813084614,LOW
TASK-2564,Traction,HIGH,MEDIUM,DEGRADED,False,0,0,4.6,1,0,58.78708481855103,MEDIUM
TASK-2565,Traction,CRITICAL,HIGH,POOR,True,8,0,5.4,1,1,96.52752819582552,CRITICAL
TASK-2566,Engineering,MEDIUM,MEDIUM,DEGRADED,True,18,1,3.4,0,0,61.57911890798802,MEDIUM
TASK-2567,Traction,MEDIUM,HIGH,DEGRADED,False,0,0,1.5,0,1,40.89242943757381,LOW
TASK-2568,Traction,CRITICAL,IMMEDIATE,FAILED,False,0,0,1.2,1,0,100.0,CRITICAL
TASK-2569,S&T,CRITICAL,IMMEDIATE,FAILED,True,29,4,0.6,1,1,100.0,CRITICAL
TASK-2570,Engineering,CRITICAL,HIGH,FAILED,True,10,0,5.6,1,1,100.0,CRITICAL
TASK-2571,Traction,ROUTINE,MEDIUM,FAIR,False,0,0,3.8,0,1,25.235171820042517,LOW
TASK-2572,Engineering,HIGH,HIGH,FAILED,False,0,0,7.6,1,1,89.16252390686884,CRITICAL
TASK-2573,Traction,MEDIUM,NORMAL,FAIR,False,0,1,6.0,0,1,34.93125187765126,LOW
TASK-2574,S&T,HIGH,HIGH,DEGRADED,True,4,1,0.8,1,0,82.29135215090936,CRITICAL
TASK-2575,S&T,ROUTINE,NORMAL,FAIR,True,26,1,1.0,0,1,31.701092153949556,LOW
TASK-2576,S&T,ROUTINE,NORMAL,FAIR,False,0,4,0.8,0,0,34.503127005279794,LOW
TASK-2577,Engineering,HIGH,HIGH,FAILED,True,3,0,7.3,1,0,92.98525489419863,CRITICAL
TASK-2578,S&T,HIGH,IMMEDIATE,POOR,True,9,1,4.0,1,1,100.0,CRITICAL
TASK-2579,S&T,ROUTINE,NORMAL,GOOD,True,2,2,0.8,0,0,31.068930893671418,LOW
TASK-2580,Traction,MEDIUM,HIGH,DEGRADED,True,10,3,1.3,0,1,61.49771011015276,MEDIUM
TASK-2581,Traction,HIGH,HIGH,DEGRADED,False,0,0,6.8,1,0,61.20020558925375,MEDIUM
TASK-2582,S&T,CRITICAL,IMMEDIATE,FAILED,False,0,1,4.6,1,0,100.0,CRITICAL
TASK-2583,Engineering,HIGH,IMMEDIATE,POOR,False,0,1,5.4,1,1,90.87895364102967,CRITICAL
TASK-2584,S&T,CRITICAL,IMMEDIATE,FAILED,False,0,2,5.4,1,0,100.0,CRITICAL
TASK-2585,Engineering,HIGH,HIGH,FAILED,False,0,2,2.4,1,1,89.5520902347306,CRITICAL
TASK-2586,Engineering,CRITICAL,HIGH,FAILED,True,13,1,3.5,1,1,100.0,CRITICAL
TASK-2587,S&T,CRITICAL,IMMEDIATE,POOR,True,7,2,6.4,1,1,100.0,CRITICAL
TASK-2588,Traction,MEDIUM,NORMAL,GOOD,False,0,2,4.3,0,1,35.73523228798435,LOW
TASK-2589,Engineering,HIGH,IMMEDIATE,POOR,False,0,1,1.7,1,1,94.16289661042424,CRITICAL
TASK-2590,Engineering,CRITICAL,HIGH,FAILED,False,0,2,5.3,1,0,97.43535516404992,CRITICAL
TASK-2591,Engineering,ROUTINE,NORMAL,FAIR,False,0,1,1.9,0,1,22.62192383453857,LOW
TASK-2592,S&T,CRITICAL,IMMEDIATE,FAILED,True,3,1,5.9,1,1,100.0,CRITICAL
TASK-2593,Engineering,LOW,NORMAL,FAIR,False,0,1,3.6,0,1,13.590156080072946,LOW
TASK-2594,S&T,LOW,NORMAL,GOOD,False,0,0,4.1,0,1,33.23423011494365,LOW
TASK-2595,S&T,HIGH,HIGH,POOR,False,0,1,2.1,1,0,84.72694740462337,CRITICAL
TASK-2596,Engineering,HIGH,HIGH,POOR,True,14,2,0.7,1,1,100.0,CRITICAL
TASK-2597,Engineering,ROUTINE,NORMAL,FAIR,True,27,4,4.8,0,1,41.461787094532795,LOW
TASK-2598,Engineering,LOW,NORMAL,FAIR,False,0,1,5.2,0,0,16.304692461918243,LOW
TASK-2599,Engineering,CRITICAL,IMMEDIATE,FAILED,True,30,1,1.6,1,0,100.0,CRITICAL
TASK-2600,Engineering,MEDIUM,HIGH,DEGRADED,False,0,1,7.4,0,1,43.63230176051378,LOW
TASK-2601,Traction,CRITICAL,HIGH,POOR,True,30,2,5.0,1,1,100.0,CRITICAL
TASK-2602,Traction,ROUTINE,MEDIUM,GOOD,False,0,1,7.1,0,1,30.290337877784268,LOW
TASK-2603,Traction,MEDIUM,MEDIUM,DEGRADED,False,0,0,7.6,0,0,34.364003080087784,LOW
TASK-2604,Engineering,CRITICAL,IMMEDIATE,POOR,True,7,0,5.0,1,1,96.8877292950403,CRITICAL
TASK-2605,S&T,HIGH,IMMEDIATE,POOR,False,0,1,1.8,1,1,90.63186194803366,CRITICAL
TASK-2606,S&T,CRITICAL,HIGH,FAILED,True,9,1,1.6,1,0,100.0,CRITICAL
TASK-2607,Traction,MEDIUM,NORMAL,FAIR,False,0,1,5.2,0,1,31.249260839912804,LOW
TASK-2608,Traction,HIGH,MEDIUM,DEGRADED,False,0,2,1.8,1,1,64.46684430401582,MEDIUM
TASK-2609,Traction,MEDIUM,HIGH,DEGRADED,False,0,0,7.4,0,1,56.28928150128824,MEDIUM
TASK-2610,Traction,CRITICAL,IMMEDIATE,FAILED,True,7,2,1.0,1,1,100.0,CRITICAL
TASK-2611,S&T,CRITICAL,IMMEDIATE,POOR,False,0,0,1.5,1,1,100.0,CRITICAL
TASK-2612,Engineering,ROUTINE,NORMAL,FAIR,True,8,0,4.4,0,1,41.92972388044004,LOW
TASK-2613,Traction,CRITICAL,IMMEDIATE,POOR,False,0,0,6.7,1,1,99.84951646354733,CRITICAL
TASK-2614,Traction,ROUTINE,MEDIUM,GOOD,True,9,1,1.8,0,1,46.20484747128216,MEDIUM
TASK-2615,Traction,HIGH,HIGH,FAILED,True,16,1,0.8,1,1,100.0,CRITICAL
TASK-2616,Traction,HIGH,HIGH,FAILED,True,21,6,6.1,1,1,100.0,CRITICAL
TASK-2617,Engineering,CRITICAL,HIGH,POOR,False,0,2,5.4,1,1,94.72909049010644,CRITICAL
TASK-2618,Traction,CRITICAL,HIGH,FAILED,False,0,3,6.7,1,1,90.98330071495279,CRITICAL
TASK-2619,Traction,CRITICAL,HIGH,POOR,True,19,1,4.4,1,0,100.0,CRITICAL
TASK-2620,S&T,ROUTINE,NORMAL,GOOD,False,0,1,5.7,0,0,26.452092927451037,LOW
TASK-2621,S&T,MEDIUM,NORMAL,FAIR,True,17,1,7.5,0,1,51.075616218773675,MEDIUM
TASK-2622,S&T,CRITICAL,IMMEDIATE,POOR,False,0,1,3.1,1,0,100.0,CRITICAL
TASK-2623,Traction,CRITICAL,HIGH,FAILED,True,24,1,1.2,1,1,100.0,CRITICAL
TASK-2624,Engineering,HIGH,HIGH,DEGRADED,False,0,0,4.1,1,0,70.75769440412635,HIGH
TASK-2625,Engineering,LOW,NORMAL,GOOD,False,0,4,2.6,0,1,28.128138362010127,LOW
TASK-2626,Traction,HIGH,IMMEDIATE,POOR,False,0,0,2.4,1,1,90.17384507296634,CRITICAL
TASK-2627,Engineering,MEDIUM,NORMAL,GOOD,False,0,0,4.8,0,1,34.657846155318786,LOW
TASK-2628,Engineering,HIGH,IMMEDIATE,FAILED,True,3,2,0.6,1,1,97.0807305657068,CRITICAL
TASK-2629,Traction,LOW,MEDIUM,FAIR,False,0,5,5.7,0,0,40.46309295628413,LOW
TASK-2630,S&T,HIGH,HIGH,POOR,False,0,1,3.2,1,1,78.24416390188061,HIGH
TASK-2631,Engineering,HIGH,HIGH,POOR,True,6,3,5.4,1,1,100.0,CRITICAL
TASK-2632,S&T,HIGH,HIGH,DEGRADED,True,28,0,6.9,1,1,85.17392961624726,CRITICAL
TASK-2633,S&T,CRITICAL,IMMEDIATE,FAILED,False,0,2,3.2,1,1,100.0,CRITICAL
TASK-2634,S&T,HIGH,HIGH,POOR,False,0,2,6.2,1,1,88.05456886307849,CRITICAL
TASK-2635,S&T,HIGH,IMMEDIATE,FAILED,True,16,3,6.4,1,0,100.0,CRITICAL
TASK-2636,S&T,LOW,MEDIUM,FAIR,True,17,3,3.3,0,0,53.27695972051259,MEDIUM
TASK-2637,Traction,CRITICAL,IMMEDIATE,POOR,True,3,2,2.4,1,1,100.0,CRITICAL
TASK-2638,S&T,HIGH,HIGH,FAILED,False,0,0,3.1,1,1,74.99146999137233,HIGH
TASK-2639,Traction,HIGH,IMMEDIATE,POOR,True,13,3,6.0,1,0,100.0,CRITICAL
TASK-2640,Traction,LOW,NORMAL,GOOD,True,29,1,6.1,0,1,34.30170290523556,LOW
TASK-2641,S&T,MEDIUM,NORMAL,FAIR,False,0,0,1.3,0,1,30.612454626872275,LOW
TASK-2642,Traction,HIGH,HIGH,POOR,True,3,1,6.4,1,1,80.28749581540306,CRITICAL
TASK-2643,Traction,HIGH,IMMEDIATE,FAILED,True,26,2,5.7,1,1,100.0,CRITICAL
TASK-2644,Traction,ROUTINE,MEDIUM,GOOD,False,0,0,1.7,0,0,17.63462178467693,LOW
TASK-2645,Traction,LOW,MEDIUM,GOOD,True,22,1,6.5,0,0,50.88207459319216,MEDIUM
TASK-2646,Engineering,HIGH,HIGH,POOR,False,0,1,7.4,1,1,81.266841129782,CRITICAL
TASK-2647,S&T,LOW,NORMAL,GOOD,False,0,0,1.0,0,1,16.741565406543984,LOW
TASK-2648,Engineering,MEDIUM,MEDIUM,DEGRADED,True,4,1,1.1,0,1,52.55961619284913,MEDIUM
TASK-2649,Engineering,HIGH,IMMEDIATE,POOR,False,0,1,7.5,1,0,99.49273180334927,CRITICAL
TASK-2650,S&T,HIGH,HIGH,FAILED,False,0,1,5.4,1,1,80.15386443264711,CRITICAL
TASK-2651,S&T,CRITICAL,IMMEDIATE,FAILED,False,0,0,0.9,1,1,100.0,CRITICAL
TASK-2652,Engineering,CRITICAL,IMMEDIATE,POOR,False,0,1,3.8,1,0,100.0,CRITICAL
TASK-2653,Engineering,CRITICAL,IMMEDIATE,FAILED,False,0,3,2.6,1,1,100.0,CRITICAL
TASK-2654,Engineering,CRITICAL,HIGH,FAILED,False,0,1,4.3,1,1,94.49004019909398,CRITICAL
TASK-2655,Traction,ROUTINE,NORMAL,FAIR,False,0,1,5.1,0,1,26.618889263219884,LOW
TASK-2656,Traction,ROUTINE,NORMAL,GOOD,False,0,1,3.2,0,1,19.08438584337851,LOW
TASK-2657,Traction,MEDIUM,NORMAL,GOOD,True,15,2,7.8,0,1,58.72021074074542,MEDIUM
TASK-2658,Engineering,MEDIUM,HIGH,DEGRADED,False,0,1,6.3,0,0,43.468668260479454,LOW
TASK-2659,S&T,HIGH,HIGH,POOR,False,0,4,3.5,1,1,93.79235998236663,CRITICAL
TASK-2660,Engineering,CRITICAL,IMMEDIATE,FAILED,False,0,0,0.6,1,1,100.0,CRITICAL
TASK-2661,Traction,LOW,NORMAL,GOOD,True,28,3,7.4,0,1,47.966475690832404,MEDIUM
TASK-2662,Traction,MEDIUM,MEDIUM,DEGRADED,False,0,1,5.9,0,0,33.32362640311222,LOW
TASK-2663,Traction,CRITICAL,HIGH,FAILED,False,0,3,3.1,1,1,97.57878909742378,CRITICAL
TASK-2664,S&T,ROUTINE,NORMAL,FAIR,True,5,4,5.0,0,1,41.03659093257967,LOW
TASK-2665,Engineering,CRITICAL,HIGH,POOR,False,0,0,7.5,1,0,100.0,CRITICAL
TASK-2666,Traction,ROUTINE,MEDIUM,GOOD,True,27,1,2.5,0,1,50.348422446582525,MEDIUM
TASK-2667,S&T,CRITICAL,HIGH,FAILED,False,0,2,1.3,1,1,98.68931966765346,CRITICAL
TASK-2668,Engineering,CRITICAL,IMMEDIATE,FAILED,True,23,2,2.7,1,1,100.0,CRITICAL
TASK-2669,Engineering,CRITICAL,HIGH,FAILED,True,16,2,7.7,1,0,100.0,CRITICAL
TASK-2670,Traction,CRITICAL,IMMEDIATE,FAILED,False,0,2,2.4,1,1,100.0,CRITICAL
TASK-2671,S&T,HIGH,IMMEDIATE,POOR,False,0,1,4.7,1,1,95.5625222104608,CRITICAL
TASK-2672,Engineering,MEDIUM,MEDIUM,DEGRADED,False,0,4,7.7,0,0,44.970465525141094,LOW
TASK-2673,S&T,CRITICAL,HIGH,POOR,True,13,3,7.2,1,0,100.0,CRITICAL
TASK-2674,Engineering,CRITICAL,HIGH,POOR,False,0,1,1.4,1,1,89.39116671350465,CRITICAL
TASK-2675,Engineering,HIGH,HIGH,POOR,False,0,1,5.3,1,0,78.40900619747119,HIGH
TASK-2676,Engineering,LOW,NORMAL,FAIR,False,0,1,6.5,0,1,10.911954599239927,LOW
TASK-2677,S&T,HIGH,MEDIUM,DEGRADED,False,0,4,4.4,1,1,67.61258612834057,HIGH
TASK-2678,Engineering,HIGH,HIGH,DEGRADED,False,0,1,2.4,1,1,77.63727183561275,HIGH
TASK-2679,Engineering,HIGH,IMMEDIATE,POOR,True,2,2,5.6,1,1,87.73133879390438,CRITICAL
TASK-2680,S&T,MEDIUM,NORMAL,GOOD,True,20,2,4.7,0,1,50.5992381712409,MEDIUM
TASK-2681,Engineering,HIGH,IMMEDIATE,POOR,False,0,3,2.9,1,1,98.23965366386473,CRITICAL
TASK-2682,Engineering,CRITICAL,HIGH,FAILED,False,0,3,2.5,1,1,95.45262227580128,CRITICAL
TASK-2683,Traction,ROUTINE,NORMAL,FAIR,True,4,1,4.2,0,1,22.423913860145404,LOW
TASK-2684,Engineering,ROUTINE,NORMAL,FAIR,False,0,2,6.0,0,1,32.96557163803748,LOW
TASK-2685,S&T,ROUTINE,NORMAL,FAIR,False,0,1,2.2,0,1,23.227163621118923,LOW
TASK-2686,Engineering,CRITICAL,HIGH,FAILED,False,0,3,3.2,1,1,92.673076808795,CRITICAL
TASK-2687,Engineering,LOW,NORMAL,GOOD,False,0,0,7.4,0,0,22.312596197960392,LOW
TASK-2688,Traction,CRITICAL,IMMEDIATE,POOR,False,0,3,5.1,1,1,100.0,CRITICAL
TASK-2689,Traction,ROUTINE,NORMAL,GOOD,True,11,1,6.9,0,1,38.19922750297436,LOW
TASK-2690,S&T,HIGH,HIGH,FAILED,True,2,2,2.9,1,1,97.60569172505176,CRITICAL
TASK-2691,Traction,MEDIUM,HIGH,DEGRADED,False,0,1,4.2,0,0,39.5150550556785,LOW
TASK-2692,Traction,MEDIUM,HIGH,DEGRADED,False,0,2,3.5,0,1,53.358622120920685,MEDIUM
TASK-2693,Traction,ROUTINE,NORMAL,FAIR,True,20,1,0.9,0,1,52.74353146968526,MEDIUM
TASK-2694,S&T,CRITICAL,IMMEDIATE,POOR,True,9,1,7.5,1,1,100.0,CRITICAL
TASK-2695,Engineering,HIGH,IMMEDIATE,FAILED,False,0,2,3.1,1,1,96.22703379783724,CRITICAL
TASK-2696,Traction,ROUTINE,NORMAL,FAIR,False,0,2,3.9,0,1,27.744680569029633,LOW
TASK-2697,Engineering,CRITICAL,IMMEDIATE,FAILED,True,9,1,4.0,1,1,100.0,CRITICAL
TASK-2698,Traction,ROUTINE,NORMAL,GOOD,False,0,3,0.6,0,1,22.191773805321183,LOW
TASK-2699,Engineering,CRITICAL,HIGH,POOR,False,0,2,4.9,1,0,91.30881434962606,CRITICAL
TASK-2700,S&T,MEDIUM,MEDIUM,DEGRADED,False,0,2,5.1,1,0,46.72553917355345,MEDIUM
TASK-2701,S&T,ROUTINE,NORMAL,FAIR,False,0,0,4.6,0,0,15.293092569303674,LOW
TASK-2702,Engineering,MEDIUM,MEDIUM,DEGRADED,True,4,1,4.0,0,1,48.49792232163835,MEDIUM
TASK-2703,Traction,MEDIUM,HIGH,DEGRADED,True,18,3,3.2,0,1,77.2576443460695,HIGH
TASK-2704,S&T,CRITICAL,HIGH,POOR,True,11,3,2.1,1,1,100.0,CRITICAL
TASK-2705,Traction,HIGH,MEDIUM,DEGRADED,True,30,2,3.2,1,0,90.81524160638375,CRITICAL
TASK-2706,S&T,MEDIUM,HIGH,DEGRADED,True,9,3,3.9,1,0,72.36643847116684,HIGH
TASK-2707,Traction,MEDIUM,MEDIUM,FAIR,False,0,2,7.8,0,1,36.51473756582159,LOW
TASK-2708,Traction,ROUTINE,NORMAL,FAIR,False,0,1,6.6,0,1,28.114039610667042,LOW
TASK-2709,Traction,HIGH,MEDIUM,DEGRADED,False,0,0,6.5,1,1,67.27155050898246,HIGH
TASK-2710,Traction,HIGH,IMMEDIATE,POOR,False,0,0,6.9,1,1,86.29252286294667,CRITICAL
TASK-2711,Engineering,LOW,NORMAL,FAIR,False,0,0,6.5,0,1,19.593071528579394,LOW
TASK-2712,Traction,ROUTINE,MEDIUM,FAIR,False,0,0,4.0,0,1,31.65499274564849,LOW
TASK-2713,Engineering,ROUTINE,NORMAL,FAIR,True,4,2,3.7,0,1,22.85134671881996,LOW
TASK-2714,Engineering,CRITICAL,HIGH,FAILED,False,0,0,4.5,1,1,97.55451689543291,CRITICAL
TASK-2715,S&T,HIGH,IMMEDIATE,POOR,True,10,0,2.8,1,1,100.0,CRITICAL
TASK-2716,Traction,CRITICAL,HIGH,FAILED,False,0,0,0.9,1,1,98.16823482035694,CRITICAL
TASK-2717,Engineering,LOW,NORMAL,FAIR,True,17,0,1.0,0,0,44.506481056030125,LOW
TASK-2718,S&T,HIGH,HIGH,POOR,False,0,1,6.8,1,1,79.01718535207674,HIGH
TASK-2719,Engineering,HIGH,HIGH,POOR,False,0,0,6.1,1,1,78.3583952865472,HIGH
TASK-2720,S&T,HIGH,MEDIUM,DEGRADED,True,2,1,3.2,1,1,61.02670407927098,MEDIUM
TASK-2721,Traction,HIGH,HIGH,DEGRADED,True,4,2,3.1,1,1,81.07141245869066,CRITICAL
TASK-2722,S&T,LOW,MEDIUM,GOOD,False,0,0,3.1,0,1,20.523914279237225,LOW
TASK-2723,Traction,HIGH,IMMEDIATE,FAILED,False,0,1,2.0,1,1,100.0,CRITICAL
TASK-2724,Traction,CRITICAL,IMMEDIATE,FAILED,True,1,3,1.8,1,1,100.0,CRITICAL
TASK-2725,S&T,MEDIUM,HIGH,DEGRADED,False,0,1,2.9,1,0,57.1260456120108,MEDIUM
TASK-2726,Traction,CRITICAL,HIGH,POOR,False,0,1,6.3,1,0,89.33228187088459,CRITICAL
TASK-2727,S&T,ROUTINE,NORMAL,GOOD,False,0,2,3.4,0,1,23.612734963668636,LOW
TASK-2728,S&T,HIGH,HIGH,POOR,False,0,0,5.2,1,1,76.32880026154179,HIGH
TASK-2729,Engineering,MEDIUM,NORMAL,FAIR,True,5,3,5.3,0,1,44.03238152252413,LOW
TASK-2730,S&T,HIGH,HIGH,POOR,False,0,2,5.2,1,0,82.95541021314564,CRITICAL
TASK-2731,Traction,HIGH,IMMEDIATE,POOR,True,10,0,6.9,1,1,100.0,CRITICAL
TASK-2732,Engineering,LOW,NORMAL,GOOD,False,0,2,1.7,0,1,18.761125269304504,LOW
TASK-2733,Engineering,HIGH,MEDIUM,DEGRADED,False,0,2,2.9,1,1,75.16557958566088,HIGH
TASK-2734,S&T,MEDIUM,MEDIUM,DEGRADED,False,0,3,5.0,1,1,57.12210019191125,MEDIUM
TASK-2735,S&T,MEDIUM,MEDIUM,DEGRADED,True,3,0,7.2,1,0,57.43964133998932,MEDIUM
TASK-2736,S&T,CRITICAL,IMMEDIATE,FAILED,False,0,3,4.4,1,0,100.0,CRITICAL
TASK-2737,S&T,CRITICAL,HIGH,POOR,True,11,3,1.8,1,1,100.0,CRITICAL
TASK-2738,Engineering,ROUTINE,MEDIUM,FAIR,True,8,0,6.0,0,1,34.825866043661314,LOW
TASK-2739,Traction,HIGH,MEDIUM,DEGRADED,True,11,3,7.6,1,0,85.6042087401667,CRITICAL
TASK-2740,Traction,ROUTINE,NORMAL,GOOD,False,0,0,2.1,0,0,21.207045581850235,LOW
TASK-2741,S&T,MEDIUM,NORMAL,GOOD,True,11,0,1.2,0,1,45.07602221676284,MEDIUM
TASK-2742,S&T,CRITICAL,HIGH,FAILED,True,16,2,0.9,1,0,100.0,CRITICAL
TASK-2743,S&T,HIGH,HIGH,FAILED,True,3,0,6.2,1,1,88.85351271482246,CRITICAL
TASK-2744,Engineering,LOW,MEDIUM,GOOD,False,0,2,2.5,0,1,25.26285373375398,LOW
TASK-2745,Engineering,MEDIUM,NORMAL,GOOD,True,11,4,5.4,0,1,59.11240585116555,MEDIUM
TASK-2746,S&T,HIGH,HIGH,DEGRADED,False,0,1,2.2,1,0,74.86779418438712,HIGH
TASK-2747,Traction,MEDIUM,MEDIUM,DEGRADED,False,0,2,3.8,0,0,42.43060804386935,LOW
TASK-2748,Engineering,ROUTINE,NORMAL,FAIR,False,0,2,4.5,0,1,25.891552798204295,LOW
TASK-2749,Engineering,ROUTINE,NORMAL,GOOD,False,0,0,0.8,0,1,20.514977998808405,LOW
TASK-2750,S&T,MEDIUM,HIGH,DEGRADED,False,0,4,7.0,1,0,71.72264804150701,HIGH
TASK-2751,S&T,CRITICAL,HIGH,FAILED,True,4,1,7.5,1,0,100.0,CRITICAL
TASK-2752,Traction,CRITICAL,HIGH,POOR,True,19,1,1.5,1,1,100.0,CRITICAL
TASK-2753,Traction,CRITICAL,HIGH,FAILED,True,9,0,1.8,1,0,96.00258735861824,CRITICAL
TASK-2754,Traction,HIGH,IMMEDIATE,POOR,False,0,0,5.2,1,1,88.86336206342833,CRITICAL
TASK-2755,Traction,HIGH,IMMEDIATE,FAILED,True,23,1,3.8,1,1,100.0,CRITICAL
TASK-2756,Traction,CRITICAL,IMMEDIATE,FAILED,True,3,3,2.8,1,1,100.0,CRITICAL
TASK-2757,S&T,CRITICAL,IMMEDIATE,POOR,True,15,0,4.5,1,1,100.0,CRITICAL
TASK-2758,Engineering,HIGH,HIGH,POOR,True,18,0,2.8,1,1,100.0,CRITICAL
TASK-2759,S&T,MEDIUM,MEDIUM,DEGRADED,False,0,2,1.7,1,0,51.25641829325866,MEDIUM
TASK-2760,Engineering,LOW,MEDIUM,GOOD,False,0,5,4.4,0,1,25.775598135809474,LOW
TASK-2761,Engineering,HIGH,HIGH,DEGRADED,False,0,2,2.7,1,0,68.57018414629147,HIGH
TASK-2762,Traction,MEDIUM,NORMAL,GOOD,True,5,0,5.7,0,1,43.313240293430965,LOW
TASK-2763,S&T,HIGH,HIGH,POOR,False,0,1,2.7,1,1,81.08549216288037,CRITICAL
TASK-2764,S&T,MEDIUM,MEDIUM,DEGRADED,True,20,2,5.0,1,1,68.31177697865361,HIGH
TASK-2765,Engineering,HIGH,HIGH,FAILED,False,0,2,3.3,1,1,79.2411175820241,HIGH
TASK-2766,S&T,HIGH,IMMEDIATE,FAILED,False,0,2,3.8,1,1,100.0,CRITICAL
TASK-2767,Engineering,LOW,NORMAL,FAIR,False,0,0,5.9,0,1,17.837121214384602,LOW
TASK-2768,Traction,CRITICAL,HIGH,POOR,True,7,4,6.7,1,0,100.0,CRITICAL
TASK-2769,Engineering,MEDIUM,HIGH,DEGRADED,False,0,1,1.1,0,1,43.129542591901135,LOW
TASK-2770,Traction,ROUTINE,NORMAL,FAIR,True,15,3,4.4,0,0,48.742316367702855,MEDIUM
TASK-2771,Traction,MEDIUM,MEDIUM,DEGRADED,True,11,1,2.6,0,1,51.6327347200978,MEDIUM
TASK-2772,Traction,CRITICAL,IMMEDIATE,FAILED,True,13,1,6.6,1,1,100.0,CRITICAL
TASK-2773,S&T,MEDIUM,NORMAL,FAIR,True,11,3,6.9,0,1,57.12005528628586,MEDIUM
TASK-2774,Engineering,MEDIUM,NORMAL,FAIR,True,16,1,2.7,0,0,51.36420701562558,MEDIUM
TASK-2775,Traction,CRITICAL,HIGH,POOR,False,0,0,5.1,1,0,94.78758888821663,CRITICAL
TASK-2776,S&T,HIGH,HIGH,FAILED,True,28,3,4.2,1,1,100.0,CRITICAL
TASK-2777,S&T,LOW,NORMAL,GOOD,True,4,0,1.6,0,1,23.054198060055292,LOW
TASK-2778,Traction,MEDIUM,MEDIUM,GOOD,False,0,1,1.9,0,1,37.90730531740319,LOW
TASK-2779,Engineering,HIGH,HIGH,DEGRADED,True,23,0,2.5,1,0,88.02489067780816,CRITICAL
TASK-2780,Traction,CRITICAL,HIGH,POOR,False,0,3,6.0,1,1,100.0,CRITICAL
TASK-2781,Engineering,ROUTINE,NORMAL,GOOD,True,18,3,1.6,0,1,44.711377192068525,LOW
TASK-2782,S&T,ROUTINE,MEDIUM,FAIR,False,0,1,3.1,0,1,17.311049219092524,LOW
TASK-2783,S&T,HIGH,HIGH,POOR,False,0,4,8.0,1,1,81.16336769357522,CRITICAL
TASK-2784,S&T,ROUTINE,NORMAL,GOOD,False,0,1,3.0,0,0,25.91732824162367,LOW
TASK-2785,Engineering,ROUTINE,NORMAL,GOOD,True,10,0,2.5,0,1,37.90572778504337,LOW
TASK-2786,S&T,LOW,NORMAL,GOOD,False,0,0,4.6,0,1,21.18940385099824,LOW
TASK-2787,Engineering,LOW,NORMAL,FAIR,False,0,1,7.2,0,1,19.207899157562334,LOW
TASK-2788,S&T,CRITICAL,HIGH,POOR,True,11,0,6.7,1,0,100.0,CRITICAL
TASK-2789,Engineering,MEDIUM,NORMAL,FAIR,True,17,3,3.4,0,0,65.17067282181195,HIGH
TASK-2790,S&T,ROUTINE,NORMAL,FAIR,False,0,3,6.0,0,1,20.710316689955455,LOW
TASK-2791,Engineering,ROUTINE,NORMAL,FAIR,False,0,0,4.0,0,1,14.351662703447316,LOW
TASK-2792,Engineering,HIGH,HIGH,FAILED,False,0,0,5.5,1,1,78.45657934505431,HIGH
TASK-2793,Engineering,CRITICAL,HIGH,POOR,True,13,0,3.4,1,1,100.0,CRITICAL
TASK-2794,S&T,HIGH,HIGH,DEGRADED,True,5,5,1.7,1,1,90.95350444674318,CRITICAL
TASK-2795,Traction,ROUTINE,MEDIUM,GOOD,False,0,0,6.1,0,1,28.560933288135185,LOW
TASK-2796,Traction,CRITICAL,IMMEDIATE,FAILED,False,0,1,1.4,1,1,100.0,CRITICAL
TASK-2797,S&T,MEDIUM,MEDIUM,DEGRADED,True,50,1,2.0,1,1,74.57859809585068,HIGH
TASK-2798,Engineering,ROUTINE,NORMAL,FAIR,False,0,2,7.8,0,0,23.445802314036357,LOW
TASK-2799,Engineering,CRITICAL,IMMEDIATE,POOR,True,26,2,2.9,1,1,100.0,CRITICAL
TASK-2800,Engineering,HIGH,HIGH,DEGRADED,True,5,0,4.9,1,1,77.94178995578037,HIGH
TASK-2801,S&T,LOW,NORMAL,FAIR,False,0,2,0.6,0,1,19.943107495522202,LOW
TASK-2802,Engineering,HIGH,IMMEDIATE,FAILED,True,19,2,6.4,1,1,100.0,CRITICAL
TASK-2803,S&T,CRITICAL,HIGH,FAILED,False,0,2,1.7,1,1,100.0,CRITICAL
TASK-2804,Engineering,MEDIUM,MEDIUM,FAIR,False,0,2,1.7,0,0,32.61291025933808,LOW
TASK-2805,Engineering,HIGH,IMMEDIATE,FAILED,False,0,0,3.0,1,1,98.91066507101972,CRITICAL
TASK-2806,Traction,ROUTINE,NORMAL,GOOD,True,2,0,0.9,0,1,27.23079631370142,LOW
TASK-2807,Traction,MEDIUM,NORMAL,FAIR,False,0,3,5.8,0,0,41.05220941413268,LOW
TASK-2808,Engineering,ROUTINE,NORMAL,FAIR,False,0,0,4.2,0,1,18.94732529823504,LOW
TASK-2809,S&T,HIGH,IMMEDIATE,FAILED,False,0,2,6.4,1,0,93.59866470109654,CRITICAL
TASK-2810,S&T,CRITICAL,HIGH,POOR,False,0,1,6.0,1,1,99.6509281189828,CRITICAL
TASK-2811,Engineering,CRITICAL,HIGH,POOR,False,0,2,3.2,1,1,94.13301560626782,CRITICAL
TASK-2812,Engineering,HIGH,HIGH,DEGRADED,False,0,1,7.2,1,0,73.29045988300668,HIGH
TASK-2813,S&T,CRITICAL,HIGH,POOR,False,0,3,4.7,1,1,98.81836827135078,CRITICAL
TASK-2814,Traction,HIGH,HIGH,POOR,True,16,3,1.9,1,1,100.0,CRITICAL
TASK-2815,Engineering,CRITICAL,HIGH,FAILED,False,0,2,3.1,1,1,100.0,CRITICAL
TASK-2816,Traction,HIGH,HIGH,POOR,False,0,2,2.6,1,1,78.83733361895295,HIGH
TASK-2817,Traction,HIGH,HIGH,FAILED,True,8,1,1.7,1,1,100.0,CRITICAL
TASK-2818,Traction,LOW,NORMAL,FAIR,False,0,2,3.9,0,1,20.40788380157578,LOW
TASK-2819,S&T,CRITICAL,IMMEDIATE,FAILED,False,0,3,3.3,1,1,100.0,CRITICAL
TASK-2820,Engineering,CRITICAL,IMMEDIATE,FAILED,False,0,1,3.3,1,1,100.0,CRITICAL
TASK-2821,Engineering,ROUTINE,NORMAL,GOOD,True,5,0,5.1,0,1,21.344790085923293,LOW
TASK-2822,S&T,CRITICAL,IMMEDIATE,FAILED,False,0,5,2.3,1,0,100.0,CRITICAL
TASK-2823,Traction,ROUTINE,NORMAL,GOOD,True,8,3,5.4,0,1,40.10154908742602,LOW
TASK-2824,Traction,CRITICAL,IMMEDIATE,POOR,True,5,1,1.9,1,1,100.0,CRITICAL
TASK-2825,Traction,CRITICAL,HIGH,POOR,False,0,2,6.2,1,1,97.92563292730027,CRITICAL
TASK-2826,Engineering,HIGH,HIGH,FAILED,False,0,2,2.6,1,1,90.68131475592948,CRITICAL
TASK-2827,S&T,HIGH,MEDIUM,DEGRADED,False,0,3,1.3,1,1,58.147624773160146,MEDIUM
TASK-2828,Traction,LOW,NORMAL,GOOD,True,11,3,0.8,0,1,40.78705192931351,LOW
TASK-2829,Engineering,ROUTINE,NORMAL,FAIR,True,18,2,7.1,0,1,43.54878559279839,LOW
TASK-2830,Engineering,MEDIUM,NORMAL,GOOD,True,6,0,4.1,0,1,28.930876218594612,LOW
TASK-2831,Engineering,ROUTINE,NORMAL,GOOD,False,0,2,4.8,0,1,32.02467250876951,LOW
TASK-2832,S&T,HIGH,HIGH,POOR,True,8,2,4.4,1,0,92.61972816725597,CRITICAL
TASK-2833,Traction,CRITICAL,HIGH,FAILED,False,0,3,2.4,1,1,100.0,CRITICAL
TASK-2834,S&T,ROUTINE,MEDIUM,FAIR,False,0,1,5.0,0,1,29.775704053127846,LOW
TASK-2835,Engineering,ROUTINE,NORMAL,GOOD,True,34,3,7.5,0,0,52.47963930786875,MEDIUM
TASK-2836,Engineering,HIGH,HIGH,POOR,True,1,1,7.5,1,0,80.28301468899812,CRITICAL
TASK-2837,Engineering,CRITICAL,IMMEDIATE,POOR,False,0,1,6.5,1,1,96.61128032534828,CRITICAL
TASK-2838,Engineering,MEDIUM,HIGH,DEGRADED,True,3,4,4.7,0,0,63.05596205727139,MEDIUM
TASK-2839,S&T,HIGH,MEDIUM,DEGRADED,True,12,2,6.5,1,0,80.53231032856391,CRITICAL
TASK-2840,Engineering,CRITICAL,HIGH,FAILED,False,0,2,2.5,1,1,99.61290534340236,CRITICAL
TASK-2841,Engineering,LOW,NORMAL,GOOD,True,1,2,6.8,0,1,33.278559889581246,LOW
TASK-2842,Engineering,MEDIUM,NORMAL,FAIR,True,10,1,7.7,0,1,46.20071067082131,MEDIUM
TASK-2843,Engineering,ROUTINE,NORMAL,GOOD,True,22,2,5.9,0,0,29.166234656296346,LOW
TASK-2844,Traction,CRITICAL,IMMEDIATE,POOR,True,3,3,1.9,1,0,100.0,CRITICAL
TASK-2845,Traction,MEDIUM,NORMAL,FAIR,True,20,1,4.8,0,1,44.828922013215156,LOW
TASK-2846,Engineering,HIGH,HIGH,FAILED,True,23,3,6.1,1,0,100.0,CRITICAL
TASK-2847,S&T,LOW,NORMAL,GOOD,True,7,2,6.2,0,1,39.35107871135609,LOW
TASK-2848,Traction,MEDIUM,MEDIUM,DEGRADED,False,0,1,5.6,0,1,27.05922690539252,LOW
TASK-2849,Traction,HIGH,HIGH,POOR,False,0,1,7.1,1,1,77.21036080252367,HIGH
TASK-2850,Engineering,LOW,NORMAL,FAIR,False,0,2,4.6,0,1,30.88637193254234,LOW
TASK-2851,Traction,MEDIUM,MEDIUM,DEGRADED,False,0,1,5.4,0,1,39.67151024865083,LOW
TASK-2852,Traction,HIGH,IMMEDIATE,FAILED,True,9,2,3.8,1,1,100.0,CRITICAL
TASK-2853,S&T,HIGH,HIGH,DEGRADED,False,0,2,4.6,1,1,77.1118955923656,HIGH
TASK-2854,S&T,MEDIUM,HIGH,DEGRADED,True,8,0,3.6,1,1,63.643338661826135,MEDIUM
TASK-2855,Traction,CRITICAL,HIGH,POOR,False,0,0,6.7,1,1,98.7205159223299,CRITICAL
TASK-2856,S&T,HIGH,HIGH,FAILED,True,21,2,2.3,1,1,100.0,CRITICAL
TASK-2857,Traction,LOW,NORMAL,FAIR,False,0,2,3.3,0,1,26.66011216136393,LOW
TASK-2858,Traction,MEDIUM,MEDIUM,DEGRADED,False,0,0,3.2,0,1,44.76472276999753,LOW
TASK-2859,S&T,HIGH,HIGH,POOR,False,0,0,7.7,1,1,80.67400711645102,CRITICAL
TASK-2860,Engineering,ROUTINE,NORMAL,GOOD,True,13,2,7.9,0,0,46.54492223246218,MEDIUM
TASK-2861,Traction,ROUTINE,NORMAL,GOOD,True,9,1,4.4,0,1,42.87248683785258,LOW
TASK-2862,S&T,ROUTINE,NORMAL,GOOD,True,25,4,2.8,0,1,48.4665132128378,MEDIUM
TASK-2863,Engineering,ROUTINE,NORMAL,FAIR,False,0,2,6.9,0,0,23.065157852660285,LOW
TASK-2864,Engineering,HIGH,HIGH,DEGRADED,False,0,2,7.4,1,0,79.24200936570813,HIGH
TASK-2865,Traction,HIGH,HIGH,FAILED,False,0,1,4.8,1,0,76.35094908070067,HIGH
TASK-2866,Traction,LOW,NORMAL,FAIR,True,24,3,1.2,0,1,49.39690686505953,MEDIUM
TASK-2867,S&T,HIGH,HIGH,DEGRADED,False,0,2,1.7,1,1,69.79113546160562,HIGH
TASK-2868,S&T,HIGH,HIGH,DEGRADED,False,0,0,7.2,1,0,69.8235204140566,HIGH
TASK-2869,Engineering,LOW,NORMAL,FAIR,True,9,1,2.4,0,1,30.59377025699665,LOW
TASK-2870,S&T,MEDIUM,NORMAL,GOOD,False,0,5,4.8,0,0,47.83895754897832,MEDIUM
TASK-2871,Traction,ROUTINE,NORMAL,FAIR,False,0,0,6.0,0,1,22.47392717665049,LOW
TASK-2872,Traction,MEDIUM,MEDIUM,DEGRADED,True,6,0,6.4,0,0,51.96298927670177,MEDIUM
TASK-2873,Engineering,HIGH,HIGH,POOR,True,2,0,6.7,1,0,97.22938725144502,CRITICAL
TASK-2874,Traction,HIGH,IMMEDIATE,FAILED,True,16,3,6.6,1,1,100.0,CRITICAL
TASK-2875,Engineering,HIGH,IMMEDIATE,FAILED,True,1,0,5.3,1,1,95.95575687465418,CRITICAL
TASK-2876,Engineering,HIGH,IMMEDIATE,FAILED,False,0,2,3.4,1,1,97.93283651456038,CRITICAL
TASK-2877,Engineering,HIGH,HIGH,DEGRADED,False,0,2,3.1,1,0,62.372899229301595,MEDIUM
TASK-2878,S&T,HIGH,IMMEDIATE,POOR,True,9,0,7.5,1,1,100.0,CRITICAL
TASK-2879,Engineering,ROUTINE,NORMAL,FAIR,True,5,0,6.1,0,1,29.761371888242895,LOW
TASK-2880,Traction,ROUTINE,NORMAL,GOOD,True,6,1,5.3,0,0,26.693559488070495,LOW
TASK-2881,Traction,HIGH,HIGH,POOR,False,0,1,0.9,1,1,80.821732997424,CRITICAL
TASK-2882,Traction,ROUTINE,MEDIUM,GOOD,False,0,2,2.9,0,1,29.40181162981515,LOW
TASK-2883,Traction,ROUTINE,NORMAL,FAIR,False,0,1,3.0,0,0,32.15579356536615,LOW
TASK-2884,Traction,ROUTINE,MEDIUM,FAIR,True,4,1,1.6,0,1,27.859591200784145,LOW
TASK-2885,Traction,CRITICAL,HIGH,POOR,False,0,1,7.8,1,1,100.0,CRITICAL
TASK-2886,Traction,HIGH,HIGH,FAILED,True,16,1,4.3,1,1,100.0,CRITICAL
TASK-2887,Engineering,CRITICAL,HIGH,POOR,True,11,1,2.7,1,0,100.0,CRITICAL
TASK-2888,S&T,MEDIUM,NORMAL,FAIR,True,20,0,1.5,0,1,59.75861585201808,MEDIUM
TASK-2889,Engineering,CRITICAL,HIGH,POOR,True,12,2,4.8,1,0,100.0,CRITICAL
TASK-2890,Engineering,CRITICAL,IMMEDIATE,FAILED,False,0,4,3.5,1,1,100.0,CRITICAL
TASK-2891,Engineering,CRITICAL,IMMEDIATE,POOR,True,5,2,4.3,1,1,100.0,CRITICAL
TASK-2892,Traction,LOW,NORMAL,FAIR,False,0,1,6.2,0,1,25.074154838388445,LOW
TASK-2893,S&T,CRITICAL,HIGH,FAILED,False,0,0,2.0,1,0,92.54525525134066,CRITICAL
TASK-2894,S&T,CRITICAL,IMMEDIATE,FAILED,False,0,2,2.0,1,0,100.0,CRITICAL
TASK-2895,Traction,CRITICAL,HIGH,FAILED,True,1,0,2.3,1,1,100.0,CRITICAL
TASK-2896,Engineering,MEDIUM,MEDIUM,DEGRADED,True,3,1,6.3,0,0,34.24991821916234,LOW
TASK-2897,S&T,HIGH,HIGH,FAILED,True,17,1,1.2,1,1,100.0,CRITICAL
TASK-2898,Traction,CRITICAL,IMMEDIATE,POOR,False,0,1,3.7,1,1,100.0,CRITICAL
TASK-2899,S&T,LOW,NORMAL,FAIR,True,17,0,2.9,0,1,40.56707599099079,LOW
TASK-2900,Traction,LOW,MEDIUM,GOOD,False,0,5,6.3,0,0,33.25246561520615,LOW
TASK-2901,Engineering,MEDIUM,MEDIUM,DEGRADED,True,6,2,5.1,0,1,42.09403230285251,LOW
TASK-2902,S&T,HIGH,IMMEDIATE,FAILED,False,0,4,1.6,1,0,100.0,CRITICAL
TASK-2903,Engineering,MEDIUM,NORMAL,FAIR,False,0,0,2.0,0,1,34.23385554504122,LOW
TASK-2904,S&T,ROUTINE,NORMAL,FAIR,True,9,1,6.2,0,1,36.56363060595893,LOW
TASK-2905,Engineering,LOW,NORMAL,GOOD,True,4,2,6.0,0,0,36.05388873411747,LOW
TASK-2906,Engineering,CRITICAL,HIGH,FAILED,False,0,2,7.5,1,1,100.0,CRITICAL
TASK-2907,S&T,LOW,NORMAL,GOOD,True,25,5,3.1,0,1,38.27960551325312,LOW
TASK-2908,Engineering,HIGH,MEDIUM,DEGRADED,True,16,1,3.9,1,1,78.69926066331762,HIGH
TASK-2909,Engineering,MEDIUM,HIGH,DEGRADED,False,0,2,2.1,0,1,48.39483918848562,MEDIUM
TASK-2910,Traction,MEDIUM,MEDIUM,FAIR,False,0,0,2.0,0,0,37.50374182988421,LOW
TASK-2911,Traction,HIGH,MEDIUM,DEGRADED,True,11,3,4.6,1,1,78.5622426551839,HIGH
TASK-2912,Traction,ROUTINE,NORMAL,FAIR,False,0,2,5.7,0,1,26.27437900331922,LOW
TASK-2913,Traction,LOW,NORMAL,GOOD,True,18,0,3.3,0,0,40.47340694735365,LOW
TASK-2914,Traction,CRITICAL,HIGH,FAILED,False,0,1,0.8,1,1,100.0,CRITICAL
TASK-2915,Engineering,MEDIUM,NORMAL,GOOD,False,0,1,2.6,0,1,33.74892633787642,LOW
TASK-2916,Traction,CRITICAL,IMMEDIATE,FAILED,True,20,2,2.5,1,1,100.0,CRITICAL
TASK-2917,S&T,MEDIUM,NORMAL,GOOD,False,0,0,1.0,0,1,35.561462249458636,LOW
TASK-2918,Traction,MEDIUM,MEDIUM,DEGRADED,False,0,0,5.5,0,1,45.08903224396515,MEDIUM
TASK-2919,Traction,HIGH,HIGH,DEGRADED,False,0,2,7.0,1,1,76.51287387185718,HIGH
TASK-2920,Engineering,HIGH,MEDIUM,DEGRADED,False,0,2,7.0,1,1,59.893568079635706,MEDIUM
TASK-2921,Traction,HIGH,IMMEDIATE,POOR,False,0,2,2.2,1,1,97.92996406351565,CRITICAL
TASK-2922,S&T,CRITICAL,HIGH,FAILED,False,0,2,7.8,1,0,100.0,CRITICAL
TASK-2923,Engineering,MEDIUM,MEDIUM,DEGRADED,True,5,2,4.1,0,1,54.51422123588985,MEDIUM
TASK-2924,Traction,HIGH,HIGH,FAILED,False,0,1,1.2,1,0,85.68579750268803,CRITICAL
TASK-2925,Engineering,CRITICAL,IMMEDIATE,FAILED,True,30,0,7.8,1,1,100.0,CRITICAL
TASK-2926,Traction,ROUTINE,NORMAL,GOOD,False,0,2,0.8,0,1,25.493483311606333,LOW
TASK-2927,Traction,MEDIUM,HIGH,DEGRADED,False,0,2,3.0,0,1,42.85825617381048,LOW
TASK-2928,S&T,ROUTINE,NORMAL,FAIR,True,13,2,0.6,0,0,33.72573960434428,LOW
TASK-2929,Traction,MEDIUM,HIGH,DEGRADED,False,0,2,3.2,0,1,49.91281495347671,MEDIUM
TASK-2930,S&T,LOW,MEDIUM,FAIR,True,20,1,8.0,0,1,50.685906533492876,MEDIUM
TASK-2931,Traction,HIGH,MEDIUM,DEGRADED,False,0,3,6.6,1,1,66.08714476479051,HIGH
TASK-2932,Traction,MEDIUM,MEDIUM,DEGRADED,True,14,2,7.1,0,1,63.816271882945195,MEDIUM
TASK-2933,Engineering,CRITICAL,HIGH,FAILED,True,3,1,7.6,1,1,94.77125447975214,CRITICAL
TASK-2934,Engineering,ROUTINE,NORMAL,FAIR,False,0,3,3.1,0,1,26.63586959597143,LOW
TASK-2935,S&T,ROUTINE,NORMAL,FAIR,False,0,4,1.2,0,0,23.560604072319116,LOW
TASK-2936,S&T,HIGH,HIGH,FAILED,True,1,0,7.7,1,1,92.44597486046973,CRITICAL
TASK-2937,Traction,LOW,NORMAL,FAIR,False,0,2,3.6,0,0,24.154365921021263,LOW
TASK-2938,Traction,MEDIUM,NORMAL,FAIR,True,7,2,3.7,0,0,54.97359291924272,MEDIUM
TASK-2939,S&T,CRITICAL,IMMEDIATE,FAILED,True,17,1,3.0,1,1,100.0,CRITICAL
TASK-2940,Traction,ROUTINE,NORMAL,FAIR,True,16,5,2.1,0,1,47.2424213494851,MEDIUM
TASK-2941,Engineering,HIGH,HIGH,FAILED,True,1,1,4.6,1,1,80.5957827122879,CRITICAL
TASK-2942,Engineering,MEDIUM,NORMAL,FAIR,False,0,0,2.8,0,1,31.34083474910987,LOW
TASK-2943,Traction,CRITICAL,IMMEDIATE,FAILED,True,9,2,7.3,1,1,100.0,CRITICAL
TASK-2944,S&T,ROUTINE,NORMAL,FAIR,False,0,0,5.4,0,0,13.479984110816812,LOW
TASK-2945,Traction,LOW,NORMAL,FAIR,True,14,0,2.9,0,0,46.35264612073571,MEDIUM
TASK-2946,Traction,HIGH,IMMEDIATE,FAILED,False,0,2,7.6,1,1,100.0,CRITICAL
TASK-2947,Engineering,ROUTINE,NORMAL,FAIR,True,10,2,2.9,0,1,44.208664263272986,LOW
TASK-2948,Engineering,ROUTINE,NORMAL,GOOD,False,0,3,6.2,0,1,29.766067232080786,LOW
TASK-2949,S&T,CRITICAL,IMMEDIATE,POOR,False,0,1,2.8,1,1,100.0,CRITICAL
TASK-2950,Traction,HIGH,MEDIUM,DEGRADED,False,0,3,1.6,1,1,53.84938812136322,MEDIUM
TASK-2951,Engineering,ROUTINE,MEDIUM,GOOD,False,0,2,1.5,0,0,37.09334023104313,LOW
TASK-2952,Engineering,CRITICAL,IMMEDIATE,FAILED,False,0,0,5.1,1,0,100.0,CRITICAL
TASK-2953,Traction,HIGH,IMMEDIATE,FAILED,True,12,1,5.1,1,1,100.0,CRITICAL
TASK-2954,Traction,ROUTINE,NORMAL,FAIR,False,0,1,2.2,0,1,20.34996565687557,LOW
TASK-2955,Engineering,HIGH,MEDIUM,DEGRADED,True,1,0,1.1,1,1,59.680420879154894,MEDIUM
TASK-2956,S&T,LOW,NORMAL,FAIR,False,0,2,4.3,0,1,28.68376631765213,LOW
TASK-2957,Traction,HIGH,HIGH,POOR,True,11,2,5.8,1,0,100.0,CRITICAL
TASK-2958,S&T,MEDIUM,NORMAL,FAIR,True,4,0,6.9,0,0,45.84122227580887,MEDIUM
TASK-2959,S&T,CRITICAL,IMMEDIATE,POOR,True,12,1,1.5,1,0,100.0,CRITICAL
TASK-2960,Engineering,ROUTINE,NORMAL,FAIR,False,0,1,0.7,0,1,14.96594727697564,LOW
TASK-2961,Engineering,MEDIUM,MEDIUM,DEGRADED,False,0,2,7.6,0,1,45.45090319389301,MEDIUM
TASK-2962,Engineering,ROUTINE,MEDIUM,FAIR,False,0,2,6.2,0,1,25.740502030624786,LOW
TASK-2963,Engineering,LOW,MEDIUM,FAIR,True,1,1,7.5,0,1,16.706605956598295,LOW
TASK-2964,S&T,HIGH,HIGH,FAILED,True,23,4,4.2,1,0,100.0,CRITICAL
TASK-2965,S&T,HIGH,HIGH,POOR,True,19,1,7.2,1,1,100.0,CRITICAL
TASK-2966,S&T,CRITICAL,IMMEDIATE,POOR,False,0,0,6.3,1,0,98.28302262637852,CRITICAL
TASK-2967,Traction,HIGH,IMMEDIATE,POOR,True,6,2,5.9,1,1,97.37475470226343,CRITICAL
TASK-2968,S&T,HIGH,HIGH,FAILED,True,9,1,7.5,1,1,100.0,CRITICAL
TASK-2969,Traction,HIGH,IMMEDIATE,FAILED,False,0,2,4.5,1,1,91.80147351690982,CRITICAL
TASK-2970,Traction,ROUTINE,MEDIUM,GOOD,False,0,0,4.4,0,1,32.04522983206045,LOW
TASK-2971,S&T,HIGH,HIGH,POOR,True,13,0,6.7,1,0,97.95926185273431,CRITICAL
TASK-2972,Engineering,ROUTINE,NORMAL,FAIR,False,0,1,4.4,0,0,32.92115300877451,LOW
TASK-2973,S&T,MEDIUM,MEDIUM,GOOD,False,0,0,4.7,0,1,33.56435071885065,LOW
TASK-2974,Traction,LOW,NORMAL,GOOD,True,17,1,1.9,0,0,46.93101215430763,MEDIUM
TASK-2975,S&T,HIGH,IMMEDIATE,POOR,True,5,0,7.1,1,0,100.0,CRITICAL
TASK-2976,S&T,HIGH,IMMEDIATE,POOR,False,0,1,1.7,1,1,91.32901155357274,CRITICAL
TASK-2977,S&T,HIGH,IMMEDIATE,FAILED,True,13,5,7.4,1,1,100.0,CRITICAL
TASK-2978,Traction,HIGH,IMMEDIATE,FAILED,True,13,0,7.3,1,1,100.0,CRITICAL
TASK-2979,S&T,HIGH,IMMEDIATE,POOR,False,0,2,1.2,1,1,89.10292130892422,CRITICAL
TASK-2980,Traction,ROUTINE,MEDIUM,GOOD,False,0,1,1.8,0,1,29.760622923649215,LOW
TASK-2981,Traction,CRITICAL,IMMEDIATE,FAILED,False,0,0,1.5,1,1,99.16407873076169,CRITICAL
TASK-2982,S&T,MEDIUM,MEDIUM,DEGRADED,False,0,0,3.9,1,1,50.15211840021238,MEDIUM
TASK-2983,Engineering,HIGH,IMMEDIATE,POOR,True,2,1,4.9,1,1,84.09726588754253,CRITICAL
TASK-2984,Traction,MEDIUM,NORMAL,FAIR,False,0,2,7.1,0,0,26.333039555406348,LOW
TASK-2985,Engineering,MEDIUM,MEDIUM,DEGRADED,False,0,0,2.9,0,0,31.377338654828755,LOW
TASK-2986,Traction,MEDIUM,NORMAL,FAIR,False,0,3,5.9,0,1,32.20918090250036,LOW
TASK-2987,Engineering,ROUTINE,NORMAL,GOOD,True,18,3,1.4,0,1,47.47012479805457,MEDIUM
TASK-2988,S&T,MEDIUM,HIGH,DEGRADED,False,0,1,1.1,1,0,61.96145674258878,MEDIUM
TASK-2989,Traction,HIGH,IMMEDIATE,POOR,False,0,0,6.0,1,1,88.20901004356112,CRITICAL
TASK-2990,Traction,HIGH,HIGH,FAILED,False,0,1,7.6,1,0,92.09119105549318,CRITICAL
TASK-2991,S&T,HIGH,IMMEDIATE,FAILED,True,11,3,3.4,1,1,100.0,CRITICAL
TASK-2992,Engineering,MEDIUM,MEDIUM,DEGRADED,True,8,2,4.7,0,1,54.52434040898535,MEDIUM
TASK-2993,Traction,LOW,NORMAL,FAIR,True,12,1,1.7,0,1,33.961977462167695,LOW
TASK-2994,Engineering,ROUTINE,NORMAL,FAIR,False,0,4,6.3,0,0,31.768221408167317,LOW
TASK-2995,Engineering,CRITICAL,IMMEDIATE,POOR,True,4,1,2.8,1,1,100.0,CRITICAL
TASK-2996,Traction,HIGH,IMMEDIATE,POOR,True,35,2,2.7,1,1,100.0,CRITICAL
TASK-2997,Engineering,ROUTINE,NORMAL,GOOD,True,14,1,7.2,0,0,46.31469855621112,MEDIUM
TASK-2998,Engineering,ROUTINE,NORMAL,GOOD,False,0,1,5.2,0,0,21.77716550287259,LOW
TASK-2999,S&T,ROUTINE,NORMAL,GOOD,True,4,5,3.9,0,1,36.13414765462407,LOW
TASK-3000,S&T,CRITICAL,IMMEDIATE,FAILED,True,15,1,6.6,1,1,100.0,CRITICAL
TASK-3001,Traction,HIGH,IMMEDIATE,POOR,True,22,1,2.3,1,1,100.0,CRITICAL
TASK-3002,Traction,CRITICAL,HIGH,POOR,True,20,1,3.9,1,1,100.0,CRITICAL
TASK-3003,S&T,LOW,NORMAL,GOOD,True,34,3,5.0,0,1,48.35392487197622,MEDIUM
TASK-3004,Engineering,ROUTINE,NORMAL,FAIR,False,0,0,7.1,0,0,18.334801121305407,LOW
TASK-3005,S&T,HIGH,IMMEDIATE,FAILED,True,7,3,5.2,1,0,100.0,CRITICAL
TASK-3006,Engineering,ROUTINE,NORMAL,GOOD,True,1,1,1.9,0,1,19.766840804815384,LOW
TASK-3007,Engineering,HIGH,HIGH,DEGRADED,True,15,2,0.8,1,1,95.00764802891251,CRITICAL
TASK-3008,Engineering,CRITICAL,HIGH,FAILED,False,0,3,6.8,1,1,100.0,CRITICAL
TASK-3009,S&T,MEDIUM,HIGH,DEGRADED,False,0,1,7.4,1,0,51.85863479710605,MEDIUM
TASK-3010,Engineering,ROUTINE,NORMAL,GOOD,False,0,1,3.6,0,1,24.52769438451604,LOW
TASK-3011,Engineering,LOW,NORMAL,FAIR,True,1,2,5.5,0,1,13.681672299979365,LOW
TASK-3012,Traction,CRITICAL,IMMEDIATE,FAILED,False,0,2,4.8,1,1,100.0,CRITICAL
TASK-3013,Traction,ROUTINE,MEDIUM,FAIR,False,0,0,7.7,0,1,27.688350591009485,LOW
TASK-3014,Traction,CRITICAL,HIGH,FAILED,True,29,1,3.2,1,1,100.0,CRITICAL
TASK-3015,Engineering,ROUTINE,NORMAL,GOOD,False,0,2,6.3,0,1,20.850149840721553,LOW
TASK-3016,S&T,MEDIUM,HIGH,DEGRADED,True,4,2,7.2,1,1,69.92527960289463,HIGH
TASK-3017,Engineering,CRITICAL,IMMEDIATE,POOR,False,0,1,6.8,1,1,100.0,CRITICAL
TASK-3018,Engineering,HIGH,MEDIUM,DEGRADED,False,0,1,4.0,1,1,59.83646186031457,MEDIUM
TASK-3019,Engineering,HIGH,MEDIUM,DEGRADED,False,0,4,3.0,1,0,68.38366429696478,HIGH
TASK-3020,S&T,CRITICAL,IMMEDIATE,FAILED,True,10,1,2.1,1,1,100.0,CRITICAL
TASK-3021,Engineering,HIGH,IMMEDIATE,FAILED,True,15,2,0.9,1,1,100.0,CRITICAL
TASK-3022,Traction,CRITICAL,HIGH,FAILED,False,0,4,7.9,1,1,100.0,CRITICAL
TASK-3023,S&T,CRITICAL,HIGH,FAILED,False,0,0,7.5,1,1,96.55319549782395,CRITICAL
TASK-3024,Traction,MEDIUM,HIGH,DEGRADED,False,0,3,3.7,0,1,51.67679993046109,MEDIUM
TASK-3025,S&T,MEDIUM,MEDIUM,DEGRADED,False,0,2,4.4,1,0,62.03509504124641,MEDIUM
TASK-3026,Traction,MEDIUM,MEDIUM,DEGRADED,False,0,0,7.5,0,1,33.39460285270376,LOW
TASK-3027,Traction,CRITICAL,HIGH,FAILED,True,21,2,4.2,1,1,100.0,CRITICAL
TASK-3028,Traction,CRITICAL,IMMEDIATE,POOR,False,0,3,4.2,1,1,100.0,CRITICAL
TASK-3029,Engineering,HIGH,HIGH,FAILED,False,0,1,2.2,1,1,87.64682169139876,CRITICAL
TASK-3030,S&T,MEDIUM,NORMAL,FAIR,True,7,2,0.5,0,0,39.102630402127275,LOW
TASK-3031,Engineering,HIGH,HIGH,POOR,True,5,1,5.2,1,0,91.29149907466385,CRITICAL
TASK-3032,Engineering,MEDIUM,NORMAL,FAIR,False,0,2,6.5,0,1,42.948494947981914,LOW
TASK-3033,S&T,CRITICAL,HIGH,POOR,False,0,3,0.8,1,0,90.96526475195701,CRITICAL
TASK-3034,S&T,HIGH,IMMEDIATE,FAILED,True,24,1,6.5,1,1,100.0,CRITICAL
TASK-3035,Engineering,MEDIUM,MEDIUM,GOOD,True,3,1,5.3,0,0,42.31794557183138,LOW
TASK-3036,Traction,HIGH,HIGH,DEGRADED,True,7,4,2.4,1,1,82.8473977198352,CRITICAL
TASK-3037,Engineering,MEDIUM,MEDIUM,DEGRADED,True,12,1,2.8,0,1,59.217751456110605,MEDIUM
TASK-3038,Traction,MEDIUM,MEDIUM,DEGRADED,False,0,1,6.3,0,1,39.913652791637816,LOW
TASK-3039,Engineering,MEDIUM,HIGH,DEGRADED,False,0,2,3.1,0,1,45.14500493590636,MEDIUM
TASK-3040,Traction,CRITICAL,HIGH,FAILED,False,0,2,5.1,1,1,98.49986070529332,CRITICAL
TASK-3041,Engineering,ROUTINE,NORMAL,FAIR,False,0,2,2.0,0,1,17.936296925625975,LOW
TASK-3042,S&T,CRITICAL,IMMEDIATE,POOR,False,0,0,7.4,1,1,100.0,CRITICAL
TASK-3043,Engineering,ROUTINE,NORMAL,FAIR,False,0,1,4.1,0,1,16.575160062597615,LOW
TASK-3044,Traction,CRITICAL,HIGH,POOR,True,1,2,7.2,1,1,98.40159588629776,CRITICAL
TASK-3045,Traction,HIGH,MEDIUM,DEGRADED,False,0,2,4.0,1,1,56.87157959213752,MEDIUM
TASK-3046,S&T,LOW,NORMAL,GOOD,True,6,2,6.8,0,1,32.557249742284945,LOW
TASK-3047,S&T,HIGH,HIGH,FAILED,True,2,1,5.9,1,1,99.12174766581148,CRITICAL
TASK-3048,S&T,CRITICAL,IMMEDIATE,FAILED,True,15,1,4.5,1,1,100.0,CRITICAL
TASK-3049,Engineering,CRITICAL,IMMEDIATE,FAILED,True,15,1,5.6,1,0,100.0,CRITICAL
TASK-3050,S&T,ROUTINE,NORMAL,GOOD,True,3,3,7.8,0,0,31.705380394016476,LOW
TASK-3051,S&T,LOW,NORMAL,GOOD,False,0,1,3.0,0,1,26.064615504449726,LOW
TASK-3052,S&T,HIGH,IMMEDIATE,FAILED,False,0,1,6.8,1,1,96.64146826857515,CRITICAL
TASK-3053,Traction,CRITICAL,HIGH,FAILED,True,17,0,3.4,1,0,100.0,CRITICAL
TASK-3054,Traction,ROUTINE,NORMAL,GOOD,False,0,1,7.0,0,1,25.63365272857674,LOW
TASK-3055,S&T,MEDIUM,MEDIUM,DEGRADED,False,0,2,5.8,1,0,56.637193259299984,MEDIUM
TASK-3056,S&T,HIGH,HIGH,POOR,False,0,1,1.2,1,0,77.56667482657812,HIGH
TASK-3057,Engineering,HIGH,MEDIUM,DEGRADED,True,11,1,3.9,1,1,86.05676573988768,CRITICAL
TASK-3058,S&T,LOW,NORMAL,FAIR,False,0,3,4.4,0,1,24.731451324668008,LOW
TASK-3059,Engineering,LOW,NORMAL,GOOD,True,2,0,3.3,0,0,24.88101158930058,LOW
TASK-3060,Engineering,LOW,MEDIUM,FAIR,True,32,2,7.4,0,0,57.929719241347954,MEDIUM
TASK-3061,S&T,CRITICAL,IMMEDIATE,FAILED,False,0,0,0.7,1,1,100.0,CRITICAL
TASK-3062,S&T,CRITICAL,IMMEDIATE,FAILED,True,22,1,1.7,1,1,100.0,CRITICAL
TASK-3063,S&T,CRITICAL,IMMEDIATE,POOR,True,3,1,6.0,1,1,100.0,CRITICAL
TASK-3064,Traction,MEDIUM,MEDIUM,DEGRADED,False,0,3,6.3,0,1,39.18669014321961,LOW
TASK-3065,Engineering,MEDIUM,NORMAL,GOOD,False,0,5,6.7,0,1,48.390278002262974,MEDIUM
TASK-3066,Traction,ROUTINE,MEDIUM,FAIR,False,0,3,2.0,0,1,32.44045260993663,LOW
TASK-3067,Engineering,CRITICAL,IMMEDIATE,POOR,True,15,2,3.4,1,0,100.0,CRITICAL
TASK-3068,Traction,ROUTINE,NORMAL,GOOD,True,18,2,0.5,0,0,41.623382911589054,LOW
TASK-3069,Engineering,HIGH,IMMEDIATE,FAILED,True,18,2,7.0,1,1,100.0,CRITICAL
TASK-3070,S&T,HIGH,IMMEDIATE,POOR,True,1,1,7.2,1,0,86.36768044288128,CRITICAL
TASK-3071,Engineering,HIGH,IMMEDIATE,FAILED,False,0,1,6.2,1,1,94.34834049626383,CRITICAL
TASK-3072,Traction,MEDIUM,HIGH,DEGRADED,True,13,2,0.7,0,1,67.66878963839585,HIGH
TASK-3073,S&T,LOW,NORMAL,FAIR,True,4,1,2.9,0,1,22.74339092880385,LOW
TASK-3074,Engineering,MEDIUM,HIGH,DEGRADED,False,0,2,2.6,0,1,45.948588442610706,MEDIUM
TASK-3075,S&T,CRITICAL,HIGH,POOR,False,0,1,5.5,1,0,90.13932729329326,CRITICAL
TASK-3076,S&T,ROUTINE,MEDIUM,FAIR,False,0,1,1.7,0,0,32.44689918077304,LOW
TASK-3077,Engineering,ROUTINE,NORMAL,GOOD,False,0,0,7.7,0,1,23.277836992109183,LOW
TASK-3078,Traction,CRITICAL,IMMEDIATE,FAILED,True,15,3,1.3,1,1,100.0,CRITICAL
TASK-3079,Traction,HIGH,MEDIUM,DEGRADED,False,0,2,4.6,1,1,62.16698715080628,MEDIUM
TASK-3080,S&T,ROUTINE,NORMAL,FAIR,True,9,2,7.6,0,1,28.963285231752,LOW
TASK-3081,S&T,CRITICAL,HIGH,FAILED,True,9,2,2.3,1,0,100.0,CRITICAL
TASK-3082,Engineering,HIGH,MEDIUM,DEGRADED,True,3,1,5.1,1,1,60.89015940025293,MEDIUM
TASK-3083,S&T,CRITICAL,IMMEDIATE,FAILED,True,25,1,3.8,1,1,100.0,CRITICAL
TASK-3084,Engineering,MEDIUM,MEDIUM,GOOD,False,0,1,4.0,0,1,33.15872339804115,LOW
TASK-3085,Traction,ROUTINE,NORMAL,GOOD,True,11,1,1.3,0,0,42.896732735135465,LOW
TASK-3086,Engineering,LOW,NORMAL,GOOD,False,0,1,3.7,0,1,22.533348276835223,LOW
TASK-3087,Engineering,CRITICAL,IMMEDIATE,FAILED,True,18,3,7.2,1,1,100.0,CRITICAL
TASK-3088,Traction,HIGH,IMMEDIATE,POOR,False,0,2,5.1,1,1,96.5860510807948,CRITICAL
TASK-3089,S&T,HIGH,MEDIUM,DEGRADED,True,13,2,6.6,1,1,82.68183164571255,CRITICAL
TASK-3090,Traction,HIGH,IMMEDIATE,FAILED,False,0,1,1.1,1,1,100.0,CRITICAL
TASK-3091,S&T,CRITICAL,IMMEDIATE,FAILED,True,4,2,1.5,1,1,100.0,CRITICAL
TASK-3092,Traction,CRITICAL,HIGH,POOR,False,0,1,1.2,1,1,84.15969620273876,CRITICAL
TASK-3093,S&T,CRITICAL,IMMEDIATE,POOR,True,19,3,4.0,1,1,100.0,CRITICAL
TASK-3094,Engineering,LOW,NORMAL,FAIR,True,1,5,7.0,0,1,36.08799635129815,LOW
TASK-3095,Traction,HIGH,MEDIUM,DEGRADED,True,17,2,7.3,1,0,89.63119094218192,CRITICAL
TASK-3096,S&T,ROUTINE,NORMAL,FAIR,True,20,0,5.7,0,1,40.46210573669618,LOW
TASK-3097,Traction,MEDIUM,MEDIUM,DEGRADED,False,0,1,6.4,0,0,37.108327058517816,LOW
TASK-3098,S&T,CRITICAL,IMMEDIATE,POOR,True,1,2,4.2,1,1,100.0,CRITICAL
TASK-3099,Engineering,CRITICAL,HIGH,POOR,True,4,4,1.3,1,1,100.0,CRITICAL
TASK-3100,S&T,HIGH,IMMEDIATE,POOR,False,0,2,6.8,1,1,94.32790485685089,CRITICAL
TASK-3101,S&T,MEDIUM,MEDIUM,DEGRADED,False,0,1,5.0,1,1,47.46746357251095,MEDIUM
TASK-3102,Engineering,CRITICAL,HIGH,FAILED,True,9,2,1.3,1,1,100.0,CRITICAL
TASK-3103,Traction,LOW,NORMAL,GOOD,False,0,1,2.9,0,1,17.717490214402886,LOW
TASK-3104,Traction,MEDIUM,NORMAL,GOOD,True,15,3,6.4,0,0,67.6712344865647,HIGH
TASK-3105,Traction,CRITICAL,IMMEDIATE,POOR,True,15,0,3.5,1,1,100.0,CRITICAL
TASK-3106,S&T,MEDIUM,MEDIUM,FAIR,False,0,1,5.2,0,1,34.55863137651656,LOW
TASK-3107,Traction,MEDIUM,NORMAL,FAIR,True,6,0,7.8,0,0,39.84808403358821,LOW
TASK-3108,S&T,ROUTINE,NORMAL,GOOD,True,4,2,3.1,0,1,29.454533958618732,LOW
TASK-3109,Traction,CRITICAL,HIGH,FAILED,False,0,2,3.7,1,0,98.52295909116675,CRITICAL
TASK-3110,S&T,HIGH,HIGH,FAILED,False,0,2,6.4,1,1,87.51814053123375,CRITICAL
TASK-3111,Traction,ROUTINE,NORMAL,FAIR,False,0,0,1.8,0,1,19.54833847244921,LOW
TASK-3112,Traction,MEDIUM,NORMAL,GOOD,True,5,0,6.0,0,1,36.90965122038927,LOW
TASK-3113,Traction,CRITICAL,IMMEDIATE,FAILED,False,0,0,6.8,1,1,100.0,CRITICAL
TASK-3114,Engineering,CRITICAL,IMMEDIATE,FAILED,True,11,3,5.0,1,0,100.0,CRITICAL
TASK-3115,S&T,CRITICAL,HIGH,FAILED,True,13,2,1.2,1,1,100.0,CRITICAL
TASK-3116,S&T,ROUTINE,MEDIUM,FAIR,True,4,4,2.8,0,0,35.37807417438915,LOW
TASK-3117,S&T,ROUTINE,NORMAL,GOOD,False,0,1,5.0,0,1,18.14054812407023,LOW
TASK-3118,Traction,HIGH,IMMEDIATE,FAILED,True,19,0,6.3,1,1,100.0,CRITICAL
TASK-3119,S&T,HIGH,HIGH,DEGRADED,True,14,2,4.2,1,1,93.38773593231127,CRITICAL
TASK-3120,Traction,LOW,MEDIUM,GOOD,True,7,0,1.2,0,0,41.847253617117964,LOW
TASK-3121,Engineering,CRITICAL,HIGH,FAILED,True,4,1,7.3,1,0,100.0,CRITICAL
TASK-3122,Traction,ROUTINE,NORMAL,GOOD,False,0,3,6.2,0,1,31.20321221399834,LOW
TASK-3123,Traction,ROUTINE,NORMAL,FAIR,False,0,1,3.9,0,0,28.000707937632086,LOW
TASK-3124,S&T,CRITICAL,IMMEDIATE,POOR,True,47,0,5.1,1,1,100.0,CRITICAL
TASK-3125,S&T,ROUTINE,NORMAL,FAIR,True,12,1,2.0,0,1,40.702334878674286,LOW
TASK-3126,S&T,MEDIUM,MEDIUM,DEGRADED,False,0,0,4.8,1,1,47.474452922942454,MEDIUM
TASK-3127,Traction,HIGH,HIGH,DEGRADED,True,10,0,7.4,1,1,86.54929972183841,CRITICAL
TASK-3128,S&T,MEDIUM,MEDIUM,DEGRADED,False,0,2,7.9,1,1,58.85033894341262,MEDIUM
TASK-3129,Traction,ROUTINE,NORMAL,GOOD,True,20,3,5.1,0,1,42.34695229309286,LOW
TASK-3130,Traction,CRITICAL,IMMEDIATE,POOR,False,0,2,6.9,1,1,100.0,CRITICAL
TASK-3131,S&T,MEDIUM,NORMAL,GOOD,False,0,1,3.3,0,1,35.79721086911292,LOW
TASK-3132,Traction,MEDIUM,NORMAL,GOOD,False,0,6,0.5,0,1,38.91116237728019,LOW
TASK-3133,Traction,HIGH,MEDIUM,DEGRADED,False,0,1,1.3,1,0,61.070496524121666,MEDIUM
TASK-3134,S&T,ROUTINE,NORMAL,GOOD,True,6,2,2.3,0,1,30.509040396492804,LOW
TASK-3135,Traction,CRITICAL,IMMEDIATE,FAILED,False,0,1,3.5,1,1,100.0,CRITICAL
TASK-3136,S&T,CRITICAL,IMMEDIATE,POOR,True,14,4,3.5,1,1,100.0,CRITICAL
TASK-3137,S&T,CRITICAL,IMMEDIATE,FAILED,False,0,0,2.1,1,1,98.47000047132386,CRITICAL
TASK-3138,Engineering,CRITICAL,IMMEDIATE,POOR,True,19,2,1.5,1,1,100.0,CRITICAL
TASK-3139,Traction,HIGH,IMMEDIATE,POOR,True,17,6,6.8,1,1,100.0,CRITICAL
TASK-3140,S&T,HIGH,HIGH,POOR,False,0,2,1.7,1,1,92.29709749429105,CRITICAL
TASK-3141,Traction,LOW,NORMAL,FAIR,False,0,0,1.5,0,1,16.422872397116276,LOW
TASK-3142,Engineering,MEDIUM,NORMAL,GOOD,False,0,2,1.6,0,0,31.388458362634875,LOW
TASK-3143,S&T,CRITICAL,HIGH,POOR,False,0,3,7.8,1,1,96.37947315920046,CRITICAL
TASK-3144,Engineering,ROUTINE,NORMAL,GOOD,False,0,3,1.5,0,1,32.747731569168714,LOW
TASK-3145,S&T,HIGH,IMMEDIATE,POOR,False,0,2,7.2,1,0,92.44315379364504,CRITICAL
TASK-3146,Traction,CRITICAL,IMMEDIATE,FAILED,True,5,0,7.5,1,1,100.0,CRITICAL
TASK-3147,Traction,LOW,NORMAL,FAIR,True,2,4,3.9,0,0,26.831245290811403,LOW
TASK-3148,S&T,CRITICAL,IMMEDIATE,FAILED,False,0,1,6.7,1,1,100.0,CRITICAL
TASK-3149,S&T,MEDIUM,HIGH,DEGRADED,True,5,1,2.2,1,1,63.38818596497873,MEDIUM
TASK-3150,S&T,CRITICAL,HIGH,FAILED,True,12,2,0.6,1,1,100.0,CRITICAL
TASK-3151,S&T,ROUTINE,NORMAL,FAIR,False,0,1,5.8,0,1,24.702120012652145,LOW
TASK-3152,S&T,CRITICAL,HIGH,POOR,False,0,2,7.4,1,0,86.58097072483338,CRITICAL
TASK-3153,Traction,MEDIUM,MEDIUM,DEGRADED,True,19,1,0.8,0,1,54.63058565107141,MEDIUM
TASK-3154,Engineering,HIGH,IMMEDIATE,FAILED,False,0,1,4.1,1,1,100.0,CRITICAL
TASK-3155,S&T,LOW,NORMAL,GOOD,True,2,2,4.9,0,1,28.00197392438176,LOW
TASK-3156,Traction,ROUTINE,NORMAL,GOOD,True,6,0,1.6,0,0,26.422825676593074,LOW
TASK-3157,Traction,CRITICAL,IMMEDIATE,FAILED,False,0,2,7.9,1,1,100.0,CRITICAL
TASK-3158,S&T,CRITICAL,HIGH,POOR,False,0,2,4.4,1,0,94.42669887897446,CRITICAL
TASK-3159,Traction,CRITICAL,HIGH,FAILED,True,10,0,1.2,1,1,100.0,CRITICAL
TASK-3160,S&T,ROUTINE,MEDIUM,GOOD,True,13,1,5.6,0,1,51.951221418290324,MEDIUM
TASK-3161,Traction,CRITICAL,HIGH,FAILED,True,14,0,2.8,1,1,100.0,CRITICAL
TASK-3162,Engineering,HIGH,MEDIUM,DEGRADED,False,0,1,4.5,1,0,58.43397598510983,MEDIUM
TASK-3163,Engineering,CRITICAL,IMMEDIATE,POOR,False,0,1,3.9,1,1,100.0,CRITICAL
TASK-3164,S&T,CRITICAL,IMMEDIATE,FAILED,False,0,1,6.0,1,1,100.0,CRITICAL
TASK-3165,S&T,MEDIUM,HIGH,DEGRADED,False,0,2,7.7,1,1,52.900054562218116,MEDIUM
TASK-3166,S&T,MEDIUM,MEDIUM,DEGRADED,True,18,3,1.8,1,1,72.66868306819605,HIGH
TASK-3167,Traction,CRITICAL,IMMEDIATE,FAILED,False,0,3,6.1,1,1,100.0,CRITICAL
TASK-3168,Traction,CRITICAL,IMMEDIATE,FAILED,True,10,1,2.5,1,0,100.0,CRITICAL
TASK-3169,Traction,CRITICAL,HIGH,POOR,False,0,1,4.8,1,1,89.75571420162646,CRITICAL
TASK-3170,Traction,LOW,NORMAL,GOOD,True,33,1,5.4,0,0,45.03118596748144,MEDIUM
TASK-3171,S&T,CRITICAL,HIGH,FAILED,True,5,2,0.7,1,0,100.0,CRITICAL
TASK-3172,S&T,ROUTINE,NORMAL,GOOD,False,0,4,1.5,0,0,38.27610484258173,LOW
TASK-3173,Engineering,MEDIUM,MEDIUM,DEGRADED,False,0,2,2.4,0,1,39.71096567570655,LOW
TASK-3174,Traction,MEDIUM,MEDIUM,DEGRADED,True,9,1,2.6,0,1,50.70492164117625,MEDIUM
TASK-3175,S&T,ROUTINE,NORMAL,GOOD,False,0,2,6.1,0,0,24.86911762622424,LOW
TASK-3176,Traction,MEDIUM,NORMAL,FAIR,False,0,1,7.3,0,1,37.491179017617135,LOW
TASK-3177,Traction,ROUTINE,NORMAL,FAIR,True,4,0,5.4,0,1,29.393038295350955,LOW
TASK-3178,S&T,MEDIUM,NORMAL,FAIR,False,0,4,2.5,0,1,28.767891704737494,LOW
TASK-3179,Traction,ROUTINE,NORMAL,FAIR,False,0,3,4.1,0,0,36.35126542433598,LOW
TASK-3180,Traction,MEDIUM,NORMAL,GOOD,True,23,2,3.1,0,1,58.77969030089155,MEDIUM
TASK-3181,Engineering,ROUTINE,NORMAL,FAIR,True,1,5,5.0,0,1,27.553767025569016,LOW
TASK-3182,Engineering,CRITICAL,HIGH,POOR,False,0,4,6.1,1,1,100.0,CRITICAL
TASK-3183,S&T,HIGH,HIGH,POOR,True,4,3,2.3,1,1,80.81786898247418,CRITICAL
TASK-3184,S&T,LOW,NORMAL,FAIR,True,2,1,2.1,0,1,30.68529430022761,LOW
TASK-3185,Traction,HIGH,HIGH,DEGRADED,False,0,0,0.9,1,1,63.57207782393271,MEDIUM
TASK-3186,S&T,MEDIUM,NORMAL,GOOD,True,14,0,0.9,0,1,60.595518011797836,MEDIUM
TASK-3187,S&T,CRITICAL,IMMEDIATE,POOR,True,2,4,4.1,1,1,100.0,CRITICAL
TASK-3188,S&T,CRITICAL,HIGH,FAILED,False,0,1,2.3,1,1,100.0,CRITICAL
TASK-3189,Traction,HIGH,HIGH,POOR,True,11,2,4.1,1,1,100.0,CRITICAL
TASK-3190,Engineering,HIGH,HIGH,FAILED,True,10,0,7.0,1,0,100.0,CRITICAL
TASK-3191,Engineering,HIGH,HIGH,DEGRADED,True,17,0,7.5,1,1,83.578140122454,CRITICAL
TASK-3192,S&T,HIGH,HIGH,POOR,False,0,1,5.6,1,0,78.00128555944734,HIGH
TASK-3193,Traction,ROUTINE,NORMAL,GOOD,True,21,1,1.2,0,1,37.69290680951222,LOW
TASK-3194,Traction,HIGH,MEDIUM,DEGRADED,True,1,3,7.7,1,1,65.50151754582005,HIGH
TASK-3195,S&T,CRITICAL,IMMEDIATE,FAILED,True,5,2,7.4,1,1,100.0,CRITICAL
TASK-3196,S&T,MEDIUM,MEDIUM,DEGRADED,False,0,2,2.5,1,1,47.467336791689,MEDIUM
TASK-3197,Engineering,MEDIUM,HIGH,DEGRADED,False,0,2,5.4,0,1,55.499594890309055,MEDIUM
TASK-3198,S&T,CRITICAL,HIGH,POOR,False,0,1,6.3,1,1,92.72560166463802,CRITICAL
TASK-3199,Traction,ROUTINE,NORMAL,FAIR,False,0,2,6.0,0,1,25.745061343140396,LOW
TASK-3200,Traction,ROUTINE,NORMAL,FAIR,False,0,2,4.4,0,0,25.739580390604416,LOW
TASK-3201,Traction,LOW,NORMAL,FAIR,True,23,1,2.8,0,1,42.19899727058008,LOW
TASK-3202,Engineering,MEDIUM,NORMAL,GOOD,True,6,1,6.7,0,0,44.936790233471676,LOW
TASK-3203,Engineering,CRITICAL,HIGH,POOR,True,2,0,1.2,1,1,89.78424794938672,CRITICAL
TASK-3204,Engineering,CRITICAL,IMMEDIATE,POOR,False,0,2,3.1,1,1,100.0,CRITICAL
TASK-3205,Traction,HIGH,MEDIUM,DEGRADED,True,6,2,2.4,1,1,69.72717529202134,HIGH
TASK-3206,Engineering,ROUTINE,NORMAL,GOOD,True,8,2,5.1,0,1,28.970701570672674,LOW
TASK-3207,Engineering,CRITICAL,IMMEDIATE,FAILED,False,0,2,5.4,1,1,100.0,CRITICAL
TASK-3208,Engineering,HIGH,HIGH,FAILED,False,0,2,5.3,1,1,98.5095657433125,CRITICAL
TASK-3209,Traction,ROUTINE,NORMAL,GOOD,True,13,1,1.1,0,1,43.75385208593133,LOW
TASK-3210,Traction,ROUTINE,NORMAL,FAIR,True,20,1,3.3,0,1,38.258645010129676,LOW
TASK-3211,Traction,HIGH,HIGH,FAILED,True,11,0,6.5,1,0,100.0,CRITICAL
TASK-3212,Engineering,LOW,MEDIUM,GOOD,True,16,0,5.7,0,1,36.41751211428067,LOW
TASK-3213,S&T,MEDIUM,HIGH,DEGRADED,True,18,2,4.0,1,0,82.08260990538056,CRITICAL
TASK-3214,Engineering,CRITICAL,IMMEDIATE,POOR,True,19,0,7.4,1,1,100.0,CRITICAL
TASK-3215,S&T,CRITICAL,HIGH,POOR,False,0,0,5.7,1,1,85.19776523008059,CRITICAL
TASK-3216,Traction,MEDIUM,MEDIUM,DEGRADED,False,0,3,2.4,0,1,45.718508171999204,MEDIUM
TASK-3217,Engineering,HIGH,MEDIUM,DEGRADED,False,0,1,6.3,1,0,60.978753439603445,MEDIUM
TASK-3218,S&T,CRITICAL,HIGH,POOR,False,0,1,3.0,1,1,90.94922197904563,CRITICAL
TASK-3219,Engineering,HIGH,HIGH,DEGRADED,True,9,1,7.7,1,1,82.7337890789879,CRITICAL
TASK-3220,S&T,ROUTINE,NORMAL,FAIR,False,0,2,3.8,0,0,21.431001236459824,LOW
TASK-3221,S&T,ROUTINE,NORMAL,FAIR,False,0,0,5.1,0,1,18.000886582022662,LOW
TASK-3222,Engineering,CRITICAL,IMMEDIATE,POOR,False,0,2,1.3,1,1,100.0,CRITICAL
TASK-3223,Traction,HIGH,IMMEDIATE,POOR,False,0,0,2.1,1,1,100.0,CRITICAL
TASK-3224,Traction,LOW,NORMAL,GOOD,True,17,1,7.3,0,0,30.870322910209612,LOW
TASK-3225,Traction,MEDIUM,HIGH,DEGRADED,True,2,1,1.3,0,1,40.503444145773834,LOW
TASK-3226,Engineering,MEDIUM,NORMAL,GOOD,True,8,1,4.8,0,1,52.00949395794991,MEDIUM
TASK-3227,S&T,CRITICAL,HIGH,POOR,False,0,1,0.6,1,1,98.946425645468,CRITICAL
TASK-3228,S&T,ROUTINE,NORMAL,FAIR,True,10,3,5.4,0,0,44.62214088117706,LOW
TASK-3229,Engineering,LOW,NORMAL,GOOD,False,0,1,5.5,0,1,27.420582729524533,LOW
TASK-3230,S&T,MEDIUM,NORMAL,FAIR,True,11,1,5.8,0,1,48.275402309227836,MEDIUM
TASK-3231,S&T,CRITICAL,HIGH,FAILED,False,0,1,0.5,1,0,95.91174054607467,CRITICAL
TASK-3232,Traction,HIGH,IMMEDIATE,POOR,True,8,0,4.1,1,1,100.0,CRITICAL
TASK-3233,S&T,LOW,NORMAL,GOOD,True,18,0,4.6,0,0,37.07795112655881,LOW
TASK-3234,Engineering,HIGH,IMMEDIATE,POOR,True,1,1,7.7,1,1,100.0,CRITICAL
TASK-3235,S&T,LOW,NORMAL,GOOD,True,7,2,4.8,0,1,34.306426155267445,LOW
TASK-3236,S&T,MEDIUM,MEDIUM,DEGRADED,False,0,2,5.6,1,1,45.7103350313952,MEDIUM
TASK-3237,S&T,LOW,NORMAL,GOOD,True,12,3,5.2,0,1,42.52996119433811,LOW
TASK-3238,Traction,ROUTINE,NORMAL,GOOD,False,0,3,3.2,0,1,21.41192005446834,LOW
TASK-3239,S&T,ROUTINE,NORMAL,GOOD,False,0,2,6.8,0,1,24.91486680152631,LOW
TASK-3240,S&T,ROUTINE,NORMAL,FAIR,False,0,0,1.8,0,1,27.04455378741463,LOW
TASK-3241,Engineering,HIGH,IMMEDIATE,POOR,False,0,2,5.5,1,0,87.83258045039936,CRITICAL
TASK-3242,S&T,CRITICAL,HIGH,POOR,True,25,4,7.2,1,1,100.0,CRITICAL
TASK-3243,Traction,MEDIUM,MEDIUM,DEGRADED,True,9,1,4.1,0,1,52.373892654293364,MEDIUM
TASK-3244,Traction,CRITICAL,HIGH,POOR,True,8,0,6.0,1,1,100.0,CRITICAL
TASK-3245,Engineering,LOW,MEDIUM,GOOD,False,0,1,1.9,0,1,26.096733089771394,LOW
TASK-3246,Traction,CRITICAL,IMMEDIATE,FAILED,False,0,4,2.3,1,1,100.0,CRITICAL
TASK-3247,S&T,ROUTINE,MEDIUM,GOOD,False,0,3,6.4,0,1,34.17910451573809,LOW
TASK-3248,Traction,MEDIUM,MEDIUM,DEGRADED,True,6,1,4.2,0,0,50.54111262045865,MEDIUM
TASK-3249,S&T,MEDIUM,NORMAL,GOOD,True,7,1,0.8,0,1,44.80172402412822,LOW
TASK-3250,Engineering,HIGH,MEDIUM,DEGRADED,False,0,0,6.4,1,1,49.534109888044206,MEDIUM
TASK-3251,Engineering,CRITICAL,IMMEDIATE,POOR,True,22,0,1.4,1,1,100.0,CRITICAL
TASK-3252,Traction,CRITICAL,IMMEDIATE,FAILED,False,0,0,3.9,1,1,100.0,CRITICAL
TASK-3253,Traction,HIGH,HIGH,FAILED,True,8,2,1.6,1,0,100.0,CRITICAL
TASK-3254,Traction,ROUTINE,NORMAL,FAIR,True,1,0,7.4,0,1,23.650067619056774,LOW
TASK-3255,Engineering,LOW,NORMAL,FAIR,True,2,0,4.2,0,0,19.216098164895666,LOW
TASK-3256,Engineering,HIGH,IMMEDIATE,POOR,False,0,1,7.3,1,1,88.5194147432685,CRITICAL
TASK-3257,Traction,ROUTINE,NORMAL,GOOD,False,0,0,2.3,0,1,20.647610391349428,LOW
TASK-3258,Traction,MEDIUM,NORMAL,FAIR,True,3,3,0.6,0,0,41.51762377607436,LOW
TASK-3259,Traction,LOW,MEDIUM,GOOD,True,26,1,7.3,0,1,45.71341749705366,MEDIUM
TASK-3260,Engineering,CRITICAL,HIGH,POOR,True,8,1,5.1,1,1,100.0,CRITICAL
TASK-3261,Traction,ROUTINE,NORMAL,GOOD,False,0,0,6.6,0,1,25.42835954591819,LOW
TASK-3262,Engineering,LOW,NORMAL,GOOD,True,21,3,4.2,0,1,51.923719493533405,MEDIUM
TASK-3263,Traction,ROUTINE,NORMAL,FAIR,True,10,4,1.0,0,1,48.54420709535853,MEDIUM
TASK-3264,Engineering,CRITICAL,HIGH,POOR,True,15,1,3.0,1,0,100.0,CRITICAL
TASK-3265,Traction,CRITICAL,IMMEDIATE,POOR,False,0,1,2.9,1,1,94.80786640612298,CRITICAL
TASK-3266,Traction,HIGH,HIGH,FAILED,False,0,0,4.6,1,0,80.4099586744265,CRITICAL
TASK-3267,S&T,LOW,NORMAL,FAIR,False,0,1,6.2,0,0,25.571187338658543,LOW
TASK-3268,Traction,LOW,NORMAL,FAIR,True,11,3,3.0,0,1,46.4169236207712,MEDIUM
TASK-3269,Engineering,HIGH,MEDIUM,DEGRADED,True,10,3,1.6,1,0,71.94978438735991,HIGH
TASK-3270,S&T,ROUTINE,NORMAL,FAIR,False,0,1,5.7,0,0,28.007085158935123,LOW
TASK-3271,Traction,LOW,NORMAL,FAIR,True,14,1,3.8,0,1,44.480105317606245,LOW
TASK-3272,Traction,LOW,NORMAL,GOOD,False,0,0,1.5,0,1,23.537436036026808,LOW
TASK-3273,Traction,CRITICAL,HIGH,FAILED,True,4,1,3.3,1,0,100.0,CRITICAL
TASK-3274,Engineering,ROUTINE,NORMAL,GOOD,False,0,0,7.1,0,0,19.945494014503097,LOW
TASK-3275,Engineering,LOW,NORMAL,GOOD,False,0,0,0.6,0,0,20.805924611259293,LOW
TASK-3276,Engineering,HIGH,IMMEDIATE,FAILED,True,19,0,7.2,1,0,100.0,CRITICAL
TASK-3277,S&T,HIGH,IMMEDIATE,POOR,False,0,1,5.7,1,1,83.6847224255974,CRITICAL
TASK-3278,Engineering,LOW,NORMAL,FAIR,True,2,0,5.3,0,1,33.66073230071851,LOW
TASK-3279,Traction,HIGH,HIGH,POOR,True,18,2,3.6,1,1,100.0,CRITICAL
TASK-3280,Engineering,HIGH,IMMEDIATE,FAILED,False,0,2,5.7,1,1,94.6361946460573,CRITICAL
TASK-3281,Traction,MEDIUM,NORMAL,FAIR,False,0,1,5.9,0,1,36.01363786218849,LOW
TASK-3282,Traction,LOW,NORMAL,GOOD,True,11,0,5.2,0,0,43.14370715049625,LOW
TASK-3283,S&T,HIGH,MEDIUM,DEGRADED,False,0,2,3.6,1,1,74.82939870695596,HIGH
TASK-3284,Traction,MEDIUM,NORMAL,FAIR,False,0,2,1.9,0,0,30.91731536435872,LOW
TASK-3285,Traction,ROUTINE,NORMAL,GOOD,True,16,1,5.1,0,1,45.45914395655868,MEDIUM
TASK-3286,Traction,HIGH,IMMEDIATE,FAILED,False,0,1,2.1,1,1,100.0,CRITICAL
TASK-3287,Traction,ROUTINE,MEDIUM,FAIR,False,0,4,2.6,0,0,40.90363521199258,LOW
TASK-3288,Engineering,MEDIUM,NORMAL,GOOD,False,0,1,6.5,0,0,33.79228483113927,LOW
TASK-3289,Traction,HIGH,IMMEDIATE,POOR,False,0,1,4.2,1,1,90.58843979037535,CRITICAL
TASK-3290,Engineering,ROUTINE,NORMAL,GOOD,True,6,3,0.9,0,1,40.01900944817766,LOW
TASK-3291,S&T,HIGH,MEDIUM,DEGRADED,True,18,0,2.1,1,0,86.67473364191821,CRITICAL
TASK-3292,S&T,HIGH,MEDIUM,DEGRADED,True,20,1,5.1,1,1,78.88141982541804,HIGH
TASK-3293,S&T,LOW,NORMAL,GOOD,False,0,2,1.3,0,1,23.44983287870145,LOW
TASK-3294,Engineering,HIGH,IMMEDIATE,FAILED,True,3,1,1.8,1,0,100.0,CRITICAL
TASK-3295,Engineering,CRITICAL,IMMEDIATE,POOR,True,17,6,4.4,1,1,100.0,CRITICAL
TASK-3296,Engineering,LOW,MEDIUM,FAIR,False,0,2,5.9,0,1,29.702544521428027,LOW
TASK-3297,Traction,CRITICAL,HIGH,FAILED,False,0,2,2.9,1,1,97.37243293502532,CRITICAL
TASK-3298,Engineering,HIGH,MEDIUM,DEGRADED,True,19,2,2.2,1,0,75.93049272260504,HIGH
TASK-3299,Engineering,HIGH,MEDIUM,DEGRADED,False,0,1,2.2,1,0,64.20409899452858,MEDIUM
TASK-3300,Engineering,CRITICAL,HIGH,POOR,True,28,0,7.0,1,1,100.0,CRITICAL
TASK-3301,S&T,ROUTINE,NORMAL,FAIR,False,0,1,1.1,0,1,32.35566296880384,LOW
TASK-3302,Traction,CRITICAL,HIGH,POOR,True,17,1,0.9,1,1,100.0,CRITICAL
TASK-3303,S&T,ROUTINE,NORMAL,FAIR,False,0,3,2.1,0,0,31.890128415961442,LOW
TASK-3304,Traction,CRITICAL,IMMEDIATE,POOR,True,4,2,1.8,1,1,100.0,CRITICAL
TASK-3305,S&T,LOW,NORMAL,FAIR,True,33,3,3.9,0,0,46.627043397379225,MEDIUM
TASK-3306,Engineering,MEDIUM,MEDIUM,DEGRADED,True,20,2,7.8,0,1,55.192142364535364,MEDIUM
TASK-3307,Engineering,MEDIUM,MEDIUM,DEGRADED,True,17,4,1.5,0,1,51.72239513834156,MEDIUM
TASK-3308,Traction,HIGH,HIGH,FAILED,False,0,1,0.9,1,1,85.96757011766968,CRITICAL
TASK-3309,Engineering,ROUTINE,MEDIUM,GOOD,False,0,2,6.9,0,0,26.08219726051963,LOW
TASK-3310,S&T,CRITICAL,HIGH,POOR,True,1,0,1.8,1,1,100.0,CRITICAL
TASK-3311,S&T,ROUTINE,NORMAL,FAIR,True,36,2,7.1,0,1,43.84419817599261,LOW
TASK-3312,Traction,MEDIUM,NORMAL,FAIR,False,0,2,6.4,0,1,44.560446636264544,LOW
TASK-3313,Traction,CRITICAL,IMMEDIATE,FAILED,True,9,0,7.3,1,1,100.0,CRITICAL
TASK-3314,Traction,HIGH,IMMEDIATE,FAILED,True,12,2,6.9,1,1,100.0,CRITICAL
TASK-3315,Engineering,HIGH,IMMEDIATE,POOR,True,7,2,6.9,1,1,100.0,CRITICAL
TASK-3316,S&T,ROUTINE,NORMAL,FAIR,False,0,3,4.9,0,0,28.882805602544973,LOW
TASK-3317,S&T,MEDIUM,MEDIUM,DEGRADED,True,9,1,0.6,1,0,69.61030892153008,HIGH
TASK-3318,S&T,LOW,NORMAL,FAIR,True,8,0,2.4,0,1,22.068546940647895,LOW
TASK-3319,S&T,HIGH,IMMEDIATE,FAILED,False,0,3,2.2,1,1,100.0,CRITICAL
TASK-3320,Traction,ROUTINE,NORMAL,FAIR,False,0,2,7.4,0,1,36.43600383696171,LOW
TASK-3321,Engineering,CRITICAL,HIGH,POOR,True,8,1,7.9,1,0,100.0,CRITICAL
TASK-3322,Engineering,CRITICAL,IMMEDIATE,POOR,False,0,2,6.0,1,1,100.0,CRITICAL
TASK-3323,Traction,LOW,NORMAL,GOOD,True,5,3,3.7,0,1,35.339097842219324,LOW
TASK-3324,S&T,CRITICAL,HIGH,POOR,False,0,2,6.6,1,1,94.11837528165134,CRITICAL
TASK-3325,Traction,LOW,NORMAL,GOOD,True,16,3,3.9,0,1,47.9555362212045,MEDIUM
TASK-3326,Engineering,ROUTINE,NORMAL,GOOD,True,1,4,4.7,0,1,24.275374826888743,LOW
TASK-3327,Engineering,CRITICAL,IMMEDIATE,POOR,False,0,4,7.6,1,1,100.0,CRITICAL
TASK-3328,Engineering,HIGH,MEDIUM,DEGRADED,False,0,1,2.7,1,1,64.17446481338669,MEDIUM
TASK-3329,Traction,LOW,NORMAL,GOOD,False,0,2,0.6,0,0,30.376404966090654,LOW
TASK-3330,Traction,HIGH,MEDIUM,DEGRADED,False,0,1,1.7,1,1,66.52661548037642,HIGH
TASK-3331,S&T,HIGH,IMMEDIATE,FAILED,False,0,4,6.1,1,1,100.0,CRITICAL
TASK-3332,Engineering,CRITICAL,HIGH,POOR,True,3,4,4.0,1,0,100.0,CRITICAL
TASK-3333,Engineering,HIGH,HIGH,POOR,False,0,4,1.9,1,1,80.41373069713947,CRITICAL
TASK-3334,S&T,CRITICAL,HIGH,POOR,False,0,1,5.8,1,1,95.714516527168,CRITICAL
TASK-3335,Engineering,MEDIUM,NORMAL,GOOD,False,0,1,3.4,0,1,29.80990719103456,LOW
TASK-3336,Traction,MEDIUM,MEDIUM,DEGRADED,False,0,1,4.5,0,1,40.41809155968166,LOW
TASK-3337,S&T,CRITICAL,HIGH,POOR,False,0,3,6.1,1,1,88.35286139983656,CRITICAL
TASK-3338,Traction,CRITICAL,IMMEDIATE,FAILED,True,20,2,4.6,1,1,100.0,CRITICAL
TASK-3339,Engineering,ROUTINE,NORMAL,GOOD,True,7,1,5.2,0,0,34.88306753509907,LOW
TASK-3340,S&T,LOW,MEDIUM,GOOD,False,0,4,4.4,0,1,34.98045502429886,LOW
TASK-3341,Traction,HIGH,MEDIUM,DEGRADED,True,25,5,7.2,1,1,93.62870037635143,CRITICAL
TASK-3342,Engineering,HIGH,IMMEDIATE,POOR,True,6,1,3.2,1,1,100.0,CRITICAL
TASK-3343,Traction,ROUTINE,NORMAL,GOOD,False,0,0,3.2,0,1,17.824106136506085,LOW
TASK-3344,Engineering,HIGH,HIGH,FAILED,True,4,4,5.8,1,1,100.0,CRITICAL
TASK-3345,Traction,LOW,NORMAL,FAIR,True,1,1,1.5,0,1,28.64936670256291,LOW
TASK-3346,S&T,MEDIUM,NORMAL,FAIR,True,2,5,4.5,0,1,47.982313077064916,MEDIUM
TASK-3347,Traction,HIGH,HIGH,POOR,False,0,1,6.0,1,1,77.42458124694566,HIGH
TASK-3348,Traction,ROUTINE,NORMAL,FAIR,True,8,0,6.1,0,0,23.892736877238892,LOW
TASK-3349,Engineering,HIGH,MEDIUM,DEGRADED,True,10,0,3.1,1,1,71.74147925890883,HIGH
TASK-3350,S&T,HIGH,HIGH,FAILED,False,0,2,5.6,1,1,90.33107630076454,CRITICAL
TASK-3351,S&T,ROUTINE,NORMAL,GOOD,False,0,2,1.0,0,1,29.664780824030686,LOW
TASK-3352,S&T,CRITICAL,HIGH,POOR,False,0,2,4.1,1,1,84.52582816208894,CRITICAL
TASK-3353,Traction,LOW,NORMAL,GOOD,False,0,1,4.0,0,1,16.945592517051992,LOW
TASK-3354,Traction,CRITICAL,HIGH,FAILED,True,19,2,7.2,1,1,100.0,CRITICAL
TASK-3355,S&T,CRITICAL,IMMEDIATE,FAILED,True,20,1,3.3,1,1,100.0,CRITICAL
TASK-3356,Traction,ROUTINE,MEDIUM,GOOD,False,0,1,1.9,0,0,26.62873946253459,LOW
TASK-3357,S&T,ROUTINE,NORMAL,GOOD,False,0,3,1.1,0,1,25.970317867655975,LOW
TASK-3358,Engineering,MEDIUM,HIGH,DEGRADED,True,7,0,7.7,0,1,56.87546738471877,MEDIUM
TASK-3359,Engineering,LOW,NORMAL,GOOD,True,9,2,1.7,0,1,36.864186018529345,LOW
TASK-3360,Engineering,LOW,NORMAL,FAIR,True,4,2,4.2,0,1,33.22648479215521,LOW
TASK-3361,Engineering,HIGH,IMMEDIATE,FAILED,False,0,1,7.6,1,1,98.82698104118097,CRITICAL
TASK-3362,Engineering,MEDIUM,MEDIUM,DEGRADED,True,2,2,3.6,0,1,34.68683023550488,LOW
TASK-3363,Traction,CRITICAL,HIGH,FAILED,True,4,1,7.5,1,0,100.0,CRITICAL
TASK-3364,S&T,HIGH,HIGH,DEGRADED,False,0,3,3.7,1,1,71.45173987083481,HIGH
TASK-3365,Traction,ROUTINE,NORMAL,GOOD,True,17,0,2.7,0,0,40.4587916337776,LOW
TASK-3366,Engineering,ROUTINE,NORMAL,GOOD,False,0,0,7.0,0,0,26.181175619632697,LOW
TASK-3367,Engineering,HIGH,IMMEDIATE,FAILED,True,25,1,5.3,1,0,100.0,CRITICAL
TASK-3368,S&T,CRITICAL,IMMEDIATE,FAILED,False,0,0,3.1,1,0,100.0,CRITICAL
TASK-3369,Traction,MEDIUM,MEDIUM,DEGRADED,False,0,0,4.1,0,1,33.947559847314835,LOW
TASK-3370,Traction,CRITICAL,IMMEDIATE,FAILED,True,19,0,6.8,1,1,100.0,CRITICAL
TASK-3371,S&T,HIGH,HIGH,POOR,True,1,2,2.8,1,1,89.20166711278239,CRITICAL
TASK-3372,Engineering,HIGH,MEDIUM,DEGRADED,False,0,0,1.8,1,1,66.11097090053397,HIGH
TASK-3373,S&T,LOW,NORMAL,FAIR,False,0,1,4.1,0,0,15.435435116208804,LOW
TASK-3374,S&T,ROUTINE,MEDIUM,GOOD,False,0,2,1.6,0,0,32.450668883612195,LOW
TASK-3375,S&T,CRITICAL,IMMEDIATE,POOR,False,0,0,7.7,1,0,99.6460378740764,CRITICAL
TASK-3376,Traction,ROUTINE,NORMAL,FAIR,False,0,1,5.8,0,1,18.654286246663332,LOW
TASK-3377,S&T,MEDIUM,NORMAL,FAIR,True,23,0,7.8,0,1,50.19042252859746,MEDIUM
TASK-3378,Traction,MEDIUM,NORMAL,FAIR,True,9,0,1.7,0,1,47.373866950371784,MEDIUM
TASK-3379,Engineering,ROUTINE,NORMAL,GOOD,False,0,2,8.0,0,1,26.616095055884685,LOW
TASK-3380,Traction,MEDIUM,NORMAL,FAIR,False,0,1,3.8,0,1,37.20833366541675,LOW
TASK-3381,S&T,ROUTINE,MEDIUM,FAIR,False,0,1,2.0,0,1,38.78064481338701,LOW
TASK-3382,Traction,ROUTINE,NORMAL,GOOD,False,0,2,5.5,0,0,21.14962330407673,LOW
TASK-3383,S&T,ROUTINE,MEDIUM,FAIR,True,5,3,3.3,0,0,44.40610817110301,LOW
TASK-3384,Traction,LOW,NORMAL,FAIR,False,0,1,4.5,0,0,26.760438854091372,LOW
TASK-3385,Engineering,MEDIUM,MEDIUM,GOOD,True,9,0,3.5,0,0,57.80957439075087,MEDIUM
TASK-3386,S&T,ROUTINE,MEDIUM,FAIR,True,27,0,7.6,0,0,45.960961247293476,MEDIUM
TASK-3387,S&T,MEDIUM,NORMAL,FAIR,False,0,0,0.5,0,0,26.86122506621255,LOW
TASK-3388,Traction,CRITICAL,HIGH,FAILED,False,0,2,7.8,1,1,99.73316293823088,CRITICAL
TASK-3389,S&T,MEDIUM,HIGH,DEGRADED,True,6,1,4.1,1,0,72.33260824989101,HIGH
TASK-3390,S&T,HIGH,IMMEDIATE,FAILED,True,1,2,5.5,1,1,99.65897354683943,CRITICAL
TASK-3391,Traction,CRITICAL,IMMEDIATE,POOR,True,9,1,3.0,1,1,100.0,CRITICAL
TASK-3392,Engineering,CRITICAL,IMMEDIATE,POOR,False,0,2,7.3,1,1,100.0,CRITICAL
TASK-3393,Engineering,CRITICAL,HIGH,FAILED,True,22,4,1.4,1,1,100.0,CRITICAL
TASK-3394,Engineering,CRITICAL,HIGH,POOR,False,0,2,5.1,1,0,94.10813315296782,CRITICAL
TASK-3395,Engineering,HIGH,IMMEDIATE,POOR,False,0,2,3.2,1,1,91.44447393835607,CRITICAL
TASK-3396,S&T,ROUTINE,NORMAL,GOOD,True,10,2,5.1,0,0,29.539575372075372,LOW
TASK-3397,Engineering,CRITICAL,IMMEDIATE,FAILED,True,33,3,4.4,1,1,100.0,CRITICAL
TASK-3398,S&T,LOW,MEDIUM,FAIR,False,0,1,0.7,0,1,22.65315874884369,LOW
TASK-3399,Traction,CRITICAL,HIGH,POOR,False,0,2,5.6,1,1,92.70457970459685,CRITICAL
TASK-3400,Engineering,CRITICAL,IMMEDIATE,FAILED,True,3,0,3.5,1,0,100.0,CRITICAL
TASK-3401,S&T,MEDIUM,MEDIUM,DEGRADED,True,1,0,5.0,1,1,55.47320601786829,MEDIUM
TASK-3402,Traction,ROUTINE,MEDIUM,GOOD,True,25,3,7.3,0,1,57.16364171034142,MEDIUM
TASK-3403,S&T,CRITICAL,IMMEDIATE,POOR,False,0,1,1.6,1,1,96.00096912975555,CRITICAL
TASK-3404,S&T,HIGH,HIGH,DEGRADED,True,5,1,3.4,1,1,87.8462347118825,CRITICAL
TASK-3405,Engineering,MEDIUM,HIGH,DEGRADED,False,0,1,3.1,0,1,48.20344911146939,MEDIUM
TASK-3406,S&T,HIGH,IMMEDIATE,POOR,True,8,1,7.1,1,0,100.0,CRITICAL
TASK-3407,Engineering,MEDIUM,NORMAL,FAIR,False,0,1,6.0,0,1,32.428405558203025,LOW
TASK-3408,S&T,CRITICAL,IMMEDIATE,POOR,True,33,3,6.5,1,1,100.0,CRITICAL
TASK-3409,S&T,LOW,NORMAL,FAIR,False,0,3,6.5,0,0,28.821506755709535,LOW
TASK-3410,S&T,HIGH,HIGH,POOR,True,5,2,1.5,1,0,93.17063123669118,CRITICAL
TASK-3411,Traction,HIGH,IMMEDIATE,FAILED,True,13,1,1.1,1,1,100.0,CRITICAL
TASK-3412,Engineering,MEDIUM,HIGH,DEGRADED,False,0,2,4.1,0,1,48.805868556719524,MEDIUM
TASK-3413,Traction,MEDIUM,HIGH,DEGRADED,False,0,2,1.0,0,1,52.14435627226251,MEDIUM
TASK-3414,Traction,CRITICAL,IMMEDIATE,POOR,False,0,1,1.2,1,1,100.0,CRITICAL
TASK-3415,S&T,HIGH,HIGH,DEGRADED,True,4,4,3.6,1,1,79.20535866142691,HIGH
TASK-3416,Traction,CRITICAL,HIGH,POOR,True,25,1,5.8,1,0,100.0,CRITICAL
TASK-3417,Engineering,ROUTINE,NORMAL,FAIR,True,12,0,1.9,0,1,28.521269282937116,LOW
TASK-3418,S&T,MEDIUM,MEDIUM,DEGRADED,False,0,1,4.7,1,1,49.01620840990354,MEDIUM
TASK-3419,Engineering,HIGH,MEDIUM,DEGRADED,False,0,0,6.8,1,1,57.76387820161238,MEDIUM
TASK-3420,S&T,HIGH,IMMEDIATE,POOR,False,0,2,4.7,1,0,84.42065486845776,CRITICAL
TASK-3421,S&T,LOW,MEDIUM,FAIR,True,39,0,0.7,0,0,47.26967944201887,MEDIUM
TASK-3422,Engineering,ROUTINE,NORMAL,FAIR,False,0,0,2.5,0,0,23.917340531044587,LOW
TASK-3423,Traction,HIGH,IMMEDIATE,POOR,False,0,1,1.4,1,0,86.23549028176309,CRITICAL
TASK-3424,Traction,MEDIUM,MEDIUM,DEGRADED,False,0,4,3.6,0,1,39.68055247193417,LOW
TASK-3425,S&T,ROUTINE,NORMAL,FAIR,False,0,1,0.7,0,1,20.99713583554134,LOW
TASK-3426,S&T,HIGH,HIGH,POOR,True,10,1,8.0,1,1,94.96169710717032,CRITICAL
TASK-3427,Engineering,CRITICAL,HIGH,FAILED,False,0,2,6.1,1,1,92.3567821288637,CRITICAL
TASK-3428,Traction,HIGH,HIGH,POOR,True,6,3,4.7,1,1,93.58596367443937,CRITICAL
TASK-3429,S&T,CRITICAL,HIGH,POOR,True,2,3,7.8,1,1,99.66839419118811,CRITICAL
TASK-3430,Engineering,MEDIUM,MEDIUM,DEGRADED,True,13,0,4.3,0,0,56.82278450743575,MEDIUM
TASK-3431,Traction,LOW,MEDIUM,GOOD,False,0,2,6.8,0,1,37.56719004525286,LOW
TASK-3432,Engineering,HIGH,IMMEDIATE,FAILED,True,21,0,0.9,1,1,100.0,CRITICAL
TASK-3433,S&T,CRITICAL,HIGH,POOR,False,0,1,7.1,1,0,100.0,CRITICAL
TASK-3434,Engineering,HIGH,MEDIUM,DEGRADED,False,0,3,1.7,1,1,75.23830001471225,HIGH
TASK-3435,S&T,MEDIUM,HIGH,DEGRADED,True,29,0,3.6,1,1,79.77674349435688,HIGH
TASK-3436,S&T,ROUTINE,NORMAL,GOOD,False,0,3,2.7,0,1,20.931334232174194,LOW
TASK-3437,Traction,ROUTINE,MEDIUM,GOOD,False,0,1,4.4,0,1,32.94237483251762,LOW
TASK-3438,Traction,ROUTINE,NORMAL,FAIR,True,11,2,6.2,0,0,35.84844214427167,LOW
TASK-3439,Traction,LOW,MEDIUM,FAIR,True,2,2,4.6,0,0,36.388157356301335,LOW
TASK-3440,S&T,MEDIUM,MEDIUM,DEGRADED,True,1,2,2.5,1,0,55.47188707786869,MEDIUM
TASK-3441,Traction,MEDIUM,MEDIUM,DEGRADED,True,11,2,1.2,0,0,54.10504049855671,MEDIUM
TASK-3442,Traction,MEDIUM,MEDIUM,DEGRADED,True,20,0,6.7,0,1,51.432491125014025,MEDIUM
TASK-3443,Engineering,ROUTINE,NORMAL,FAIR,True,9,1,4.4,0,1,38.85202744529726,LOW
TASK-3444,S&T,HIGH,HIGH,POOR,True,8,2,3.6,1,0,90.99930539380021,CRITICAL
TASK-3445,Engineering,MEDIUM,NORMAL,GOOD,True,24,0,2.1,0,0,41.57253803565711,LOW
TASK-3446,Traction,ROUTINE,NORMAL,FAIR,True,6,2,6.7,0,1,31.606605485802213,LOW
TASK-3447,Traction,HIGH,IMMEDIATE,FAILED,False,0,1,5.7,1,1,98.30353080985638,CRITICAL
TASK-3448,Traction,HIGH,IMMEDIATE,FAILED,False,0,4,5.8,1,0,100.0,CRITICAL
TASK-3449,Traction,ROUTINE,NORMAL,GOOD,False,0,0,3.6,0,0,31.374942067682323,LOW
TASK-3450,Engineering,MEDIUM,MEDIUM,GOOD,True,17,1,6.6,0,1,63.24327876944819,MEDIUM
TASK-3451,Engineering,CRITICAL,IMMEDIATE,POOR,False,0,2,3.1,1,1,100.0,CRITICAL
TASK-3452,Traction,MEDIUM,MEDIUM,DEGRADED,False,0,0,1.5,0,0,40.487113437113535,LOW
TASK-3453,S&T,HIGH,HIGH,FAILED,False,0,2,4.4,1,1,92.2840291425474,CRITICAL
TASK-3454,S&T,LOW,NORMAL,FAIR,True,16,2,5.8,0,1,36.31248390882637,LOW
TASK-3455,Engineering,ROUTINE,NORMAL,GOOD,False,0,1,2.2,0,1,20.22659820034621,LOW
TASK-3456,Traction,ROUTINE,NORMAL,FAIR,True,2,1,5.7,0,1,17.799887210749098,LOW
TASK-3457,S&T,ROUTINE,NORMAL,FAIR,True,10,2,2.1,0,1,44.778663560604464,LOW
TASK-3458,Engineering,HIGH,HIGH,POOR,True,28,2,5.7,1,1,100.0,CRITICAL
TASK-3459,Engineering,LOW,NORMAL,GOOD,True,4,5,0.6,0,0,39.297008949242475,LOW
TASK-3460,S&T,CRITICAL,IMMEDIATE,POOR,False,0,2,0.8,1,1,100.0,CRITICAL
TASK-3461,Engineering,MEDIUM,MEDIUM,GOOD,False,0,1,6.4,0,0,30.982737876877756,LOW
TASK-3462,Traction,CRITICAL,HIGH,FAILED,True,2,1,0.9,1,1,100.0,CRITICAL
TASK-3463,Engineering,HIGH,MEDIUM,DEGRADED,False,0,0,0.8,1,1,63.89162762072754,MEDIUM
TASK-3464,S&T,LOW,NORMAL,GOOD,False,0,2,6.2,0,1,25.31470389380548,LOW
TASK-3465,Engineering,CRITICAL,IMMEDIATE,FAILED,True,5,2,2.0,1,1,100.0,CRITICAL
TASK-3466,Engineering,LOW,NORMAL,FAIR,True,9,0,5.5,0,1,39.98319384959658,LOW
TASK-3467,Engineering,ROUTINE,NORMAL,GOOD,True,5,3,1.6,0,1,24.401306800439126,LOW
TASK-3468,Traction,MEDIUM,MEDIUM,DEGRADED,False,0,2,7.6,0,1,42.62037525372152,LOW
TASK-3469,S&T,HIGH,MEDIUM,DEGRADED,False,0,2,1.7,1,0,67.89341372862894,HIGH
TASK-3470,Traction,CRITICAL,HIGH,FAILED,False,0,3,2.3,1,0,100.0,CRITICAL
TASK-3471,Traction,ROUTINE,NORMAL,GOOD,False,0,1,1.2,0,1,14.1179509609516,LOW
TASK-3472,Traction,ROUTINE,NORMAL,GOOD,True,3,0,4.5,0,1,25.08282828407668,LOW
TASK-3473,Traction,LOW,NORMAL,FAIR,True,10,3,7.7,0,1,30.469968993084333,LOW
TASK-3474,Engineering,CRITICAL,HIGH,FAILED,False,0,1,0.5,1,0,95.92636303104746,CRITICAL
TASK-3475,Traction,MEDIUM,NORMAL,GOOD,False,0,4,7.4,0,1,40.71762166275014,LOW
TASK-3476,Traction,HIGH,HIGH,POOR,False,0,0,3.2,1,1,81.46873675837,CRITICAL
TASK-3477,Traction,ROUTINE,NORMAL,FAIR,False,0,0,3.8,0,0,22.779292296587034,LOW
TASK-3478,Engineering,ROUTINE,NORMAL,FAIR,False,0,2,6.8,0,1,19.821993796561273,LOW
TASK-3479,S&T,CRITICAL,HIGH,POOR,False,0,0,2.1,1,1,96.95521237527973,CRITICAL
TASK-3480,Engineering,HIGH,HIGH,POOR,False,0,2,1.3,1,1,77.21150636566225,HIGH
TASK-3481,S&T,MEDIUM,NORMAL,GOOD,True,13,1,4.0,0,1,47.37888780316273,MEDIUM
TASK-3482,Traction,ROUTINE,NORMAL,FAIR,False,0,0,4.2,0,0,25.59933314967873,LOW
TASK-3483,S&T,MEDIUM,HIGH,DEGRADED,False,0,1,4.7,1,0,68.33949397585442,HIGH
TASK-3484,Engineering,ROUTINE,NORMAL,GOOD,True,9,2,3.0,0,1,37.65141818276482,LOW
TASK-3485,Engineering,CRITICAL,IMMEDIATE,POOR,False,0,1,2.6,1,1,88.72458991060255,CRITICAL
TASK-3486,Traction,HIGH,MEDIUM,DEGRADED,True,3,1,5.7,1,1,64.63494174258429,MEDIUM
TASK-3487,S&T,ROUTINE,MEDIUM,FAIR,True,16,2,4.7,0,0,49.728793196638286,MEDIUM
TASK-3488,S&T,HIGH,HIGH,POOR,False,0,2,1.9,1,1,88.93380808741412,CRITICAL
TASK-3489,Engineering,CRITICAL,IMMEDIATE,POOR,True,22,0,7.5,1,1,100.0,CRITICAL
TASK-3490,S&T,MEDIUM,MEDIUM,FAIR,False,0,1,0.6,0,1,35.9812024325279,LOW
TASK-3491,Traction,HIGH,HIGH,POOR,False,0,2,5.5,1,1,94.48771957523533,CRITICAL
TASK-3492,S&T,HIGH,HIGH,POOR,False,0,4,4.4,1,1,81.55241640349546,CRITICAL
TASK-3493,Traction,ROUTINE,NORMAL,GOOD,True,5,1,1.4,0,0,39.568491747674265,LOW
TASK-3494,S&T,HIGH,HIGH,POOR,False,0,2,5.7,1,1,85.15834969509363,CRITICAL
TASK-3495,Engineering,LOW,NORMAL,FAIR,True,9,1,1.0,0,0,31.70174119583311,LOW
TASK-3496,Engineering,HIGH,MEDIUM,DEGRADED,True,1,1,2.0,1,1,56.47240534441118,MEDIUM
TASK-3497,S&T,LOW,NORMAL,GOOD,False,0,3,2.2,0,1,23.986213550467912,LOW
TASK-3498,S&T,CRITICAL,IMMEDIATE,POOR,False,0,2,2.6,1,1,100.0,CRITICAL
TASK-3499,Traction,HIGH,HIGH,FAILED,True,14,1,5.0,1,1,100.0,CRITICAL
TASK-3500,Traction,CRITICAL,HIGH,POOR,True,1,1,3.2,1,0,100.0,CRITICAL
TASK-3501,Traction,CRITICAL,HIGH,FAILED,False,0,3,7.6,1,1,97.20536729590381,CRITICAL
TASK-3502,S&T,CRITICAL,IMMEDIATE,FAILED,True,27,1,2.6,1,1,100.0,CRITICAL
TASK-3503,S&T,ROUTINE,NORMAL,GOOD,True,12,0,1.4,0,1,30.78114972211729,LOW
TASK-3504,S&T,CRITICAL,IMMEDIATE,POOR,True,11,3,2.2,1,1,100.0,CRITICAL
TASK-3505,Engineering,ROUTINE,NORMAL,GOOD,False,0,4,1.2,0,0,24.776889344607635,LOW
TASK-3506,Engineering,LOW,NORMAL,GOOD,True,14,1,4.2,0,1,35.878001133894855,LOW
TASK-3507,Engineering,ROUTINE,NORMAL,FAIR,False,0,0,3.4,0,1,18.929119483147154,LOW
TASK-3508,Traction,MEDIUM,HIGH,DEGRADED,False,0,4,1.6,0,1,46.467031967718455,MEDIUM
TASK-3509,Traction,CRITICAL,HIGH,FAILED,False,0,0,1.2,1,1,98.75248016262867,CRITICAL
TASK-3510,Engineering,CRITICAL,HIGH,FAILED,True,13,3,6.3,1,0,100.0,CRITICAL
TASK-3511,S&T,ROUTINE,MEDIUM,FAIR,True,17,1,2.7,0,0,46.251595260423414,MEDIUM
TASK-3512,S&T,HIGH,HIGH,POOR,True,9,2,4.3,1,0,98.79200857767317,CRITICAL
TASK-3513,Traction,MEDIUM,HIGH,DEGRADED,True,24,2,6.6,0,1,75.14684591791087,HIGH
TASK-3514,Traction,HIGH,IMMEDIATE,FAILED,False,0,0,0.6,1,1,82.75203981054284,CRITICAL
TASK-3515,Engineering,HIGH,IMMEDIATE,POOR,True,14,0,7.1,1,0,100.0,CRITICAL
TASK-3516,Engineering,HIGH,HIGH,POOR,True,15,2,3.9,1,1,100.0,CRITICAL
TASK-3517,S&T,CRITICAL,HIGH,POOR,True,4,3,3.9,1,0,100.0,CRITICAL
TASK-3518,Engineering,LOW,MEDIUM,FAIR,False,0,2,4.7,0,0,34.89769133803869,LOW
TASK-3519,S&T,ROUTINE,MEDIUM,FAIR,False,0,2,4.2,0,1,33.17050285955034,LOW
TASK-3520,Engineering,HIGH,MEDIUM,DEGRADED,False,0,3,5.9,1,1,66.76007888918889,HIGH
TASK-3521,S&T,ROUTINE,NORMAL,GOOD,False,0,4,4.8,0,1,28.88635076254223,LOW
TASK-3522,S&T,CRITICAL,HIGH,FAILED,True,3,1,5.6,1,1,96.88421128596157,CRITICAL
TASK-3523,Traction,CRITICAL,IMMEDIATE,POOR,False,0,1,4.1,1,1,100.0,CRITICAL
TASK-3524,Engineering,HIGH,HIGH,FAILED,True,3,1,0.9,1,1,95.21566632712418,CRITICAL
TASK-3525,S&T,CRITICAL,HIGH,POOR,True,17,4,4.9,1,0,100.0,CRITICAL
TASK-3526,S&T,CRITICAL,IMMEDIATE,FAILED,False,0,1,5.6,1,1,100.0,CRITICAL
TASK-3527,S&T,HIGH,MEDIUM,DEGRADED,True,2,2,1.0,1,0,59.61515569212657,MEDIUM
TASK-3528,Traction,MEDIUM,NORMAL,GOOD,False,0,3,1.5,0,1,37.953606879615506,LOW
TASK-3529,S&T,MEDIUM,MEDIUM,DEGRADED,True,5,2,6.6,1,1,59.05611477543297,MEDIUM
TASK-3530,Traction,LOW,NORMAL,GOOD,False,0,1,6.2,0,1,27.61070866959762,LOW
TASK-3531,Traction,HIGH,HIGH,DEGRADED,False,0,0,3.4,1,1,61.393230164029774,MEDIUM
TASK-3532,S&T,MEDIUM,MEDIUM,DEGRADED,False,0,1,7.9,1,1,53.252212967579766,MEDIUM
TASK-3533,S&T,HIGH,HIGH,DEGRADED,True,19,1,0.9,1,1,91.22036951258546,CRITICAL
TASK-3534,Engineering,ROUTINE,NORMAL,FAIR,False,0,1,2.3,0,1,22.016379535514908,LOW
TASK-3535,S&T,CRITICAL,HIGH,FAILED,True,25,2,1.1,1,1,100.0,CRITICAL
TASK-3536,Traction,LOW,NORMAL,GOOD,False,0,1,7.0,0,1,15.058537842575738,LOW
TASK-3537,Engineering,MEDIUM,HIGH,DEGRADED,False,0,0,1.8,0,0,43.09730135974474,LOW
TASK-3538,Traction,HIGH,MEDIUM,DEGRADED,False,0,2,0.8,1,1,63.16951118491449,MEDIUM
TASK-3539,Traction,HIGH,IMMEDIATE,POOR,False,0,3,4.8,1,1,100.0,CRITICAL
TASK-3540,S&T,MEDIUM,HIGH,DEGRADED,False,0,1,0.7,1,1,74.38464566861705,HIGH
TASK-3541,S&T,CRITICAL,IMMEDIATE,FAILED,False,0,4,0.7,1,1,100.0,CRITICAL
TASK-3542,S&T,HIGH,HIGH,POOR,False,0,3,4.8,1,1,73.88208593584386,HIGH
TASK-3543,S&T,HIGH,HIGH,FAILED,False,0,1,1.2,1,0,82.93809322654981,CRITICAL
TASK-3544,S&T,LOW,NORMAL,GOOD,False,0,5,5.7,0,1,24.099291977691,LOW
TASK-3545,Engineering,MEDIUM,MEDIUM,DEGRADED,False,0,1,4.2,0,1,26.565757353420313,LOW
TASK-3546,Traction,MEDIUM,HIGH,DEGRADED,False,0,2,1.7,0,1,46.30035216555367,MEDIUM
TASK-3547,S&T,MEDIUM,MEDIUM,DEGRADED,False,0,3,7.8,1,1,52.86011633551691,MEDIUM
TASK-3548,Engineering,CRITICAL,HIGH,POOR,False,0,2,5.3,1,1,99.76663881698444,CRITICAL
TASK-3549,Engineering,CRITICAL,HIGH,FAILED,True,2,3,2.1,1,1,100.0,CRITICAL
TASK-3550,S&T,ROUTINE,NORMAL,GOOD,False,0,1,2.7,0,1,21.901749938992555,LOW
TASK-3551,Traction,CRITICAL,HIGH,POOR,False,0,0,6.5,1,1,86.10271899373883,CRITICAL
TASK-3552,Traction,MEDIUM,NORMAL,GOOD,False,0,3,5.9,0,0,44.62999001047169,LOW
TASK-3553,Traction,LOW,NORMAL,GOOD,True,9,0,4.9,0,1,36.261309129065154,LOW
TASK-3554,S&T,MEDIUM,MEDIUM,GOOD,False,0,2,4.7,0,1,38.871488837454066,LOW
TASK-3555,Traction,CRITICAL,HIGH,POOR,True,10,0,3.7,1,1,100.0,CRITICAL
TASK-3556,S&T,ROUTINE,NORMAL,GOOD,True,10,0,5.4,0,1,38.28817832362206,LOW
TASK-3557,S&T,CRITICAL,IMMEDIATE,FAILED,False,0,2,6.5,1,1,100.0,CRITICAL
TASK-3558,S&T,CRITICAL,HIGH,FAILED,False,0,3,2.9,1,1,97.99002926558028,CRITICAL
TASK-3559,S&T,HIGH,HIGH,POOR,False,0,0,2.4,1,1,82.51818318088931,CRITICAL
TASK-3560,Traction,CRITICAL,IMMEDIATE,POOR,True,10,3,5.5,1,1,100.0,CRITICAL
TASK-3561,Traction,ROUTINE,NORMAL,FAIR,False,0,2,7.1,0,1,28.00476784650577,LOW
TASK-3562,Traction,CRITICAL,HIGH,FAILED,False,0,0,7.0,1,1,96.26957859667402,CRITICAL
TASK-3563,Traction,CRITICAL,IMMEDIATE,POOR,True,1,2,2.1,1,0,100.0,CRITICAL
TASK-3564,Traction,HIGH,IMMEDIATE,POOR,False,0,3,2.5,1,0,100.0,CRITICAL
TASK-3565,Traction,HIGH,IMMEDIATE,FAILED,False,0,3,6.6,1,1,88.14926225709823,CRITICAL
TASK-3566,S&T,HIGH,IMMEDIATE,FAILED,True,13,1,5.9,1,1,100.0,CRITICAL
TASK-3567,Engineering,CRITICAL,HIGH,FAILED,False,0,0,2.0,1,0,88.31638957926688,CRITICAL
TASK-3568,S&T,ROUTINE,MEDIUM,FAIR,False,0,0,2.3,0,1,23.201536671495884,LOW
TASK-3569,Traction,HIGH,MEDIUM,DEGRADED,False,0,2,6.8,1,1,61.336033934597765,MEDIUM
TASK-3570,S&T,MEDIUM,MEDIUM,DEGRADED,True,4,0,7.0,1,1,64.51863577348618,MEDIUM
TASK-3571,Engineering,MEDIUM,MEDIUM,FAIR,False,0,2,6.8,0,1,44.158694902570296,LOW
TASK-3572,S&T,MEDIUM,MEDIUM,DEGRADED,False,0,1,5.3,1,1,52.85352741377253,MEDIUM
TASK-3573,S&T,HIGH,HIGH,FAILED,False,0,1,2.3,1,1,74.67253003343492,HIGH
TASK-3574,Engineering,LOW,NORMAL,GOOD,True,2,4,1.6,0,1,37.307494954011915,LOW
TASK-3575,Engineering,ROUTINE,NORMAL,FAIR,False,0,2,6.5,0,1,24.720261157632486,LOW
TASK-3576,S&T,CRITICAL,IMMEDIATE,POOR,False,0,3,4.1,1,1,100.0,CRITICAL
TASK-3577,S&T,CRITICAL,HIGH,POOR,False,0,2,5.4,1,1,95.51943879642913,CRITICAL
TASK-3578,Engineering,ROUTINE,MEDIUM,FAIR,True,5,2,1.7,0,1,39.19370462837975,LOW
TASK-3579,Engineering,LOW,NORMAL,GOOD,False,0,2,2.4,0,0,20.965573691414434,LOW
TASK-3580,S&T,HIGH,IMMEDIATE,FAILED,True,21,3,1.8,1,0,100.0,CRITICAL
TASK-3581,Engineering,CRITICAL,HIGH,POOR,True,2,1,6.4,1,1,99.67358872914247,CRITICAL
TASK-3582,Engineering,ROUTINE,NORMAL,GOOD,False,0,0,2.9,0,1,26.321472935576715,LOW
TASK-3583,S&T,LOW,NORMAL,GOOD,True,7,0,7.3,0,0,35.98588775191148,LOW
TASK-3584,S&T,MEDIUM,MEDIUM,DEGRADED,True,26,2,5.5,1,0,72.04475137010454,HIGH
TASK-3585,Engineering,CRITICAL,IMMEDIATE,POOR,False,0,1,7.6,1,1,96.4338847176147,CRITICAL
TASK-3586,Traction,ROUTINE,NORMAL,FAIR,False,0,3,2.3,0,1,30.83714709577029,LOW
TASK-3587,Traction,CRITICAL,IMMEDIATE,FAILED,True,4,0,7.5,1,1,100.0,CRITICAL
TASK-3588,Traction,CRITICAL,HIGH,FAILED,False,0,1,7.6,1,1,100.0,CRITICAL
TASK-3589,Traction,MEDIUM,MEDIUM,DEGRADED,False,0,1,4.2,0,1,35.99112811850421,LOW
TASK-3590,Engineering,ROUTINE,MEDIUM,FAIR,True,35,2,5.0,0,1,50.13733633940349,MEDIUM
TASK-3591,S&T,HIGH,HIGH,DEGRADED,True,3,1,6.7,1,1,76.59548356156046,HIGH
TASK-3592,Traction,HIGH,HIGH,POOR,True,7,0,6.5,1,1,97.8846101110735,CRITICAL
TASK-3593,Traction,ROUTINE,MEDIUM,FAIR,False,0,1,7.5,0,0,30.145676491288917,LOW
TASK-3594,Engineering,LOW,NORMAL,FAIR,True,4,3,1.3,0,1,20.160303672831873,LOW
TASK-3595,Engineering,MEDIUM,HIGH,DEGRADED,False,0,2,3.8,0,1,54.43803492599477,MEDIUM
TASK-3596,S&T,HIGH,HIGH,FAILED,False,0,2,0.9,1,1,91.07831686269303,CRITICAL
TASK-3597,Traction,HIGH,MEDIUM,DEGRADED,False,0,2,5.7,1,1,68.65505927434552,HIGH
TASK-3598,Engineering,MEDIUM,MEDIUM,DEGRADED,False,0,1,4.6,0,1,29.338891063798442,LOW
TASK-3599,S&T,LOW,MEDIUM,FAIR,False,0,0,7.7,0,1,34.61496727414246,LOW
TASK-3600,Engineering,HIGH,HIGH,DEGRADED,False,0,3,4.1,1,0,74.15713545346681,HIGH
TASK-3601,S&T,HIGH,MEDIUM,DEGRADED,False,0,3,0.7,1,0,60.4154024404392,MEDIUM
TASK-3602,Traction,ROUTINE,NORMAL,GOOD,True,27,1,6.8,0,0,47.713793492080725,MEDIUM
TASK-3603,Traction,ROUTINE,NORMAL,GOOD,True,3,5,5.7,0,1,31.337804809619126,LOW
TASK-3604,Traction,ROUTINE,NORMAL,FAIR,True,5,3,2.4,0,1,44.948731922366676,LOW
TASK-3605,S&T,HIGH,MEDIUM,DEGRADED,False,0,3,5.3,1,1,69.38050806824957,HIGH
TASK-3606,Traction,MEDIUM,HIGH,DEGRADED,False,0,2,7.3,0,0,53.16627816299376,MEDIUM
TASK-3607,Traction,MEDIUM,NORMAL,GOOD,True,4,1,4.5,0,1,37.11703153101313,LOW
TASK-3608,Engineering,CRITICAL,HIGH,POOR,True,2,3,3.4,1,1,100.0,CRITICAL
TASK-3609,S&T,MEDIUM,MEDIUM,DEGRADED,True,4,1,2.8,1,1,56.37168389342,MEDIUM
TASK-3610,Engineering,HIGH,MEDIUM,DEGRADED,True,3,1,2.1,1,0,59.74226272867883,MEDIUM
TASK-3611,Engineering,HIGH,IMMEDIATE,POOR,True,17,0,5.2,1,0,100.0,CRITICAL
TASK-3612,Traction,HIGH,IMMEDIATE,POOR,False,0,3,6.4,1,0,97.85891050039137,CRITICAL
TASK-3613,S&T,MEDIUM,MEDIUM,GOOD,True,22,1,6.7,0,1,48.33116454995876,MEDIUM
TASK-3614,S&T,CRITICAL,HIGH,POOR,False,0,0,6.0,1,1,83.06652112866219,CRITICAL
TASK-3615,S&T,HIGH,IMMEDIATE,POOR,True,3,4,7.1,1,1,100.0,CRITICAL
TASK-3616,Engineering,ROUTINE,NORMAL,FAIR,True,4,2,5.7,0,1,22.721591367032424,LOW
TASK-3617,Traction,LOW,MEDIUM,GOOD,False,0,1,3.1,0,1,17.710119875536314,LOW
TASK-3618,Traction,CRITICAL,IMMEDIATE,FAILED,False,0,1,6.0,1,0,100.0,CRITICAL
TASK-3619,S&T,ROUTINE,NORMAL,GOOD,False,0,0,6.2,0,0,19.531861070156953,LOW
TASK-3620,Traction,LOW,NORMAL,FAIR,True,12,3,5.2,0,0,43.359008795739236,LOW
TASK-3621,Traction,MEDIUM,MEDIUM,FAIR,True,30,1,0.5,0,0,54.915501819403055,MEDIUM
TASK-3622,Engineering,MEDIUM,HIGH,DEGRADED,False,0,2,2.9,0,1,45.525436112219424,MEDIUM
TASK-3623,Engineering,LOW,NORMAL,GOOD,True,5,1,1.7,0,1,25.187891401322766,LOW
TASK-3624,Traction,MEDIUM,NORMAL,FAIR,False,0,0,6.9,0,0,31.034412648783952,LOW
TASK-3625,Traction,CRITICAL,IMMEDIATE,POOR,True,12,1,6.4,1,1,100.0,CRITICAL
TASK-3626,S&T,CRITICAL,IMMEDIATE,POOR,False,0,1,4.1,1,1,100.0,CRITICAL
TASK-3627,Traction,MEDIUM,NORMAL,FAIR,True,29,1,2.5,0,1,47.99804447851655,MEDIUM
TASK-3628,Traction,CRITICAL,HIGH,FAILED,True,28,2,6.7,1,1,100.0,CRITICAL
TASK-3629,S&T,ROUTINE,NORMAL,FAIR,True,3,1,1.1,0,1,28.888310690477503,LOW
TASK-3630,S&T,LOW,NORMAL,FAIR,False,0,1,3.5,0,1,24.032710691333474,LOW
TASK-3631,S&T,HIGH,IMMEDIATE,FAILED,True,9,1,2.2,1,0,100.0,CRITICAL
TASK-3632,Engineering,CRITICAL,IMMEDIATE,FAILED,True,1,1,5.4,1,0,100.0,CRITICAL
TASK-3633,Traction,MEDIUM,NORMAL,FAIR,False,0,0,7.3,0,1,24.498878101595707,LOW
TASK-3634,S&T,ROUTINE,NORMAL,FAIR,False,0,1,2.5,0,1,24.150110370750856,LOW
TASK-3635,Engineering,MEDIUM,NORMAL,GOOD,True,5,1,3.5,0,0,42.104328462807864,LOW
TASK-3636,S&T,CRITICAL,IMMEDIATE,FAILED,False,0,0,2.5,1,1,100.0,CRITICAL
TASK-3637,Engineering,HIGH,MEDIUM,DEGRADED,False,0,3,1.8,1,0,64.04939655289303,MEDIUM
TASK-3638,Traction,LOW,MEDIUM,GOOD,True,15,2,0.6,0,1,44.854205387573,LOW
TASK-3639,Traction,CRITICAL,HIGH,POOR,True,4,1,6.3,1,1,94.01934247228523,CRITICAL
TASK-3640,S&T,CRITICAL,IMMEDIATE,POOR,True,9,0,1.4,1,1,100.0,CRITICAL
TASK-3641,Traction,ROUTINE,MEDIUM,FAIR,False,0,2,1.9,0,0,17.95623305246219,LOW
TASK-3642,S&T,MEDIUM,HIGH,DEGRADED,False,0,0,6.1,1,1,61.21921836246753,MEDIUM
TASK-3643,S&T,ROUTINE,NORMAL,FAIR,True,9,3,3.7,0,1,38.58598724133668,LOW
TASK-3644,Engineering,CRITICAL,IMMEDIATE,FAILED,False,0,3,2.1,1,1,100.0,CRITICAL
TASK-3645,S&T,LOW,NORMAL,FAIR,False,0,3,3.6,0,1,21.600158211967454,LOW
TASK-3646,S&T,LOW,NORMAL,FAIR,False,0,2,0.7,0,0,21.94532461713069,LOW
TASK-3647,S&T,MEDIUM,NORMAL,FAIR,False,0,1,5.1,0,1,23.22116071120973,LOW
TASK-3648,Engineering,HIGH,HIGH,DEGRADED,False,0,1,4.9,1,0,72.37067020025829,HIGH
TASK-3649,Traction,CRITICAL,IMMEDIATE,POOR,True,15,4,1.1,1,0,100.0,CRITICAL
TASK-3650,S&T,LOW,NORMAL,FAIR,False,0,3,7.0,0,1,22.00763601600184,LOW
TASK-3651,Traction,CRITICAL,IMMEDIATE,POOR,False,0,1,5.7,1,1,100.0,CRITICAL
TASK-3652,Traction,CRITICAL,IMMEDIATE,POOR,False,0,0,5.8,1,1,96.66677403521011,CRITICAL
TASK-3653,Traction,CRITICAL,IMMEDIATE,FAILED,True,14,4,2.4,1,1,100.0,CRITICAL
TASK-3654,Engineering,CRITICAL,HIGH,FAILED,False,0,2,0.9,1,1,96.74031930997005,CRITICAL
TASK-3655,S&T,LOW,NORMAL,FAIR,False,0,1,4.0,0,1,17.19374256274466,LOW
TASK-3656,S&T,CRITICAL,IMMEDIATE,FAILED,True,3,1,7.5,1,0,100.0,CRITICAL
TASK-3657,Traction,LOW,NORMAL,GOOD,True,10,2,0.5,0,1,34.98310646416855,LOW
TASK-3658,Traction,HIGH,IMMEDIATE,FAILED,False,0,1,3.4,1,1,100.0,CRITICAL
TASK-3659,S&T,MEDIUM,HIGH,DEGRADED,True,4,0,1.5,1,1,67.63189161309774,HIGH
TASK-3660,Traction,ROUTINE,MEDIUM,GOOD,True,3,1,4.9,0,1,40.34648873131587,LOW
TASK-3661,S&T,ROUTINE,MEDIUM,FAIR,True,6,3,4.3,0,1,43.33691551570284,LOW
TASK-3662,S&T,CRITICAL,HIGH,POOR,True,21,0,1.5,1,1,100.0,CRITICAL
TASK-3663,S&T,CRITICAL,HIGH,FAILED,False,0,0,3.7,1,1,99.97526373328523,CRITICAL
TASK-3664,S&T,ROUTINE,MEDIUM,GOOD,False,0,1,2.8,0,0,32.22292802270733,LOW
TASK-3665,Engineering,CRITICAL,IMMEDIATE,POOR,False,0,1,7.0,1,1,99.05241433751745,CRITICAL
TASK-3666,S&T,MEDIUM,MEDIUM,DEGRADED,True,8,0,7.4,1,1,60.58268977337083,MEDIUM
TASK-3667,S&T,MEDIUM,HIGH,DEGRADED,False,0,2,5.1,1,0,65.4972300202738,HIGH
TASK-3668,S&T,CRITICAL,IMMEDIATE,FAILED,True,12,3,2.8,1,1,100.0,CRITICAL
TASK-3669,Engineering,MEDIUM,MEDIUM,DEGRADED,False,0,0,6.0,0,0,43.159444241851105,LOW
TASK-3670,S&T,LOW,MEDIUM,FAIR,True,5,1,4.7,0,0,49.399272583685736,MEDIUM
TASK-3671,Traction,HIGH,HIGH,POOR,True,8,2,0.9,1,1,97.55645825133217,CRITICAL
TASK-3672,Engineering,ROUTINE,NORMAL,GOOD,True,10,3,2.2,0,1,45.47118756605834,MEDIUM
TASK-3673,Engineering,HIGH,IMMEDIATE,POOR,False,0,1,2.5,1,1,90.0441091818214,CRITICAL
TASK-3674,Traction,HIGH,IMMEDIATE,POOR,True,16,1,3.8,1,1,100.0,CRITICAL
TASK-3675,S&T,ROUTINE,NORMAL,GOOD,False,0,0,3.8,0,0,32.41882996293754,LOW
TASK-3676,Traction,HIGH,IMMEDIATE,FAILED,False,0,1,4.1,1,1,96.25689808284272,CRITICAL
TASK-3677,S&T,MEDIUM,NORMAL,GOOD,False,0,0,6.8,0,0,36.34814610291702,LOW
TASK-3678,Engineering,MEDIUM,NORMAL,GOOD,True,1,0,3.1,0,1,36.96145351012367,LOW
TASK-3679,Engineering,HIGH,HIGH,DEGRADED,True,17,0,1.9,1,1,89.82168673189082,CRITICAL
TASK-3680,Engineering,CRITICAL,IMMEDIATE,FAILED,True,2,2,6.7,1,1,100.0,CRITICAL
TASK-3681,Traction,HIGH,HIGH,FAILED,False,0,2,2.1,1,1,87.14318935334055,CRITICAL
TASK-3682,Engineering,HIGH,HIGH,FAILED,True,21,0,6.3,1,1,100.0,CRITICAL
TASK-3683,Engineering,CRITICAL,HIGH,POOR,False,0,2,7.4,1,1,100.0,CRITICAL
TASK-3684,Engineering,CRITICAL,HIGH,POOR,False,0,0,5.6,1,1,90.91452579729126,CRITICAL
TASK-3685,S&T,LOW,NORMAL,GOOD,True,5,0,2.6,0,1,21.439603524452167,LOW
TASK-3686,Traction,LOW,NORMAL,GOOD,True,6,0,3.5,0,0,32.24802956750158,LOW
TASK-3687,Traction,MEDIUM,NORMAL,GOOD,False,0,3,6.8,0,1,40.800188028358725,LOW
TASK-3688,Engineering,LOW,NORMAL,GOOD,False,0,0,1.1,0,1,19.326779540876025,LOW
TASK-3689,Traction,HIGH,HIGH,POOR,True,3,1,3.9,1,1,92.257575729665,CRITICAL
TASK-3690,S&T,CRITICAL,IMMEDIATE,FAILED,True,13,0,5.4,1,0,100.0,CRITICAL
TASK-3691,S&T,ROUTINE,NORMAL,GOOD,False,0,1,5.4,0,1,24.642725468944818,LOW
TASK-3692,S&T,HIGH,MEDIUM,DEGRADED,False,0,0,7.6,1,1,60.31768977578408,MEDIUM
TASK-3693,Traction,CRITICAL,HIGH,FAILED,False,0,1,1.5,1,1,97.85622023842498,CRITICAL
TASK-3694,Engineering,HIGH,MEDIUM,DEGRADED,False,0,1,2.9,1,1,59.727967438042555,MEDIUM
TASK-3695,Engineering,MEDIUM,NORMAL,GOOD,False,0,2,4.6,0,1,27.980571828135076,LOW
TASK-3696,Traction,HIGH,IMMEDIATE,POOR,False,0,1,1.2,1,1,87.83696390130575,CRITICAL
TASK-3697,S&T,MEDIUM,NORMAL,FAIR,False,0,2,2.3,0,1,30.46918896588965,LOW
TASK-3698,S&T,LOW,NORMAL,GOOD,False,0,3,0.7,0,1,23.538618133009777,LOW
TASK-3699,Engineering,ROUTINE,MEDIUM,FAIR,False,0,3,3.4,0,1,34.56649088310316,LOW
TASK-3700,S&T,HIGH,HIGH,DEGRADED,True,16,0,5.4,1,1,88.32480191819089,CRITICAL
TASK-3701,Traction,ROUTINE,NORMAL,FAIR,False,0,2,1.4,0,0,21.9764147440884,LOW
TASK-3702,S&T,CRITICAL,HIGH,POOR,True,33,2,6.0,1,1,100.0,CRITICAL
TASK-3703,S&T,CRITICAL,HIGH,FAILED,False,0,1,1.5,1,1,99.38984988799618,CRITICAL
TASK-3704,Traction,ROUTINE,NORMAL,GOOD,True,16,2,6.7,0,1,33.203655323401165,LOW
TASK-3705,Traction,ROUTINE,NORMAL,FAIR,True,1,1,4.2,0,1,20.475628004954082,LOW
TASK-3706,S&T,HIGH,IMMEDIATE,POOR,True,6,1,2.5,1,1,100.0,CRITICAL
TASK-3707,Traction,CRITICAL,IMMEDIATE,POOR,False,0,3,1.2,1,0,93.16940307033794,CRITICAL
TASK-3708,S&T,MEDIUM,HIGH,DEGRADED,False,0,0,5.1,1,1,60.486528759514655,MEDIUM
TASK-3709,S&T,CRITICAL,IMMEDIATE,POOR,True,31,2,1.2,1,1,100.0,CRITICAL
TASK-3710,Traction,MEDIUM,MEDIUM,DEGRADED,False,0,3,7.8,0,1,41.20650708932432,LOW
TASK-3711,Traction,ROUTINE,MEDIUM,FAIR,False,0,0,5.4,0,0,22.46485868604488,LOW
TASK-3712,Traction,ROUTINE,NORMAL,FAIR,True,18,0,7.5,0,1,49.843270501922916,MEDIUM
TASK-3713,Traction,CRITICAL,IMMEDIATE,FAILED,False,0,1,1.1,1,1,100.0,CRITICAL
TASK-3714,S&T,CRITICAL,IMMEDIATE,POOR,False,0,1,1.1,1,1,96.34671744727126,CRITICAL
TASK-3715,S&T,HIGH,HIGH,DEGRADED,False,0,1,1.6,1,1,80.27256640432516,CRITICAL
TASK-3716,Engineering,HIGH,MEDIUM,DEGRADED,True,14,3,6.8,1,1,82.33002860560678,CRITICAL
TASK-3717,Traction,HIGH,HIGH,POOR,False,0,2,2.7,1,1,88.42763686152978,CRITICAL
TASK-3718,Engineering,CRITICAL,HIGH,FAILED,True,17,4,1.1,1,0,100.0,CRITICAL
TASK-3719,Engineering,CRITICAL,HIGH,FAILED,True,24,1,1.3,1,1,100.0,CRITICAL
TASK-3720,S&T,HIGH,IMMEDIATE,POOR,True,1,3,1.2,1,1,91.61726013029379,CRITICAL
TASK-3721,Traction,CRITICAL,IMMEDIATE,FAILED,False,0,1,6.6,1,1,100.0,CRITICAL
TASK-3722,S&T,HIGH,MEDIUM,DEGRADED,False,0,0,4.9,1,0,60.761675799136334,MEDIUM
TASK-3723,Traction,ROUTINE,NORMAL,GOOD,True,6,2,1.4,0,1,31.18779089454704,LOW
TASK-3724,Traction,HIGH,HIGH,POOR,True,5,1,1.8,1,0,96.16247179975346,CRITICAL
TASK-3725,Engineering,CRITICAL,HIGH,POOR,True,4,2,0.8,1,1,100.0,CRITICAL
TASK-3726,S&T,MEDIUM,MEDIUM,DEGRADED,False,0,0,2.9,1,1,55.14438720839472,MEDIUM
TASK-3727,Traction,CRITICAL,HIGH,POOR,True,9,0,6.2,1,1,100.0,CRITICAL
TASK-3728,S&T,CRITICAL,HIGH,FAILED,False,0,2,6.6,1,1,98.88807671751594,CRITICAL
TASK-3729,S&T,LOW,NORMAL,FAIR,True,1,3,2.1,0,1,31.21497705469576,LOW
TASK-3730,Engineering,CRITICAL,IMMEDIATE,FAILED,True,17,1,2.4,1,1,100.0,CRITICAL
TASK-3731,Traction,ROUTINE,NORMAL,GOOD,True,21,2,3.8,0,1,42.84290969397504,LOW
TASK-3732,Engineering,MEDIUM,MEDIUM,GOOD,True,12,0,3.5,0,0,54.515769141881364,MEDIUM
TASK-3733,Engineering,MEDIUM,NORMAL,FAIR,False,0,2,5.4,0,1,27.50629156694754,LOW
TASK-3734,S&T,CRITICAL,HIGH,POOR,True,26,2,7.0,1,1,100.0,CRITICAL
TASK-3735,Traction,HIGH,HIGH,FAILED,True,16,3,5.9,1,1,100.0,CRITICAL
TASK-3736,S&T,CRITICAL,IMMEDIATE,FAILED,True,32,5,6.6,1,0,100.0,CRITICAL
TASK-3737,Traction,MEDIUM,MEDIUM,DEGRADED,False,0,2,5.7,0,1,45.91528699290802,MEDIUM
TASK-3738,Traction,CRITICAL,IMMEDIATE,POOR,False,0,2,6.5,1,1,100.0,CRITICAL
TASK-3739,Engineering,ROUTINE,NORMAL,FAIR,True,1,1,1.5,0,1,24.719134633083822,LOW
TASK-3740,Engineering,LOW,NORMAL,GOOD,True,20,2,6.6,0,0,48.40682215876214,MEDIUM
TASK-3741,Traction,ROUTINE,MEDIUM,FAIR,False,0,2,6.9,0,0,21.164767135969967,LOW
TASK-3742,Engineering,CRITICAL,HIGH,POOR,False,0,1,5.4,1,1,100.0,CRITICAL
TASK-3743,Traction,LOW,NORMAL,FAIR,True,6,1,3.8,0,1,32.885304548142,LOW
TASK-3744,Traction,CRITICAL,HIGH,FAILED,False,0,2,1.9,1,1,90.2590607637967,CRITICAL
TASK-3745,S&T,CRITICAL,IMMEDIATE,POOR,False,0,3,1.6,1,1,100.0,CRITICAL
TASK-3746,S&T,ROUTINE,NORMAL,GOOD,False,0,3,1.4,0,1,23.365224282175042,LOW
TASK-3747,Engineering,HIGH,HIGH,POOR,False,0,1,7.7,1,1,83.16038098251312,CRITICAL
TASK-3748,S&T,ROUTINE,NORMAL,GOOD,False,0,2,6.9,0,1,26.39559563891386,LOW
TASK-3749,Traction,MEDIUM,MEDIUM,FAIR,False,0,3,2.0,0,1,44.302444911728486,LOW
TASK-3750,Traction,CRITICAL,IMMEDIATE,POOR,False,0,2,0.9,1,1,100.0,CRITICAL
TASK-3751,Engineering,ROUTINE,NORMAL,GOOD,False,0,1,5.2,0,0,15.810832649273298,LOW
TASK-3752,Traction,CRITICAL,IMMEDIATE,POOR,False,0,0,7.8,1,1,100.0,CRITICAL
TASK-3753,S&T,CRITICAL,HIGH,FAILED,True,11,2,5.0,1,1,100.0,CRITICAL
TASK-3754,Traction,HIGH,MEDIUM,DEGRADED,True,8,2,0.8,1,0,84.27317374201044,CRITICAL
TASK-3755,S&T,CRITICAL,IMMEDIATE,POOR,False,0,0,4.4,1,1,92.93654423753685,CRITICAL
TASK-3756,Traction,HIGH,HIGH,FAILED,True,9,1,7.5,1,1,100.0,CRITICAL
TASK-3757,S&T,ROUTINE,MEDIUM,FAIR,False,0,3,5.9,0,1,29.585275123178203,LOW
TASK-3758,Traction,MEDIUM,NORMAL,GOOD,False,0,1,3.7,0,0,29.106744729397725,LOW
TASK-3759,S&T,CRITICAL,HIGH,FAILED,True,23,1,1.0,1,0,100.0,CRITICAL
TASK-3760,Traction,HIGH,IMMEDIATE,POOR,False,0,1,7.2,1,1,92.94220040210378,CRITICAL
TASK-3761,Engineering,CRITICAL,HIGH,POOR,False,0,3,5.2,1,1,93.93137338705188,CRITICAL
TASK-3762,Traction,HIGH,HIGH,DEGRADED,True,12,0,3.9,1,1,83.66633664669844,CRITICAL
TASK-3763,S&T,ROUTINE,NORMAL,GOOD,False,0,1,1.7,0,1,26.728445187485775,LOW
TASK-3764,Traction,ROUTINE,NORMAL,FAIR,True,12,2,4.0,0,1,43.43596638936397,LOW
TASK-3765,S&T,ROUTINE,MEDIUM,FAIR,True,14,0,4.3,0,1,48.47829772149555,MEDIUM
TASK-3766,Traction,HIGH,HIGH,DEGRADED,True,1,1,7.4,1,0,71.12068468431775,HIGH
TASK-3767,Traction,CRITICAL,HIGH,POOR,True,3,2,1.5,1,0,96.52660145669748,CRITICAL
TASK-3768,S&T,CRITICAL,IMMEDIATE,POOR,True,16,1,7.7,1,1,100.0,CRITICAL
TASK-3769,Traction,MEDIUM,MEDIUM,DEGRADED,False,0,3,6.5,0,1,44.084065393692974,LOW
TASK-3770,Engineering,CRITICAL,HIGH,FAILED,True,5,3,2.1,1,0,100.0,CRITICAL
TASK-3771,Traction,MEDIUM,NORMAL,GOOD,True,7,1,5.5,0,1,39.21204858855098,LOW
TASK-3772,Engineering,ROUTINE,NORMAL,FAIR,True,26,1,2.0,0,1,41.57664551250168,LOW
TASK-3773,Traction,HIGH,IMMEDIATE,POOR,False,0,1,1.3,1,1,100.0,CRITICAL
TASK-3774,S&T,CRITICAL,HIGH,POOR,False,0,1,2.8,1,1,100.0,CRITICAL
TASK-3775,Engineering,CRITICAL,HIGH,FAILED,True,15,2,0.9,1,0,100.0,CRITICAL
TASK-3776,Engineering,HIGH,HIGH,DEGRADED,False,0,4,7.1,1,1,71.9342465634988,HIGH
TASK-3777,S&T,MEDIUM,NORMAL,FAIR,False,0,1,1.8,0,0,20.595065344986196,LOW
TASK-3778,Traction,ROUTINE,NORMAL,GOOD,True,14,0,6.6,0,1,36.092200703877076,LOW
TASK-3779,S&T,CRITICAL,IMMEDIATE,POOR,False,0,1,1.4,1,1,100.0,CRITICAL
TASK-3780,Engineering,ROUTINE,NORMAL,GOOD,True,11,2,4.7,0,1,46.22046347270647,MEDIUM
TASK-3781,S&T,MEDIUM,MEDIUM,DEGRADED,False,0,3,8.0,1,0,60.173115911239144,MEDIUM
TASK-3782,S&T,MEDIUM,MEDIUM,GOOD,False,0,0,6.3,0,1,27.055051987611122,LOW
TASK-3783,Traction,MEDIUM,MEDIUM,DEGRADED,False,0,1,7.2,0,0,40.74791285686815,LOW
TASK-3784,Traction,CRITICAL,HIGH,FAILED,False,0,2,5.0,1,1,92.71216535069841,CRITICAL
TASK-3785,Engineering,LOW,NORMAL,GOOD,False,0,1,7.4,0,0,18.934055928063,LOW
TASK-3786,S&T,CRITICAL,IMMEDIATE,POOR,False,0,1,7.7,1,1,97.91452270679883,CRITICAL
TASK-3787,Engineering,LOW,MEDIUM,GOOD,True,13,1,6.4,0,1,56.18781360195452,MEDIUM
TASK-3788,Traction,LOW,NORMAL,GOOD,True,23,1,6.7,0,1,49.43079618509266,MEDIUM
TASK-3789,Engineering,CRITICAL,HIGH,FAILED,False,0,3,1.3,1,1,100.0,CRITICAL
TASK-3790,Traction,LOW,NORMAL,GOOD,True,10,1,7.0,0,0,32.759665365572914,LOW
TASK-3791,S&T,LOW,MEDIUM,FAIR,False,0,1,6.0,0,1,31.883332476133095,LOW
TASK-3792,Traction,CRITICAL,IMMEDIATE,POOR,True,3,5,6.2,1,1,100.0,CRITICAL
TASK-3793,S&T,ROUTINE,NORMAL,GOOD,False,0,4,1.7,0,1,29.150831017896966,LOW
TASK-3794,S&T,MEDIUM,MEDIUM,DEGRADED,True,27,0,6.6,1,1,66.43283299444236,HIGH
TASK-3795,Engineering,ROUTINE,NORMAL,FAIR,True,1,5,3.8,0,0,30.358795261407142,LOW
TASK-3796,S&T,MEDIUM,NORMAL,GOOD,True,25,4,2.3,0,0,54.97018508026245,MEDIUM
TASK-3797,S&T,MEDIUM,HIGH,DEGRADED,True,19,2,2.7,1,1,76.44537719091502,HIGH
TASK-3798,Engineering,ROUTINE,NORMAL,GOOD,True,15,2,2.5,0,1,43.71957136860663,LOW
TASK-3799,Traction,CRITICAL,HIGH,POOR,False,0,1,3.2,1,1,84.28588925481394,CRITICAL
TASK-3800,Traction,LOW,NORMAL,FAIR,False,0,3,1.6,0,1,28.731694277778907,LOW
TASK-3801,Traction,HIGH,IMMEDIATE,POOR,False,0,5,6.4,1,1,100.0,CRITICAL
TASK-3802,Engineering,HIGH,HIGH,POOR,True,23,3,3.6,1,1,100.0,CRITICAL
TASK-3803,S&T,CRITICAL,HIGH,POOR,True,2,4,7.6,1,0,100.0,CRITICAL
TASK-3804,Traction,MEDIUM,MEDIUM,DEGRADED,True,30,1,7.6,0,1,59.6327388957684,MEDIUM
TASK-3805,S&T,LOW,NORMAL,FAIR,True,38,1,6.3,0,1,44.442610897141336,LOW
TASK-3806,Traction,CRITICAL,IMMEDIATE,FAILED,False,0,2,7.6,1,1,100.0,CRITICAL
TASK-3807,Engineering,MEDIUM,MEDIUM,DEGRADED,False,0,4,2.9,0,1,43.04645034153347,LOW
TASK-3808,Engineering,HIGH,IMMEDIATE,POOR,True,5,3,1.0,1,1,100.0,CRITICAL
TASK-3809,Engineering,LOW,NORMAL,FAIR,False,0,1,7.3,0,0,21.688590880471754,LOW
TASK-3810,Engineering,CRITICAL,HIGH,FAILED,True,7,1,7.8,1,0,100.0,CRITICAL
TASK-3811,S&T,CRITICAL,IMMEDIATE,POOR,True,18,0,7.1,1,1,100.0,CRITICAL
TASK-3812,Traction,CRITICAL,IMMEDIATE,FAILED,False,0,2,7.1,1,1,100.0,CRITICAL
TASK-3813,Traction,MEDIUM,MEDIUM,DEGRADED,False,0,0,7.3,0,1,36.29339542741618,LOW
TASK-3814,Engineering,MEDIUM,HIGH,DEGRADED,True,10,1,7.3,0,1,56.304785557109554,MEDIUM
TASK-3815,Traction,LOW,MEDIUM,FAIR,False,0,0,5.8,0,1,25.961844635187557,LOW
TASK-3816,S&T,ROUTINE,NORMAL,FAIR,False,0,3,7.2,0,1,27.772032837371693,LOW
TASK-3817,Traction,CRITICAL,HIGH,FAILED,True,3,1,5.4,1,1,100.0,CRITICAL
TASK-3818,Traction,MEDIUM,MEDIUM,DEGRADED,False,0,3,7.2,0,1,36.61433030776288,LOW
TASK-3819,Traction,HIGH,HIGH,POOR,False,0,0,6.3,1,0,84.58755413541066,CRITICAL
TASK-3820,S&T,ROUTINE,NORMAL,GOOD,True,5,1,0.8,0,1,32.178593741707246,LOW
TASK-3821,S&T,HIGH,IMMEDIATE,POOR,True,3,3,5.9,1,1,98.51129857877234,CRITICAL
TASK-3822,Traction,ROUTINE,NORMAL,FAIR,False,0,3,4.4,0,0,22.399489921105562,LOW
TASK-3823,Traction,MEDIUM,MEDIUM,DEGRADED,False,0,2,2.1,0,1,34.97931155919656,LOW
TASK-3824,Traction,CRITICAL,IMMEDIATE,FAILED,False,0,1,2.8,1,1,100.0,CRITICAL
TASK-3825,S&T,ROUTINE,NORMAL,FAIR,True,10,0,0.7,0,1,30.778343774596667,LOW
TASK-3826,Traction,HIGH,HIGH,FAILED,True,5,0,2.4,1,1,96.61167034786246,CRITICAL
TASK-3827,S&T,CRITICAL,HIGH,POOR,True,14,1,7.9,1,1,100.0,CRITICAL
TASK-3828,Engineering,LOW,MEDIUM,GOOD,True,5,4,6.8,0,1,42.71837863444058,LOW
TASK-3829,S&T,CRITICAL,IMMEDIATE,FAILED,False,0,0,3.2,1,0,100.0,CRITICAL
TASK-3830,Engineering,LOW,NORMAL,GOOD,False,0,4,3.9,0,1,22.60419091547754,LOW
TASK-3831,Traction,LOW,NORMAL,GOOD,False,0,1,3.9,0,0,20.49582356522484,LOW
TASK-3832,Engineering,HIGH,IMMEDIATE,FAILED,True,1,3,4.7,1,1,100.0,CRITICAL
TASK-3833,Traction,CRITICAL,IMMEDIATE,FAILED,False,0,2,6.8,1,1,100.0,CRITICAL
TASK-3834,Engineering,MEDIUM,MEDIUM,DEGRADED,True,1,1,2.7,0,1,42.74728127552166,LOW
TASK-3835,Traction,CRITICAL,HIGH,FAILED,False,0,2,5.5,1,1,89.480552329374,CRITICAL
TASK-3836,Traction,CRITICAL,HIGH,POOR,True,12,1,4.4,1,1,100.0,CRITICAL
TASK-3837,Engineering,LOW,MEDIUM,GOOD,True,12,2,3.0,0,1,42.63473720161386,LOW
TASK-3838,Traction,ROUTINE,NORMAL,FAIR,False,0,5,6.7,0,1,31.42419847677725,LOW
TASK-3839,S&T,HIGH,HIGH,POOR,True,26,0,1.2,1,0,100.0,CRITICAL
TASK-3840,Traction,CRITICAL,HIGH,POOR,True,9,1,6.7,1,1,100.0,CRITICAL
TASK-3841,Engineering,ROUTINE,NORMAL,GOOD,False,0,0,1.0,0,1,14.692635135381861,LOW
TASK-3842,Engineering,CRITICAL,IMMEDIATE,POOR,False,0,2,2.1,1,1,100.0,CRITICAL
TASK-3843,Engineering,HIGH,MEDIUM,DEGRADED,True,4,4,5.6,1,1,71.08535252200366,HIGH
TASK-3844,S&T,CRITICAL,IMMEDIATE,FAILED,False,0,3,4.7,1,1,100.0,CRITICAL
TASK-3845,S&T,MEDIUM,HIGH,DEGRADED,True,11,1,4.9,1,1,73.01507153955652,HIGH
TASK-3846,Traction,HIGH,IMMEDIATE,POOR,True,10,3,8.0,1,1,100.0,CRITICAL
TASK-3847,Traction,HIGH,IMMEDIATE,POOR,True,25,4,6.0,1,1,100.0,CRITICAL
TASK-3848,S&T,MEDIUM,NORMAL,FAIR,False,0,1,1.6,0,1,26.14347702227529,LOW
TASK-3849,Engineering,CRITICAL,HIGH,POOR,False,0,4,5.8,1,1,98.97387002814034,CRITICAL
TASK-3850,Engineering,HIGH,HIGH,FAILED,True,12,1,7.0,1,1,96.29254171692952,CRITICAL
TASK-3851,Engineering,MEDIUM,NORMAL,FAIR,False,0,2,3.9,0,1,28.382641404897917,LOW
TASK-3852,Engineering,ROUTINE,NORMAL,FAIR,False,0,1,7.6,0,1,21.35415118417758,LOW
TASK-3853,S&T,ROUTINE,MEDIUM,GOOD,True,20,0,5.0,0,0,47.12274299859835,MEDIUM
TASK-3854,S&T,MEDIUM,NORMAL,GOOD,False,0,2,1.4,0,1,27.690612783207573,LOW
TASK-3855,Traction,HIGH,HIGH,DEGRADED,False,0,5,0.8,1,0,84.23361169385421,CRITICAL
TASK-3856,Engineering,LOW,NORMAL,GOOD,False,0,1,3.3,0,1,18.91246102548431,LOW
TASK-3857,S&T,MEDIUM,MEDIUM,DEGRADED,False,0,3,2.7,1,1,54.819227160713865,MEDIUM
TASK-3858,Engineering,ROUTINE,NORMAL,FAIR,True,25,0,1.6,0,0,40.58947036381671,LOW
TASK-3859,Traction,CRITICAL,HIGH,POOR,False,0,1,0.9,1,0,93.15082661003599,CRITICAL
TASK-3860,S&T,HIGH,MEDIUM,DEGRADED,True,8,1,2.1,1,0,68.34455127415579,HIGH
TASK-3861,Traction,HIGH,HIGH,POOR,True,11,1,0.5,1,0,100.0,CRITICAL
TASK-3862,Traction,MEDIUM,MEDIUM,DEGRADED,False,0,0,1.0,0,1,29.556861396631874,LOW
TASK-3863,Engineering,CRITICAL,IMMEDIATE,POOR,True,12,1,4.1,1,1,100.0,CRITICAL
TASK-3864,S&T,CRITICAL,HIGH,FAILED,True,1,1,3.9,1,1,99.43867407635267,CRITICAL
TASK-3865,S&T,HIGH,HIGH,POOR,True,2,0,4.1,1,0,87.36584646190794,CRITICAL
TASK-3866,Traction,CRITICAL,IMMEDIATE,FAILED,True,17,0,1.5,1,0,100.0,CRITICAL
TASK-3867,Engineering,CRITICAL,HIGH,FAILED,False,0,2,5.3,1,1,100.0,CRITICAL
TASK-3868,S&T,CRITICAL,IMMEDIATE,POOR,True,8,3,1.6,1,1,100.0,CRITICAL
TASK-3869,Traction,MEDIUM,MEDIUM,DEGRADED,True,17,2,1.2,0,1,57.4637475576631,MEDIUM
TASK-3870,Traction,CRITICAL,HIGH,FAILED,False,0,2,3.6,1,1,96.6756501521324,CRITICAL
TASK-3871,Engineering,HIGH,IMMEDIATE,POOR,False,0,4,3.0,1,0,92.5624299319116,CRITICAL
TASK-3872,Engineering,HIGH,IMMEDIATE,POOR,True,1,4,6.0,1,0,95.50138872294518,CRITICAL
TASK-3873,Traction,ROUTINE,NORMAL,GOOD,False,0,1,7.0,0,1,20.713625549285236,LOW
TASK-3874,Traction,MEDIUM,NORMAL,GOOD,False,0,2,4.8,0,1,32.35964814817662,LOW
TASK-3875,Traction,MEDIUM,HIGH,DEGRADED,False,0,4,4.7,0,1,45.65989175616324,MEDIUM
TASK-3876,Engineering,CRITICAL,IMMEDIATE,FAILED,False,0,2,1.1,1,1,100.0,CRITICAL
TASK-3877,Traction,CRITICAL,HIGH,FAILED,False,0,3,4.8,1,1,98.46154010808307,CRITICAL
TASK-3878,Engineering,CRITICAL,IMMEDIATE,FAILED,True,19,1,4.4,1,1,100.0,CRITICAL
TASK-3879,S&T,CRITICAL,HIGH,FAILED,False,0,2,7.2,1,1,100.0,CRITICAL
TASK-3880,Engineering,HIGH,HIGH,FAILED,True,2,1,1.8,1,0,86.51460543599651,CRITICAL
TASK-3881,Engineering,MEDIUM,HIGH,DEGRADED,False,0,1,6.4,0,0,43.32772254597585,LOW
TASK-3882,Engineering,HIGH,IMMEDIATE,FAILED,False,0,3,3.8,1,1,100.0,CRITICAL
TASK-3883,Traction,CRITICAL,HIGH,FAILED,False,0,1,2.9,1,0,100.0,CRITICAL
TASK-3884,Traction,LOW,NORMAL,GOOD,False,0,2,4.2,0,1,23.971385795475395,LOW
TASK-3885,Engineering,MEDIUM,MEDIUM,DEGRADED,False,0,1,3.8,0,1,36.012353312654156,LOW
TASK-3886,S&T,ROUTINE,NORMAL,GOOD,True,2,0,6.9,0,1,19.207356506427036,LOW
TASK-3887,S&T,HIGH,IMMEDIATE,POOR,False,0,3,2.4,1,1,86.26925569542735,CRITICAL
TASK-3888,Engineering,LOW,MEDIUM,GOOD,True,10,0,4.6,0,1,41.37107517565084,LOW
TASK-3889,S&T,MEDIUM,NORMAL,FAIR,False,0,0,1.9,0,1,34.51162880565193,LOW
TASK-3890,Engineering,ROUTINE,NORMAL,FAIR,True,5,1,2.8,0,1,25.109318409572964,LOW
TASK-3891,S&T,ROUTINE,NORMAL,FAIR,False,0,0,0.9,0,1,17.6804097983907,LOW
TASK-3892,S&T,MEDIUM,NORMAL,FAIR,True,1,1,0.7,0,0,30.16285189663289,LOW
TASK-3893,Engineering,MEDIUM,HIGH,DEGRADED,True,15,1,3.4,0,1,78.59051130231902,HIGH
TASK-3894,S&T,ROUTINE,MEDIUM,FAIR,False,0,2,3.6,0,1,30.067629629642365,LOW
TASK-3895,S&T,MEDIUM,MEDIUM,DEGRADED,True,33,0,3.3,1,0,68.86210340324078,HIGH
TASK-3896,Engineering,ROUTINE,NORMAL,GOOD,False,0,4,2.0,0,1,22.15741723607357,LOW
TASK-3897,Traction,CRITICAL,HIGH,FAILED,False,0,0,2.3,1,0,96.46084325923611,CRITICAL
TASK-3898,Traction,CRITICAL,IMMEDIATE,FAILED,True,10,1,3.4,1,1,100.0,CRITICAL
TASK-3899,Engineering,MEDIUM,MEDIUM,DEGRADED,False,0,3,1.0,0,1,39.55511370866921,LOW
TASK-3900,S&T,CRITICAL,IMMEDIATE,FAILED,True,7,3,3.6,1,1,100.0,CRITICAL
TASK-3901,S&T,ROUTINE,NORMAL,GOOD,True,2,1,3.6,0,1,26.23276047748659,LOW
TASK-3902,Engineering,ROUTINE,NORMAL,GOOD,False,0,2,2.5,0,0,29.45880682050727,LOW
TASK-3903,Traction,MEDIUM,NORMAL,GOOD,False,0,0,2.3,0,0,31.92283426971034,LOW
TASK-3904,Traction,LOW,NORMAL,FAIR,False,0,1,2.8,0,1,24.404078865945625,LOW
TASK-3905,S&T,CRITICAL,HIGH,POOR,True,2,3,1.1,1,0,100.0,CRITICAL
TASK-3906,Traction,CRITICAL,HIGH,FAILED,True,11,1,2.0,1,1,100.0,CRITICAL
TASK-3907,Engineering,HIGH,MEDIUM,DEGRADED,False,0,1,4.6,1,1,53.32344648203615,MEDIUM
TASK-3908,Engineering,LOW,NORMAL,FAIR,True,1,1,4.5,0,1,30.162050292103576,LOW
TASK-3909,S&T,HIGH,IMMEDIATE,FAILED,False,0,6,3.9,1,1,100.0,CRITICAL
TASK-3910,Engineering,CRITICAL,HIGH,POOR,True,20,2,7.7,1,1,100.0,CRITICAL
TASK-3911,Traction,MEDIUM,MEDIUM,DEGRADED,False,0,1,5.4,0,1,41.71758409076354,LOW
TASK-3912,Engineering,LOW,NORMAL,GOOD,False,0,6,1.0,0,1,29.060353115996303,LOW
TASK-3913,S&T,MEDIUM,HIGH,DEGRADED,True,18,1,5.0,1,1,76.73104601328727,HIGH
TASK-3914,Traction,CRITICAL,HIGH,POOR,False,0,1,8.0,1,1,99.22817523329043,CRITICAL
TASK-3915,Traction,LOW,MEDIUM,FAIR,False,0,2,4.9,0,1,31.22509329954254,LOW
TASK-3916,Traction,HIGH,MEDIUM,DEGRADED,True,25,2,0.8,1,1,91.8598399269381,CRITICAL
TASK-3917,Traction,HIGH,IMMEDIATE,FAILED,True,19,4,4.7,1,1,100.0,CRITICAL
TASK-3918,S&T,LOW,MEDIUM,GOOD,True,22,3,3.5,0,0,50.38844811965362,MEDIUM
TASK-3919,Engineering,MEDIUM,NORMAL,FAIR,False,0,0,5.9,0,1,34.64594780773855,LOW
TASK-3920,S&T,CRITICAL,HIGH,POOR,False,0,1,2.1,1,1,85.48499039092597,CRITICAL
TASK-3921,Traction,HIGH,MEDIUM,DEGRADED,True,37,1,7.1,1,1,78.57851010298066,HIGH
TASK-3922,S&T,MEDIUM,HIGH,DEGRADED,True,2,0,7.8,1,0,62.49976844448167,MEDIUM
TASK-3923,Traction,HIGH,IMMEDIATE,POOR,True,5,3,2.5,1,1,100.0,CRITICAL
TASK-3924,Traction,HIGH,HIGH,DEGRADED,True,17,1,3.1,1,0,91.14940962384388,CRITICAL
TASK-3925,S&T,HIGH,IMMEDIATE,FAILED,False,0,1,3.0,1,1,97.3153883771462,CRITICAL
TASK-3926,Traction,MEDIUM,NORMAL,FAIR,False,0,3,5.3,0,0,39.25738623353755,LOW
TASK-3927,Engineering,HIGH,IMMEDIATE,FAILED,False,0,2,4.1,1,1,100.0,CRITICAL
TASK-3928,Engineering,LOW,NORMAL,FAIR,False,0,1,3.6,0,1,29.846205906423542,LOW
TASK-3929,Traction,CRITICAL,IMMEDIATE,POOR,True,5,2,6.2,1,1,100.0,CRITICAL
TASK-3930,Traction,LOW,NORMAL,GOOD,False,0,1,6.4,0,0,21.683523705671007,LOW
TASK-3931,Traction,ROUTINE,MEDIUM,GOOD,False,0,3,4.5,0,0,25.14769145355688,LOW
TASK-3932,Traction,CRITICAL,IMMEDIATE,POOR,False,0,1,5.5,1,1,97.07481432169114,CRITICAL
TASK-3933,S&T,CRITICAL,IMMEDIATE,POOR,True,8,1,6.7,1,1,100.0,CRITICAL
TASK-3934,S&T,CRITICAL,IMMEDIATE,POOR,False,0,2,1.8,1,1,100.0,CRITICAL
TASK-3935,Traction,LOW,MEDIUM,GOOD,True,1,1,1.4,0,0,28.34388520588065,LOW
TASK-3936,S&T,ROUTINE,NORMAL,FAIR,False,0,3,3.8,0,1,24.056273531642493,LOW
TASK-3937,Engineering,ROUTINE,MEDIUM,GOOD,False,0,3,6.2,0,1,24.40657469536903,LOW
TASK-3938,Traction,HIGH,MEDIUM,DEGRADED,False,0,4,1.9,1,0,67.59519287631613,HIGH
TASK-3939,Traction,MEDIUM,MEDIUM,DEGRADED,True,22,3,6.6,0,0,60.81529406766251,MEDIUM
TASK-3940,Engineering,ROUTINE,MEDIUM,FAIR,False,0,1,7.9,0,1,23.578957125879544,LOW
TASK-3941,S&T,ROUTINE,NORMAL,GOOD,False,0,3,2.6,0,1,23.444011007193076,LOW
TASK-3942,Traction,CRITICAL,IMMEDIATE,FAILED,True,6,2,2.1,1,1,100.0,CRITICAL
TASK-3943,Engineering,CRITICAL,HIGH,POOR,False,0,3,1.3,1,1,88.68983595454966,CRITICAL
TASK-3944,S&T,CRITICAL,HIGH,FAILED,False,0,1,4.3,1,0,95.54296819325553,CRITICAL
TASK-3945,Engineering,CRITICAL,HIGH,FAILED,False,0,0,2.0,1,1,100.0,CRITICAL
TASK-3946,Traction,CRITICAL,IMMEDIATE,FAILED,False,0,5,5.5,1,1,100.0,CRITICAL
TASK-3947,Traction,CRITICAL,HIGH,FAILED,False,0,0,1.8,1,0,91.38247445468996,CRITICAL
TASK-3948,Traction,ROUTINE,MEDIUM,FAIR,True,2,1,6.1,0,1,33.515781582098086,LOW
TASK-3949,Engineering,MEDIUM,MEDIUM,DEGRADED,False,0,0,7.5,0,1,30.981209428349928,LOW
TASK-3950,Engineering,HIGH,HIGH,FAILED,False,0,3,6.0,1,1,87.11817989268722,CRITICAL
TASK-3951,S&T,ROUTINE,NORMAL,FAIR,False,0,1,6.9,0,1,28.563620346363308,LOW
TASK-3952,Engineering,HIGH,HIGH,FAILED,True,27,1,5.1,1,1,100.0,CRITICAL
TASK-3953,Traction,HIGH,IMMEDIATE,FAILED,False,0,0,7.1,1,1,100.0,CRITICAL
TASK-3954,Engineering,HIGH,HIGH,POOR,True,23,0,5.3,1,1,96.69834368599942,CRITICAL
TASK-3955,Traction,ROUTINE,NORMAL,GOOD,True,8,1,6.9,0,1,40.49590626314592,LOW
TASK-3956,S&T,CRITICAL,HIGH,POOR,True,8,0,6.8,1,1,100.0,CRITICAL
TASK-3957,S&T,MEDIUM,MEDIUM,DEGRADED,True,21,1,1.4,1,1,88.8831695431364,CRITICAL
TASK-3958,Traction,HIGH,HIGH,POOR,True,14,3,4.2,1,0,100.0,CRITICAL
TASK-3959,Traction,MEDIUM,NORMAL,GOOD,True,17,2,7.1,0,1,57.7688681916461,MEDIUM
TASK-3960,Engineering,ROUTINE,NORMAL,GOOD,False,0,3,2.6,0,0,29.87467479711025,LOW
TASK-3961,S&T,CRITICAL,IMMEDIATE,FAILED,False,0,2,3.9,1,1,100.0,CRITICAL
TASK-3962,Engineering,CRITICAL,HIGH,POOR,False,0,0,2.0,1,1,89.98657137068379,CRITICAL
TASK-3963,Engineering,CRITICAL,IMMEDIATE,FAILED,False,0,0,6.6,1,1,100.0,CRITICAL
TASK-3964,Traction,LOW,NORMAL,FAIR,False,0,0,7.8,0,1,24.843723105836258,LOW
TASK-3965,S&T,ROUTINE,NORMAL,GOOD,True,15,3,7.4,0,1,44.15499905374234,LOW
TASK-3966,Engineering,LOW,NORMAL,FAIR,True,22,3,3.0,0,1,53.42765364508918,MEDIUM
TASK-3967,Engineering,ROUTINE,NORMAL,GOOD,False,0,3,0.7,0,0,32.713976577108525,LOW
TASK-3968,S&T,ROUTINE,NORMAL,GOOD,True,13,3,4.9,0,0,54.66180254682472,MEDIUM
TASK-3969,Traction,MEDIUM,MEDIUM,DEGRADED,True,29,4,6.8,0,1,76.36078371314007,HIGH
TASK-3970,Engineering,ROUTINE,NORMAL,GOOD,True,32,1,4.1,0,1,51.031411481913,MEDIUM
TASK-3971,S&T,ROUTINE,NORMAL,GOOD,False,0,1,6.7,0,0,26.9606351937853,LOW
TASK-3972,Traction,ROUTINE,MEDIUM,FAIR,False,0,0,7.6,0,1,22.508385135287934,LOW
TASK-3973,Traction,HIGH,HIGH,FAILED,False,0,1,3.8,1,1,94.60138994441417,CRITICAL
TASK-3974,Engineering,CRITICAL,HIGH,POOR,True,4,5,4.8,1,1,100.0,CRITICAL
TASK-3975,Engineering,LOW,NORMAL,GOOD,False,0,2,7.4,0,0,26.115399801621763,LOW
TASK-3976,S&T,MEDIUM,MEDIUM,DEGRADED,False,0,1,7.2,1,1,57.348458408698036,MEDIUM
TASK-3977,Traction,ROUTINE,MEDIUM,GOOD,False,0,1,6.4,0,1,28.453979036148784,LOW
TASK-3978,Engineering,HIGH,IMMEDIATE,POOR,True,16,0,0.9,1,1,100.0,CRITICAL
TASK-3979,Traction,CRITICAL,IMMEDIATE,POOR,False,0,1,1.0,1,1,96.33496717109301,CRITICAL
TASK-3980,Traction,ROUTINE,NORMAL,GOOD,False,0,1,4.7,0,1,20.072893469190923,LOW
TASK-3981,S&T,CRITICAL,HIGH,POOR,True,9,2,3.5,1,1,100.0,CRITICAL
TASK-3982,Traction,CRITICAL,HIGH,POOR,False,0,1,2.2,1,1,100.0,CRITICAL
TASK-3983,Traction,CRITICAL,HIGH,FAILED,True,14,0,0.6,1,0,100.0,CRITICAL
TASK-3984,S&T,CRITICAL,HIGH,POOR,False,0,2,6.5,1,1,88.0354476036671,CRITICAL
TASK-3985,Traction,CRITICAL,IMMEDIATE,FAILED,False,0,2,1.3,1,0,100.0,CRITICAL
TASK-3986,Traction,ROUTINE,NORMAL,GOOD,False,0,0,3.9,0,1,21.11727143069508,LOW
TASK-3987,S&T,CRITICAL,HIGH,FAILED,False,0,1,1.9,1,1,99.89099153893542,CRITICAL
TASK-3988,Engineering,ROUTINE,NORMAL,GOOD,False,0,1,5.0,0,0,17.607997613303496,LOW
TASK-3989,Engineering,CRITICAL,IMMEDIATE,FAILED,True,2,0,6.4,1,1,100.0,CRITICAL
TASK-3990,Engineering,CRITICAL,IMMEDIATE,FAILED,False,0,1,1.4,1,1,100.0,CRITICAL
TASK-3991,Traction,HIGH,MEDIUM,DEGRADED,False,0,1,3.2,1,0,61.81391070668113,MEDIUM
TASK-3992,S&T,HIGH,IMMEDIATE,FAILED,True,4,0,3.8,1,0,99.69688434430881,CRITICAL
TASK-3993,Engineering,ROUTINE,MEDIUM,FAIR,False,0,1,6.5,0,1,32.46892631763722,LOW
TASK-3994,Engineering,ROUTINE,NORMAL,FAIR,True,11,2,2.8,0,0,44.3325188350279,LOW
TASK-3995,S&T,CRITICAL,IMMEDIATE,FAILED,True,1,3,7.7,1,0,100.0,CRITICAL
TASK-3996,S&T,HIGH,HIGH,DEGRADED,False,0,2,4.9,1,0,65.83878205302315,HIGH
TASK-3997,Traction,LOW,MEDIUM,FAIR,False,0,3,1.6,0,1,35.32566045579991,LOW
TASK-3998,S&T,CRITICAL,HIGH,FAILED,True,4,2,3.1,1,1,100.0,CRITICAL
TASK-3999,S&T,ROUTINE,NORMAL,GOOD,True,28,4,4.4,0,0,55.31950393087161,MEDIUM
TASK-4000,Traction,ROUTINE,NORMAL,FAIR,False,0,0,0.9,0,1,22.463596732835125,LOW
TASK-4001,Traction,CRITICAL,HIGH,FAILED,False,0,5,6.9,1,1,100.0,CRITICAL
TASK-4002,S&T,MEDIUM,HIGH,DEGRADED,True,7,1,2.0,1,1,84.53262934291104,CRITICAL
TASK-4003,Engineering,LOW,MEDIUM,FAIR,True,15,2,6.4,0,1,50.424429498576586,MEDIUM
TASK-4004,S&T,ROUTINE,NORMAL,FAIR,True,1,3,5.5,0,1,26.370083983238757,LOW
TASK-4005,Traction,HIGH,IMMEDIATE,POOR,True,28,1,5.0,1,1,100.0,CRITICAL
TASK-4006,S&T,CRITICAL,HIGH,FAILED,True,35,0,4.7,1,1,100.0,CRITICAL
TASK-4007,S&T,HIGH,IMMEDIATE,FAILED,True,15,1,2.7,1,1,100.0,CRITICAL
TASK-4008,S&T,LOW,NORMAL,FAIR,True,3,3,1.3,0,1,29.415770307172274,LOW
TASK-4009,Engineering,CRITICAL,HIGH,POOR,True,18,1,2.1,1,0,100.0,CRITICAL
TASK-4010,Engineering,ROUTINE,NORMAL,FAIR,False,0,4,5.7,0,1,21.807529904928465,LOW
TASK-4011,S&T,CRITICAL,HIGH,FAILED,False,0,2,2.1,1,1,92.2081136574798,CRITICAL
TASK-4012,S&T,HIGH,MEDIUM,DEGRADED,False,0,4,6.6,1,1,70.15804261438299,HIGH
TASK-4013,S&T,ROUTINE,NORMAL,FAIR,False,0,4,3.5,0,0,18.754077868669448,LOW
TASK-4014,Engineering,MEDIUM,HIGH,DEGRADED,False,0,0,0.6,0,1,41.75825660495622,LOW
TASK-4015,S&T,LOW,NORMAL,GOOD,False,0,1,4.7,0,1,18.59541096339317,LOW
TASK-4016,Engineering,HIGH,MEDIUM,DEGRADED,False,0,1,3.8,1,1,53.292151748744374,MEDIUM
TASK-4017,Traction,CRITICAL,IMMEDIATE,FAILED,True,5,1,7.3,1,1,100.0,CRITICAL
TASK-4018,S&T,LOW,NORMAL,GOOD,True,15,3,7.8,0,1,48.94684803634786,MEDIUM
TASK-4019,Engineering,ROUTINE,NORMAL,FAIR,True,24,2,2.6,0,1,45.0728917685611,MEDIUM
TASK-4020,Engineering,MEDIUM,MEDIUM,DEGRADED,True,19,0,5.9,0,0,48.31804135838293,MEDIUM
TASK-4021,S&T,CRITICAL,IMMEDIATE,FAILED,False,0,3,2.3,1,0,100.0,CRITICAL
TASK-4022,Engineering,LOW,NORMAL,GOOD,False,0,3,1.8,0,0,22.972151723482842,LOW
TASK-4023,S&T,ROUTINE,NORMAL,GOOD,True,18,1,0.7,0,1,44.8096534664176,LOW
TASK-4024,Traction,LOW,NORMAL,FAIR,True,11,0,3.3,0,0,45.487724223429936,MEDIUM
TASK-4025,Engineering,HIGH,MEDIUM,DEGRADED,False,0,3,7.5,1,1,70.21994626059599,HIGH
TASK-4026,S&T,HIGH,IMMEDIATE,POOR,True,17,1,2.3,1,1,100.0,CRITICAL
TASK-4027,S&T,MEDIUM,NORMAL,FAIR,False,0,0,7.6,0,1,32.11729165915195,LOW
TASK-4028,Traction,HIGH,IMMEDIATE,POOR,True,31,7,7.1,1,1,100.0,CRITICAL
TASK-4029,Engineering,ROUTINE,NORMAL,GOOD,False,0,2,1.6,0,0,23.023295017707035,LOW
TASK-4030,Engineering,MEDIUM,MEDIUM,FAIR,False,0,1,1.9,0,0,38.7338545145045,LOW
TASK-4031,S&T,HIGH,MEDIUM,DEGRADED,False,0,3,2.9,1,1,70.37084935948249,HIGH
TASK-4032,S&T,MEDIUM,NORMAL,FAIR,True,7,1,7.4,0,1,49.08533956538486,MEDIUM
TASK-4033,Traction,CRITICAL,HIGH,FAILED,False,0,0,1.9,1,1,100.0,CRITICAL
TASK-4034,Traction,MEDIUM,MEDIUM,DEGRADED,True,36,0,6.4,0,1,50.57705526595252,MEDIUM
TASK-4035,S&T,ROUTINE,NORMAL,FAIR,True,7,1,0.9,0,0,29.89058293147478,LOW
TASK-4036,S&T,ROUTINE,NORMAL,FAIR,False,0,2,6.9,0,1,21.933248516197736,LOW
TASK-4037,Traction,HIGH,HIGH,POOR,True,17,1,2.1,1,1,100.0,CRITICAL
TASK-4038,Engineering,HIGH,IMMEDIATE,POOR,False,0,2,6.4,1,1,94.78162571977722,CRITICAL
TASK-4039,Traction,MEDIUM,NORMAL,GOOD,False,0,3,1.8,0,1,40.44658953664677,LOW
TASK-4040,S&T,HIGH,HIGH,FAILED,True,14,1,3.3,1,1,100.0,CRITICAL
TASK-4041,Traction,HIGH,IMMEDIATE,POOR,True,8,0,1.8,1,1,98.64542811157614,CRITICAL
TASK-4042,Traction,HIGH,MEDIUM,DEGRADED,True,4,3,4.4,1,0,70.93355793307026,HIGH
TASK-4043,S&T,CRITICAL,IMMEDIATE,POOR,False,0,1,4.1,1,0,100.0,CRITICAL
TASK-4044,Traction,CRITICAL,HIGH,POOR,True,9,4,5.3,1,1,100.0,CRITICAL
TASK-4045,Traction,MEDIUM,NORMAL,GOOD,True,17,2,2.1,0,0,53.383790305744334,MEDIUM
TASK-4046,Engineering,CRITICAL,IMMEDIATE,POOR,True,7,2,7.0,1,1,100.0,CRITICAL
TASK-4047,S&T,ROUTINE,NORMAL,FAIR,True,25,1,2.8,0,0,37.02001446519305,LOW
TASK-4048,S&T,CRITICAL,IMMEDIATE,FAILED,False,0,0,1.7,1,0,95.61501236746223,CRITICAL
TASK-4049,S&T,MEDIUM,HIGH,DEGRADED,True,38,2,4.6,1,1,80.98654156504801,CRITICAL
TASK-4050,Engineering,ROUTINE,NORMAL,GOOD,False,0,3,2.7,0,1,18.416710356413724,LOW
TASK-4051,Traction,MEDIUM,MEDIUM,DEGRADED,False,0,2,2.2,0,1,39.03273983318317,LOW
TASK-4052,Engineering,HIGH,HIGH,POOR,True,18,3,4.3,1,0,100.0,CRITICAL
TASK-4053,S&T,CRITICAL,IMMEDIATE,POOR,False,0,0,3.9,1,1,100.0,CRITICAL
TASK-4054,S&T,CRITICAL,IMMEDIATE,POOR,False,0,3,3.3,1,0,95.62632088938726,CRITICAL
TASK-4055,S&T,MEDIUM,MEDIUM,DEGRADED,True,16,0,2.5,1,0,79.02059545982202,HIGH
TASK-4056,Engineering,ROUTINE,NORMAL,FAIR,True,9,0,3.8,0,0,32.261942317792744,LOW
TASK-4057,S&T,ROUTINE,NORMAL,GOOD,True,10,1,3.2,0,1,36.2551416761782,LOW
TASK-4058,Engineering,MEDIUM,MEDIUM,DEGRADED,True,18,1,6.8,0,0,56.38095237586064,MEDIUM
TASK-4059,Traction,HIGH,IMMEDIATE,FAILED,True,15,1,5.3,1,1,100.0,CRITICAL
TASK-4060,S&T,ROUTINE,NORMAL,FAIR,False,0,2,1.2,0,1,21.946355550112678,LOW
TASK-4061,Engineering,MEDIUM,MEDIUM,DEGRADED,True,3,4,0.8,0,1,42.59773552015699,LOW
TASK-4062,Engineering,HIGH,MEDIUM,DEGRADED,True,7,1,2.0,1,1,58.2441609637668,MEDIUM
TASK-4063,S&T,MEDIUM,MEDIUM,DEGRADED,True,11,3,2.8,1,0,76.77998645153274,HIGH
TASK-4064,Traction,MEDIUM,MEDIUM,DEGRADED,True,6,2,1.9,0,0,50.60052541239072,MEDIUM
TASK-4065,Traction,ROUTINE,NORMAL,FAIR,True,6,2,8.0,0,1,28.59206293493133,LOW
TASK-4066,Traction,CRITICAL,IMMEDIATE,FAILED,True,11,2,7.3,1,1,100.0,CRITICAL
TASK-4067,Engineering,HIGH,MEDIUM,DEGRADED,True,2,1,2.6,1,0,59.9067310934867,MEDIUM
TASK-4068,S&T,HIGH,IMMEDIATE,POOR,False,0,1,7.6,1,1,92.10986647981608,CRITICAL
TASK-4069,Traction,ROUTINE,MEDIUM,GOOD,True,1,2,4.0,0,1,29.496175307365036,LOW
TASK-4070,Traction,ROUTINE,NORMAL,FAIR,False,0,3,7.0,0,0,20.92518793385659,LOW
TASK-4071,Engineering,ROUTINE,NORMAL,FAIR,True,13,0,5.9,0,1,47.348428404888786,MEDIUM
TASK-4072,Engineering,CRITICAL,IMMEDIATE,POOR,False,0,1,2.3,1,1,100.0,CRITICAL
TASK-4073,Traction,CRITICAL,HIGH,FAILED,False,0,1,6.2,1,1,98.13785141407548,CRITICAL
TASK-4074,Traction,CRITICAL,IMMEDIATE,POOR,True,8,2,3.1,1,0,100.0,CRITICAL
TASK-4075,Engineering,MEDIUM,MEDIUM,DEGRADED,False,0,3,6.8,0,1,40.26365086243527,LOW
TASK-4076,S&T,CRITICAL,IMMEDIATE,POOR,False,0,1,2.1,1,1,97.83145422020684,CRITICAL
TASK-4077,S&T,HIGH,HIGH,FAILED,False,0,3,0.7,1,1,87.53151016191666,CRITICAL
TASK-4078,Engineering,CRITICAL,IMMEDIATE,FAILED,False,0,5,7.1,1,0,100.0,CRITICAL
TASK-4079,S&T,ROUTINE,MEDIUM,GOOD,True,1,1,4.2,0,1,25.435710026627966,LOW
TASK-4080,Traction,HIGH,MEDIUM,DEGRADED,False,0,1,3.0,1,0,53.199736099235935,MEDIUM
TASK-4081,S&T,CRITICAL,HIGH,POOR,False,0,1,5.6,1,1,97.66202770354634,CRITICAL
TASK-4082,S&T,CRITICAL,HIGH,FAILED,True,16,2,2.7,1,1,100.0,CRITICAL
TASK-4083,Traction,LOW,NORMAL,GOOD,False,0,1,4.8,0,1,24.77325469606579,LOW
TASK-4084,Engineering,ROUTINE,NORMAL,FAIR,True,41,1,1.7,0,1,46.909109722193016,MEDIUM
TASK-4085,S&T,HIGH,HIGH,FAILED,False,0,2,5.2,1,0,90.35478299620367,CRITICAL
TASK-4086,Traction,HIGH,IMMEDIATE,FAILED,False,0,2,4.8,1,1,98.28726381069296,CRITICAL
TASK-4087,S&T,HIGH,IMMEDIATE,POOR,False,0,2,2.0,1,0,92.67106331550087,CRITICAL
TASK-4088,S&T,ROUTINE,MEDIUM,GOOD,True,23,1,4.5,0,1,50.325828219711894,MEDIUM
TASK-4089,Engineering,HIGH,HIGH,POOR,True,25,0,1.3,1,0,100.0,CRITICAL
TASK-4090,Traction,CRITICAL,IMMEDIATE,POOR,True,3,2,5.3,1,0,100.0,CRITICAL
TASK-4091,S&T,LOW,NORMAL,GOOD,False,0,3,1.8,0,1,35.73410981173057,LOW
TASK-4092,Traction,CRITICAL,HIGH,FAILED,False,0,2,1.8,1,1,100.0,CRITICAL
TASK-4093,Traction,CRITICAL,HIGH,FAILED,False,0,3,4.2,1,0,97.36009420777027,CRITICAL
TASK-4094,Engineering,ROUTINE,NORMAL,FAIR,True,7,2,1.0,0,1,34.66800853676778,LOW
TASK-4095,S&T,MEDIUM,HIGH,DEGRADED,False,0,1,2.0,1,1,57.182504697419745,MEDIUM
TASK-4096,S&T,CRITICAL,IMMEDIATE,FAILED,False,0,3,1.0,1,1,100.0,CRITICAL
TASK-4097,Engineering,MEDIUM,MEDIUM,DEGRADED,False,0,1,4.4,0,1,32.31477657404119,LOW
TASK-4098,Engineering,MEDIUM,HIGH,DEGRADED,True,1,2,6.9,0,1,64.8789494204733,MEDIUM
TASK-4099,S&T,CRITICAL,HIGH,POOR,True,8,3,1.7,1,0,100.0,CRITICAL
TASK-4100,Engineering,MEDIUM,NORMAL,FAIR,False,0,4,4.5,0,0,36.28386965647662,LOW
TASK-4101,S&T,LOW,MEDIUM,GOOD,False,0,0,3.4,0,0,25.020006301182978,LOW
TASK-4102,Engineering,ROUTINE,NORMAL,FAIR,False,0,1,7.0,0,0,26.58189413681665,LOW
TASK-4103,S&T,CRITICAL,IMMEDIATE,POOR,True,15,1,6.6,1,0,100.0,CRITICAL
TASK-4104,Traction,CRITICAL,HIGH,POOR,False,0,2,1.7,1,0,85.66108269726261,CRITICAL
TASK-4105,Traction,MEDIUM,MEDIUM,DEGRADED,True,8,2,4.9,0,1,51.81307811791134,MEDIUM
TASK-4106,Traction,CRITICAL,IMMEDIATE,POOR,True,1,1,2.6,1,0,100.0,CRITICAL
TASK-4107,Engineering,ROUTINE,NORMAL,FAIR,False,0,2,3.8,0,1,18.90357942495065,LOW
TASK-4108,S&T,HIGH,IMMEDIATE,FAILED,True,1,0,6.6,1,0,86.66372168099595,CRITICAL
TASK-4109,Traction,MEDIUM,HIGH,DEGRADED,True,6,1,7.3,0,1,47.70415156233364,MEDIUM
TASK-4110,S&T,CRITICAL,IMMEDIATE,POOR,False,0,1,4.0,1,1,98.99173785555438,CRITICAL
TASK-4111,Engineering,ROUTINE,MEDIUM,GOOD,False,0,5,2.7,0,1,28.619471631468855,LOW
TASK-4112,S&T,HIGH,MEDIUM,DEGRADED,True,10,2,5.8,1,0,90.22449207074364,CRITICAL
TASK-4113,Traction,MEDIUM,MEDIUM,DEGRADED,True,13,2,3.4,0,1,58.48164455759742,MEDIUM
TASK-4114,Engineering,CRITICAL,HIGH,POOR,True,7,0,2.4,1,1,100.0,CRITICAL
TASK-4115,Traction,CRITICAL,HIGH,POOR,False,0,1,3.9,1,0,100.0,CRITICAL
TASK-4116,Traction,LOW,NORMAL,FAIR,False,0,1,5.7,0,1,12.248205035531866,LOW
TASK-4117,Engineering,CRITICAL,IMMEDIATE,POOR,True,15,2,5.7,1,0,100.0,CRITICAL
TASK-4118,Engineering,ROUTINE,MEDIUM,FAIR,True,28,0,7.1,0,0,48.469127064280094,MEDIUM
TASK-4119,Engineering,MEDIUM,HIGH,DEGRADED,True,13,0,7.1,0,1,62.88696113599177,MEDIUM
TASK-4120,Traction,HIGH,HIGH,DEGRADED,True,29,5,5.5,1,1,100.0,CRITICAL
TASK-4121,Engineering,LOW,NORMAL,FAIR,False,0,0,7.3,0,1,28.271152591399762,LOW
TASK-4122,S&T,CRITICAL,IMMEDIATE,FAILED,True,25,5,1.4,1,1,100.0,CRITICAL
TASK-4123,S&T,LOW,NORMAL,GOOD,True,8,2,6.2,0,1,24.236067650573204,LOW
TASK-4124,Traction,HIGH,HIGH,DEGRADED,False,0,2,3.6,1,1,71.05647583221615,HIGH
TASK-4125,Engineering,HIGH,HIGH,DEGRADED,False,0,1,2.1,1,1,68.76821231425318,HIGH
TASK-4126,Engineering,HIGH,HIGH,POOR,True,18,2,0.7,1,0,98.13547182129139,CRITICAL
TASK-4127,Traction,CRITICAL,HIGH,POOR,True,4,2,3.4,1,1,96.06342188884203,CRITICAL
TASK-4128,Traction,CRITICAL,HIGH,POOR,True,5,4,6.9,1,1,100.0,CRITICAL
TASK-4129,S&T,ROUTINE,NORMAL,GOOD,True,9,2,0.6,0,0,36.95949328968232,LOW
TASK-4130,Engineering,ROUTINE,NORMAL,FAIR,False,0,1,3.0,0,1,21.06592314767467,LOW
TASK-4131,Traction,HIGH,HIGH,POOR,True,17,2,4.1,1,1,98.43077811299491,CRITICAL
TASK-4132,Engineering,ROUTINE,NORMAL,GOOD,False,0,1,4.6,0,1,23.235428278437027,LOW
TASK-4133,Engineering,HIGH,IMMEDIATE,POOR,False,0,1,1.6,1,1,90.93759682406505,CRITICAL
TASK-4134,S&T,ROUTINE,NORMAL,FAIR,True,8,2,1.8,0,1,35.825196519233096,LOW
TASK-4135,Engineering,CRITICAL,HIGH,FAILED,False,0,0,1.3,1,0,93.85891232782734,CRITICAL
TASK-4136,S&T,LOW,NORMAL,GOOD,False,0,0,4.5,0,0,12.057484317959137,LOW
TASK-4137,S&T,LOW,NORMAL,FAIR,False,0,1,1.1,0,1,17.983435707964418,LOW
TASK-4138,Engineering,HIGH,MEDIUM,DEGRADED,True,13,0,1.7,1,1,79.04406528566345,HIGH
TASK-4139,S&T,ROUTINE,NORMAL,FAIR,False,0,2,2.1,0,1,29.378467140149297,LOW
TASK-4140,Engineering,CRITICAL,IMMEDIATE,FAILED,False,0,1,2.1,1,1,100.0,CRITICAL
TASK-4141,Traction,ROUTINE,NORMAL,GOOD,False,0,2,6.8,0,0,10.922655199980753,LOW
TASK-4142,Traction,ROUTINE,NORMAL,GOOD,False,0,4,3.4,0,1,24.357355618892576,LOW
TASK-4143,S&T,HIGH,IMMEDIATE,POOR,False,0,1,0.9,1,0,86.9714350978874,CRITICAL
TASK-4144,Engineering,ROUTINE,NORMAL,GOOD,True,4,2,6.3,0,0,33.63238857625323,LOW
TASK-4145,Engineering,LOW,NORMAL,FAIR,False,0,2,3.3,0,1,16.474360610784714,LOW
TASK-4146,Engineering,LOW,MEDIUM,FAIR,True,14,3,1.2,0,1,44.215879247233815,LOW
TASK-4147,S&T,ROUTINE,MEDIUM,GOOD,True,5,1,7.9,0,0,35.91661796267833,LOW
TASK-4148,S&T,MEDIUM,NORMAL,FAIR,True,6,2,5.6,0,1,34.80603191460084,LOW
TASK-4149,Engineering,MEDIUM,NORMAL,FAIR,False,0,2,7.7,0,1,24.570423635047593,LOW
TASK-4150,Engineering,ROUTINE,MEDIUM,FAIR,False,0,1,5.9,0,1,31.860224435512695,LOW
TASK-4151,Engineering,CRITICAL,HIGH,POOR,True,28,0,4.3,1,1,100.0,CRITICAL
TASK-4152,S&T,HIGH,MEDIUM,DEGRADED,False,0,2,4.7,1,1,66.33234845468154,HIGH
TASK-4153,Engineering,CRITICAL,IMMEDIATE,FAILED,True,18,1,2.1,1,1,100.0,CRITICAL
TASK-4154,Traction,CRITICAL,IMMEDIATE,POOR,False,0,1,7.5,1,1,98.44859722361696,CRITICAL
TASK-4155,Engineering,ROUTINE,NORMAL,FAIR,False,0,2,2.1,0,1,16.951603526701753,LOW
TASK-4156,S&T,MEDIUM,HIGH,DEGRADED,True,11,2,1.8,1,0,86.04388330153617,CRITICAL
TASK-4157,S&T,HIGH,HIGH,DEGRADED,True,6,1,0.6,1,1,78.3519590021522,HIGH
TASK-4158,Engineering,CRITICAL,IMMEDIATE,POOR,True,22,1,2.2,1,1,100.0,CRITICAL
TASK-4159,Traction,HIGH,MEDIUM,DEGRADED,True,19,0,5.4,1,1,78.36731698311836,HIGH
TASK-4160,S&T,ROUTINE,NORMAL,GOOD,False,0,0,1.0,0,1,19.191554459874695,LOW
TASK-4161,Engineering,HIGH,IMMEDIATE,POOR,False,0,2,2.8,1,0,99.96384500823548,CRITICAL
TASK-4162,Traction,CRITICAL,HIGH,POOR,False,0,1,7.9,1,1,88.03688584814408,CRITICAL
TASK-4163,Engineering,CRITICAL,IMMEDIATE,FAILED,True,7,1,6.4,1,1,100.0,CRITICAL
TASK-4164,Traction,LOW,NORMAL,FAIR,False,0,2,2.4,0,0,20.04834309150766,LOW
TASK-4165,Engineering,CRITICAL,IMMEDIATE,FAILED,True,18,1,2.9,1,0,100.0,CRITICAL
TASK-4166,Traction,HIGH,IMMEDIATE,POOR,False,0,2,5.6,1,1,96.80735988935878,CRITICAL
TASK-4167,Traction,LOW,NORMAL,FAIR,False,0,3,3.0,0,1,37.37704361846445,LOW
TASK-4168,Traction,MEDIUM,MEDIUM,DEGRADED,True,4,2,7.8,0,0,44.08650114039057,LOW
TASK-4169,Traction,CRITICAL,IMMEDIATE,POOR,True,2,1,1.0,1,1,100.0,CRITICAL
TASK-4170,Engineering,CRITICAL,IMMEDIATE,FAILED,False,0,1,7.3,1,1,100.0,CRITICAL
TASK-4171,S&T,HIGH,HIGH,POOR,True,20,2,4.3,1,1,100.0,CRITICAL
TASK-4172,Traction,ROUTINE,NORMAL,FAIR,False,0,2,4.3,0,1,23.476766878708982,LOW
TASK-4173,Traction,ROUTINE,NORMAL,GOOD,True,11,0,2.2,0,1,37.8266402749995,LOW
TASK-4174,Traction,ROUTINE,NORMAL,GOOD,False,0,3,2.8,0,0,26.42719342609955,LOW
TASK-4175,Traction,CRITICAL,HIGH,POOR,True,22,1,6.2,1,1,100.0,CRITICAL
TASK-4176,Traction,MEDIUM,NORMAL,GOOD,True,10,1,0.9,0,1,50.938146794774774,MEDIUM
TASK-4177,S&T,HIGH,HIGH,POOR,False,0,0,2.7,1,1,79.67338238860295,HIGH
TASK-4178,Engineering,CRITICAL,IMMEDIATE,POOR,False,0,1,2.0,1,0,100.0,CRITICAL
TASK-4179,Engineering,LOW,NORMAL,FAIR,True,10,0,7.4,0,1,39.79017634314415,LOW
TASK-4180,Traction,CRITICAL,HIGH,POOR,True,5,2,6.0,1,0,100.0,CRITICAL
TASK-4181,S&T,ROUTINE,NORMAL,FAIR,True,30,3,2.6,0,1,41.88548204511763,LOW
TASK-4182,Traction,ROUTINE,NORMAL,GOOD,False,0,5,4.4,0,0,30.465791311736286,LOW
TASK-4183,S&T,MEDIUM,MEDIUM,DEGRADED,False,0,2,6.1,1,1,58.506883582144596,MEDIUM
TASK-4184,Engineering,MEDIUM,MEDIUM,DEGRADED,False,0,3,3.1,0,0,41.188225325485746,LOW
TASK-4185,Engineering,HIGH,IMMEDIATE,FAILED,False,0,1,0.9,1,0,98.97016752483735,CRITICAL
TASK-4186,Traction,ROUTINE,NORMAL,FAIR,False,0,0,6.5,0,1,24.370467013824744,LOW
TASK-4187,Traction,MEDIUM,NORMAL,FAIR,False,0,1,5.1,0,1,34.70187065465519,LOW
TASK-4188,S&T,CRITICAL,IMMEDIATE,FAILED,True,12,0,2.9,1,1,100.0,CRITICAL
TASK-4189,S&T,LOW,NORMAL,GOOD,True,34,0,1.0,0,1,43.797068871109076,LOW
TASK-4190,S&T,ROUTINE,NORMAL,GOOD,False,0,1,7.7,0,1,16.65932883997903,LOW
TASK-4191,Engineering,ROUTINE,NORMAL,FAIR,False,0,1,7.5,0,0,23.065452874344857,LOW
TASK-4192,Engineering,LOW,NORMAL,GOOD,False,0,1,1.8,0,1,27.658429151253618,LOW
TASK-4193,Traction,LOW,NORMAL,FAIR,True,15,0,2.3,0,1,41.72315252317255,LOW
TASK-4194,Engineering,HIGH,HIGH,POOR,True,16,0,5.9,1,1,100.0,CRITICAL
TASK-4195,S&T,MEDIUM,NORMAL,FAIR,True,2,1,5.9,0,1,39.696815320357864,LOW
TASK-4196,Engineering,HIGH,IMMEDIATE,POOR,False,0,0,1.8,1,1,97.3230634182321,CRITICAL
TASK-4197,Engineering,HIGH,MEDIUM,DEGRADED,True,18,1,2.6,1,1,80.91267773481817,CRITICAL
TASK-4198,S&T,ROUTINE,NORMAL,FAIR,True,2,0,2.5,0,1,22.42014373619268,LOW
TASK-4199,S&T,MEDIUM,NORMAL,GOOD,False,0,2,7.6,0,0,39.97592701201549,LOW
TASK-4200,S&T,HIGH,IMMEDIATE,POOR,False,0,1,3.3,1,1,86.27545871180511,CRITICAL
TASK-4201,S&T,CRITICAL,HIGH,POOR,False,0,2,3.7,1,0,100.0,CRITICAL
TASK-4202,Traction,CRITICAL,IMMEDIATE,POOR,True,51,2,6.2,1,1,100.0,CRITICAL
TASK-4203,S&T,ROUTINE,NORMAL,GOOD,True,5,2,6.2,0,1,35.024076564459165,LOW
TASK-4204,S&T,ROUTINE,NORMAL,GOOD,True,6,1,6.2,0,1,27.989430418856973,LOW
TASK-4205,S&T,CRITICAL,HIGH,FAILED,True,9,0,4.5,1,1,100.0,CRITICAL
TASK-4206,Traction,ROUTINE,NORMAL,FAIR,True,30,1,2.4,0,1,40.36336279739282,LOW
TASK-4207,S&T,MEDIUM,HIGH,DEGRADED,True,26,2,3.9,1,1,81.74045734046399,CRITICAL
TASK-4208,S&T,HIGH,IMMEDIATE,FAILED,True,7,0,5.0,1,1,100.0,CRITICAL
TASK-4209,Engineering,MEDIUM,MEDIUM,DEGRADED,True,44,2,1.5,0,1,53.99199079656604,MEDIUM
TASK-4210,S&T,ROUTINE,MEDIUM,FAIR,False,0,0,1.7,0,1,30.825617917037725,LOW
TASK-4211,Engineering,ROUTINE,NORMAL,GOOD,False,0,3,0.6,0,1,24.254486718801843,LOW
TASK-4212,Traction,HIGH,HIGH,DEGRADED,False,0,2,4.2,1,1,77.01267682793433,HIGH
TASK-4213,S&T,CRITICAL,IMMEDIATE,POOR,False,0,2,7.8,1,1,100.0,CRITICAL
TASK-4214,S&T,HIGH,HIGH,POOR,True,25,0,4.2,1,1,100.0,CRITICAL
TASK-4215,Traction,HIGH,IMMEDIATE,FAILED,False,0,1,1.0,1,1,90.45303027283362,CRITICAL
TASK-4216,Engineering,ROUTINE,MEDIUM,GOOD,False,0,0,3.4,0,1,32.648051470822956,LOW
TASK-4217,Traction,ROUTINE,NORMAL,FAIR,True,3,3,2.0,0,1,35.04391664890066,LOW
TASK-4218,S&T,MEDIUM,MEDIUM,DEGRADED,False,0,1,6.3,1,1,53.261991033260244,MEDIUM
TASK-4219,Traction,HIGH,MEDIUM,DEGRADED,False,0,2,4.3,1,0,62.389650875731775,MEDIUM
TASK-4220,S&T,HIGH,MEDIUM,DEGRADED,False,0,5,5.7,1,1,64.07780966098457,MEDIUM
TASK-4221,Traction,HIGH,HIGH,POOR,True,7,0,7.4,1,1,98.14941744202575,CRITICAL
TASK-4222,Traction,ROUTINE,NORMAL,FAIR,True,3,4,2.3,0,1,21.8018621822322,LOW
TASK-4223,Engineering,MEDIUM,HIGH,DEGRADED,True,1,2,5.2,0,1,49.78265134847801,MEDIUM
TASK-4224,Traction,ROUTINE,NORMAL,GOOD,True,11,3,5.7,0,0,42.64810570978458,LOW
TASK-4225,Traction,MEDIUM,MEDIUM,FAIR,False,0,2,2.5,0,1,44.14960738506083,LOW
TASK-4226,S&T,ROUTINE,NORMAL,FAIR,True,6,3,2.4,0,0,34.3041410199045,LOW
TASK-4227,Traction,CRITICAL,HIGH,FAILED,True,20,0,7.6,1,1,100.0,CRITICAL
TASK-4228,Engineering,ROUTINE,NORMAL,GOOD,True,17,0,1.4,0,1,38.467740999944056,LOW
TASK-4229,Engineering,CRITICAL,HIGH,POOR,True,13,1,3.5,1,1,100.0,CRITICAL
TASK-4230,Traction,LOW,NORMAL,GOOD,False,0,1,4.4,0,1,18.91447034564414,LOW
TASK-4231,Engineering,CRITICAL,IMMEDIATE,POOR,False,0,2,1.7,1,0,100.0,CRITICAL
TASK-4232,S&T,MEDIUM,MEDIUM,DEGRADED,False,0,1,5.7,1,1,49.94931869114509,MEDIUM
TASK-4233,Traction,CRITICAL,IMMEDIATE,FAILED,False,0,1,5.4,1,1,100.0,CRITICAL
TASK-4234,S&T,CRITICAL,HIGH,FAILED,False,0,0,2.8,1,1,91.42547076475209,CRITICAL
TASK-4235,S&T,MEDIUM,NORMAL,GOOD,True,31,5,1.3,0,1,57.32142683500225,MEDIUM
TASK-4236,Traction,HIGH,MEDIUM,DEGRADED,True,5,2,6.6,1,1,71.25319666645078,HIGH
TASK-4237,S&T,MEDIUM,NORMAL,FAIR,True,4,0,7.5,0,0,38.79982120137909,LOW
TASK-4238,S&T,HIGH,HIGH,DEGRADED,False,0,3,0.5,1,1,72.51247231177857,HIGH
TASK-4239,Engineering,CRITICAL,IMMEDIATE,POOR,False,0,2,0.5,1,1,100.0,CRITICAL
TASK-4240,Engineering,CRITICAL,HIGH,POOR,True,23,4,4.4,1,0,100.0,CRITICAL
TASK-4241,Traction,MEDIUM,MEDIUM,DEGRADED,False,0,2,6.0,0,1,34.3655758385691,LOW
TASK-4242,Engineering,ROUTINE,NORMAL,FAIR,True,18,1,3.3,0,1,44.498963377394986,LOW
TASK-4243,Traction,ROUTINE,NORMAL,FAIR,True,33,2,2.0,0,1,44.084810747774995,LOW
TASK-4244,Engineering,HIGH,IMMEDIATE,FAILED,False,0,0,7.6,1,0,98.29420992185742,CRITICAL
TASK-4245,S&T,HIGH,HIGH,FAILED,True,6,1,6.6,1,0,96.18122863661631,CRITICAL
TASK-4246,Engineering,ROUTINE,NORMAL,FAIR,False,0,1,0.9,0,1,22.64501379006892,LOW
TASK-4247,Engineering,ROUTINE,NORMAL,FAIR,True,4,1,2.4,0,1,27.190206043449887,LOW
TASK-4248,S&T,HIGH,HIGH,POOR,True,8,3,5.2,1,1,93.25938026783729,CRITICAL
TASK-4249,Traction,LOW,NORMAL,GOOD,True,22,0,7.0,0,1,43.11819211017005,LOW
TASK-4250,Engineering,ROUTINE,NORMAL,GOOD,True,9,3,2.7,0,1,37.07157278156449,LOW
TASK-4251,S&T,ROUTINE,MEDIUM,GOOD,True,21,2,2.6,0,1,56.81444909839088,MEDIUM
TASK-4252,S&T,LOW,NORMAL,GOOD,False,0,2,4.9,0,1,34.57271731150651,LOW
TASK-4253,S&T,CRITICAL,HIGH,POOR,False,0,1,5.5,1,1,97.305658784744,CRITICAL
TASK-4254,Engineering,LOW,NORMAL,GOOD,True,24,1,1.0,0,0,36.66677327454514,LOW
TASK-4255,Engineering,CRITICAL,IMMEDIATE,FAILED,False,0,6,6.4,1,1,100.0,CRITICAL
TASK-4256,Engineering,ROUTINE,MEDIUM,GOOD,True,11,0,2.1,0,1,33.96599177582355,LOW
TASK-4257,Engineering,HIGH,HIGH,POOR,True,8,0,5.0,1,1,96.61576675252522,CRITICAL
TASK-4258,S&T,HIGH,IMMEDIATE,POOR,True,1,1,4.0,1,1,94.54459636738878,CRITICAL
TASK-4259,S&T,HIGH,IMMEDIATE,FAILED,True,21,2,3.7,1,1,100.0,CRITICAL
TASK-4260,S&T,MEDIUM,MEDIUM,DEGRADED,False,0,1,8.0,1,0,52.6676125412768,MEDIUM
TASK-4261,Engineering,MEDIUM,MEDIUM,DEGRADED,False,0,3,5.5,0,1,38.04312888304031,LOW
TASK-4262,S&T,HIGH,HIGH,FAILED,False,0,2,0.9,1,0,86.05979376925374,CRITICAL
TASK-4263,S&T,HIGH,HIGH,DEGRADED,True,15,3,6.5,1,0,90.19039952230725,CRITICAL
TASK-4264,Engineering,CRITICAL,HIGH,POOR,True,16,0,7.0,1,0,100.0,CRITICAL
TASK-4265,S&T,ROUTINE,NORMAL,FAIR,True,13,0,0.7,0,1,33.339007668434476,LOW
TASK-4266,Engineering,CRITICAL,HIGH,FAILED,False,0,2,2.6,1,1,100.0,CRITICAL
TASK-4267,Traction,ROUTINE,NORMAL,FAIR,False,0,1,3.3,0,0,27.380893668024576,LOW
TASK-4268,Traction,HIGH,IMMEDIATE,POOR,False,0,0,4.4,1,1,86.37571662153083,CRITICAL
TASK-4269,Traction,MEDIUM,MEDIUM,FAIR,True,7,4,0.5,0,0,46.433330167986334,MEDIUM
TASK-4270,Traction,MEDIUM,MEDIUM,DEGRADED,True,1,1,0.6,0,1,35.59238860640648,LOW
TASK-4271,S&T,MEDIUM,NORMAL,GOOD,False,0,1,7.8,0,1,26.046452840274195,LOW
TASK-4272,Traction,MEDIUM,MEDIUM,DEGRADED,True,4,1,5.6,0,1,44.42265833170644,LOW
TASK-4273,Engineering,HIGH,HIGH,FAILED,False,0,0,4.1,1,1,83.90128125989092,CRITICAL
TASK-4274,Traction,CRITICAL,IMMEDIATE,FAILED,True,10,1,6.5,1,0,100.0,CRITICAL
TASK-4275,S&T,HIGH,HIGH,POOR,False,0,2,7.5,1,1,89.81695781362458,CRITICAL
TASK-4276,S&T,LOW,NORMAL,GOOD,False,0,1,6.0,0,1,34.801977423497895,LOW
TASK-4277,S&T,CRITICAL,IMMEDIATE,FAILED,True,20,2,2.0,1,0,100.0,CRITICAL
TASK-4278,Engineering,CRITICAL,HIGH,FAILED,False,0,0,7.1,1,1,93.84671915565976,CRITICAL
TASK-4279,Traction,CRITICAL,IMMEDIATE,FAILED,False,0,1,0.7,1,1,100.0,CRITICAL
TASK-4280,S&T,ROUTINE,NORMAL,GOOD,False,0,0,2.8,0,0,18.122358700989718,LOW
TASK-4281,Traction,HIGH,IMMEDIATE,FAILED,True,18,2,7.9,1,1,100.0,CRITICAL
TASK-4282,S&T,ROUTINE,NORMAL,FAIR,False,0,2,7.2,0,1,23.054608960675644,LOW
TASK-4283,Engineering,HIGH,IMMEDIATE,POOR,False,0,1,5.5,1,1,93.12139140545355,CRITICAL
TASK-4284,Engineering,ROUTINE,NORMAL,FAIR,False,0,1,2.1,0,0,22.44251736908941,LOW
TASK-4285,Traction,MEDIUM,NORMAL,GOOD,True,14,2,1.3,0,1,52.72806046448502,MEDIUM
TASK-4286,Traction,ROUTINE,NORMAL,GOOD,False,0,3,1.7,0,0,30.106238971383636,LOW
TASK-4287,S&T,CRITICAL,HIGH,POOR,False,0,2,6.2,1,1,96.54965620678398,CRITICAL
TASK-4288,Engineering,MEDIUM,MEDIUM,DEGRADED,True,5,1,5.5,0,1,48.43048160052187,MEDIUM
TASK-4289,Traction,MEDIUM,NORMAL,GOOD,False,0,2,5.5,0,1,41.85810395244103,LOW
TASK-4290,Traction,HIGH,HIGH,POOR,False,0,1,1.2,1,1,82.3117175997801,CRITICAL
TASK-4291,Traction,MEDIUM,HIGH,DEGRADED,True,3,2,7.0,0,1,53.844655261542364,MEDIUM
TASK-4292,Traction,CRITICAL,HIGH,FAILED,True,3,2,1.0,1,1,98.5542895995969,CRITICAL
TASK-4293,S&T,HIGH,HIGH,POOR,True,11,1,7.3,1,1,100.0,CRITICAL
TASK-4294,Traction,CRITICAL,HIGH,POOR,True,16,3,5.4,1,1,100.0,CRITICAL
TASK-4295,Traction,CRITICAL,IMMEDIATE,POOR,False,0,2,6.6,1,0,100.0,CRITICAL
TASK-4296,Engineering,HIGH,MEDIUM,DEGRADED,True,5,0,1.4,1,1,70.61332107959079,HIGH
TASK-4297,Engineering,ROUTINE,NORMAL,GOOD,True,13,3,1.2,0,1,47.057041755946656,MEDIUM
TASK-4298,Traction,CRITICAL,HIGH,FAILED,True,3,2,7.5,1,1,100.0,CRITICAL
TASK-4299,Traction,ROUTINE,NORMAL,GOOD,True,25,0,4.8,0,0,38.44777067379516,LOW
TASK-4300,Engineering,MEDIUM,HIGH,DEGRADED,True,15,2,7.7,0,1,63.52003782791098,MEDIUM
TASK-4301,Traction,ROUTINE,NORMAL,GOOD,False,0,2,2.8,0,1,16.37672971754361,LOW
TASK-4302,Traction,CRITICAL,IMMEDIATE,FAILED,True,11,0,1.9,1,1,100.0,CRITICAL
TASK-4303,S&T,HIGH,HIGH,POOR,True,21,0,2.9,1,1,100.0,CRITICAL
TASK-4304,S&T,LOW,NORMAL,FAIR,True,27,0,4.4,0,1,40.02965249048923,LOW
TASK-4305,Traction,CRITICAL,IMMEDIATE,FAILED,True,8,0,2.2,1,1,100.0,CRITICAL
TASK-4306,S&T,ROUTINE,MEDIUM,GOOD,True,5,4,4.5,0,1,35.57395060689619,LOW
TASK-4307,S&T,MEDIUM,MEDIUM,DEGRADED,True,7,1,1.6,1,0,63.025559885601865,MEDIUM
TASK-4308,S&T,MEDIUM,MEDIUM,FAIR,True,14,2,4.2,0,1,54.36968917825494,MEDIUM
TASK-4309,S&T,LOW,NORMAL,FAIR,True,15,1,5.0,0,1,46.37293822904904,MEDIUM
TASK-4310,Engineering,ROUTINE,NORMAL,GOOD,False,0,3,5.0,0,0,35.061153311061815,LOW
TASK-4311,S&T,HIGH,HIGH,FAILED,False,0,2,7.9,1,1,89.52143161116099,CRITICAL
TASK-4312,Engineering,MEDIUM,MEDIUM,DEGRADED,True,19,2,8.0,0,1,63.95529712111282,MEDIUM
TASK-4313,Traction,CRITICAL,HIGH,FAILED,False,0,1,4.1,1,1,93.73631857218244,CRITICAL
TASK-4314,Engineering,HIGH,HIGH,POOR,False,0,1,2.7,1,1,78.28143501106699,HIGH
TASK-4315,S&T,LOW,MEDIUM,GOOD,False,0,0,7.9,0,1,33.96225411569296,LOW
TASK-4316,S&T,ROUTINE,NORMAL,FAIR,True,27,2,6.7,0,0,39.46171145879268,LOW
TASK-4317,Engineering,MEDIUM,NORMAL,FAIR,True,26,3,5.8,0,1,54.00501927888852,MEDIUM
TASK-4318,Engineering,MEDIUM,NORMAL,FAIR,True,3,2,6.9,0,1,38.83153539564718,LOW
TASK-4319,Traction,HIGH,HIGH,POOR,False,0,3,2.7,1,0,94.49661345212766,CRITICAL
TASK-4320,Traction,ROUTINE,NORMAL,FAIR,False,0,2,7.9,0,1,20.37264145320949,LOW
TASK-4321,Traction,CRITICAL,HIGH,POOR,False,0,3,3.0,1,0,100.0,CRITICAL
TASK-4322,Traction,HIGH,IMMEDIATE,POOR,False,0,3,7.9,1,1,100.0,CRITICAL
TASK-4323,S&T,CRITICAL,IMMEDIATE,POOR,False,0,3,1.0,1,1,96.72374730223669,CRITICAL
TASK-4324,Traction,MEDIUM,MEDIUM,DEGRADED,False,0,1,2.6,0,1,39.24811252214217,LOW
TASK-4325,Engineering,HIGH,IMMEDIATE,FAILED,False,0,1,3.5,1,1,93.84750742876624,CRITICAL
TASK-4326,Engineering,MEDIUM,HIGH,DEGRADED,True,15,1,6.1,0,1,66.02252093039277,HIGH
TASK-4327,Traction,ROUTINE,NORMAL,GOOD,False,0,1,6.9,0,1,23.853527835577918,LOW
TASK-4328,Traction,MEDIUM,MEDIUM,DEGRADED,False,0,1,3.9,0,1,35.728049846789,LOW
TASK-4329,Engineering,CRITICAL,HIGH,FAILED,True,22,2,1.5,1,1,100.0,CRITICAL
TASK-4330,Traction,CRITICAL,IMMEDIATE,POOR,False,0,1,2.7,1,1,99.375367396098,CRITICAL
TASK-4331,Engineering,ROUTINE,MEDIUM,FAIR,False,0,0,2.1,0,1,27.80392434563714,LOW
TASK-4332,Traction,ROUTINE,NORMAL,FAIR,False,0,2,6.0,0,1,27.14189190195608,LOW
TASK-4333,Engineering,HIGH,HIGH,DEGRADED,False,0,0,5.9,1,1,72.5755976455457,HIGH
TASK-4334,Traction,MEDIUM,NORMAL,GOOD,True,2,2,5.6,0,1,33.24912483008285,LOW
TASK-4335,Engineering,CRITICAL,HIGH,POOR,True,25,3,7.6,1,0,100.0,CRITICAL
TASK-4336,S&T,LOW,NORMAL,FAIR,True,21,1,7.4,0,1,47.82943369734208,MEDIUM
TASK-4337,Engineering,MEDIUM,MEDIUM,DEGRADED,False,0,1,7.8,0,0,41.217299481543094,LOW
TASK-4338,Engineering,ROUTINE,NORMAL,GOOD,False,0,1,1.4,0,0,18.678595127628395,LOW
TASK-4339,Traction,MEDIUM,MEDIUM,DEGRADED,False,0,4,5.0,0,1,47.667898109174054,MEDIUM
TASK-4340,Engineering,CRITICAL,IMMEDIATE,POOR,True,3,0,2.3,1,1,100.0,CRITICAL
TASK-4341,Engineering,LOW,MEDIUM,FAIR,False,0,1,3.5,0,0,22.87984442037299,LOW
TASK-4342,S&T,HIGH,HIGH,FAILED,True,13,1,7.7,1,1,100.0,CRITICAL
TASK-4343,Traction,HIGH,HIGH,POOR,True,15,3,6.3,1,0,100.0,CRITICAL
TASK-4344,Traction,ROUTINE,NORMAL,GOOD,False,0,1,6.3,0,0,19.75856367877339,LOW
TASK-4345,Traction,HIGH,HIGH,POOR,True,8,0,2.6,1,0,100.0,CRITICAL
TASK-4346,Traction,CRITICAL,IMMEDIATE,POOR,False,0,2,3.3,1,0,100.0,CRITICAL
TASK-4347,Engineering,ROUTINE,NORMAL,GOOD,False,0,2,1.1,0,1,25.350970606396572,LOW
TASK-4348,S&T,CRITICAL,IMMEDIATE,FAILED,True,15,3,2.2,1,0,100.0,CRITICAL
TASK-4349,Traction,HIGH,IMMEDIATE,FAILED,False,0,3,7.9,1,1,100.0,CRITICAL
TASK-4350,S&T,HIGH,MEDIUM,DEGRADED,False,0,1,5.7,1,0,51.75622985776444,MEDIUM
TASK-4351,Engineering,CRITICAL,HIGH,FAILED,False,0,1,1.9,1,1,99.78968890762187,CRITICAL
TASK-4352,S&T,CRITICAL,IMMEDIATE,POOR,False,0,1,2.7,1,1,100.0,CRITICAL
TASK-4353,Engineering,MEDIUM,NORMAL,GOOD,True,23,1,2.9,0,0,49.27735941532652,MEDIUM
TASK-4354,Traction,CRITICAL,IMMEDIATE,FAILED,True,15,0,1.9,1,1,100.0,CRITICAL
TASK-4355,Traction,LOW,NORMAL,GOOD,False,0,0,3.5,0,1,17.21471768554359,LOW
TASK-4356,Traction,CRITICAL,HIGH,FAILED,True,2,3,4.2,1,1,96.65105253682425,CRITICAL
TASK-4357,Traction,CRITICAL,IMMEDIATE,FAILED,False,0,1,4.5,1,1,100.0,CRITICAL
TASK-4358,Traction,ROUTINE,NORMAL,GOOD,False,0,1,6.2,0,1,10.098098879265978,LOW
TASK-4359,Engineering,ROUTINE,NORMAL,GOOD,False,0,2,1.9,0,1,17.227551913188247,LOW
TASK-4360,Traction,MEDIUM,NORMAL,FAIR,True,31,0,0.5,0,1,49.45315466794771,MEDIUM
TASK-4361,S&T,HIGH,MEDIUM,DEGRADED,True,30,3,1.4,1,0,79.52513012951957,HIGH
TASK-4362,Engineering,HIGH,IMMEDIATE,FAILED,False,0,5,2.0,1,1,100.0,CRITICAL
TASK-4363,Engineering,ROUTINE,NORMAL,GOOD,False,0,0,4.7,0,0,26.269658985877403,LOW
TASK-4364,Engineering,ROUTINE,MEDIUM,GOOD,True,12,3,7.8,0,1,58.896668091919395,MEDIUM
TASK-4365,Traction,HIGH,HIGH,DEGRADED,True,7,5,3.2,1,0,91.4879769113,CRITICAL
TASK-4366,Traction,ROUTINE,NORMAL,FAIR,False,0,3,3.7,0,1,18.128951771989403,LOW
TASK-4367,Traction,LOW,MEDIUM,GOOD,False,0,3,2.4,0,1,27.599926158905586,LOW
TASK-4368,Engineering,CRITICAL,HIGH,FAILED,False,0,3,7.3,1,1,90.77188554527199,CRITICAL
TASK-4369,S&T,CRITICAL,IMMEDIATE,FAILED,False,0,4,3.8,1,1,100.0,CRITICAL
TASK-4370,Traction,CRITICAL,HIGH,POOR,True,11,3,5.7,1,1,100.0,CRITICAL
TASK-4371,Traction,MEDIUM,MEDIUM,DEGRADED,True,11,2,5.0,0,1,61.09084707447604,MEDIUM
TASK-4372,Traction,MEDIUM,NORMAL,FAIR,True,1,2,5.7,0,1,31.57779040629377,LOW
TASK-4373,Traction,ROUTINE,NORMAL,GOOD,False,0,1,2.3,0,1,28.562546719772175,LOW
TASK-4374,Engineering,LOW,NORMAL,FAIR,True,2,1,2.7,0,1,23.516077811294082,LOW
TASK-4375,Engineering,MEDIUM,NORMAL,FAIR,True,23,0,5.0,0,0,53.104377079533734,MEDIUM
TASK-4376,Engineering,CRITICAL,IMMEDIATE,FAILED,True,4,1,3.2,1,1,100.0,CRITICAL
TASK-4377,Engineering,CRITICAL,HIGH,FAILED,True,35,0,3.7,1,0,100.0,CRITICAL
TASK-4378,Traction,MEDIUM,MEDIUM,DEGRADED,False,0,0,2.5,0,1,34.70919651748458,LOW
TASK-4379,Traction,ROUTINE,MEDIUM,FAIR,False,0,1,3.5,0,1,14.48596262032615,LOW
TASK-4380,Engineering,MEDIUM,HIGH,DEGRADED,True,4,1,5.6,0,1,48.05209798135428,MEDIUM
TASK-4381,Traction,LOW,NORMAL,FAIR,False,0,1,4.5,0,1,23.18140046976525,LOW
TASK-4382,Engineering,MEDIUM,MEDIUM,DEGRADED,False,0,1,8.0,0,1,42.04376035842022,LOW
TASK-4383,Traction,LOW,NORMAL,FAIR,True,5,2,5.9,0,0,25.560247357121398,LOW
TASK-4384,Traction,CRITICAL,IMMEDIATE,FAILED,False,0,2,5.0,1,1,100.0,CRITICAL
TASK-4385,S&T,ROUTINE,MEDIUM,FAIR,False,0,1,2.9,0,1,27.08295959682214,LOW
TASK-4386,S&T,CRITICAL,HIGH,POOR,True,19,2,0.7,1,1,100.0,CRITICAL
TASK-4387,Traction,LOW,NORMAL,FAIR,True,4,8,1.1,0,0,31.96538957095109,LOW
TASK-4388,Engineering,HIGH,HIGH,FAILED,True,3,2,1.3,1,0,96.50541369053882,CRITICAL
TASK-4389,Traction,CRITICAL,HIGH,POOR,False,0,2,1.0,1,1,99.1019093708884,CRITICAL
TASK-4390,Traction,ROUTINE,NORMAL,GOOD,False,0,1,3.2,0,1,19.95831659677158,LOW
TASK-4391,S&T,HIGH,MEDIUM,DEGRADED,False,0,3,1.6,1,0,59.144524068819564,MEDIUM
TASK-4392,Engineering,MEDIUM,MEDIUM,DEGRADED,True,5,2,0.6,0,1,37.692087863726755,LOW
TASK-4393,S&T,LOW,NORMAL,FAIR,True,2,1,3.3,0,0,22.433112562426754,LOW
TASK-4394,Engineering,ROUTINE,MEDIUM,GOOD,True,3,3,1.8,0,1,44.2659727925599,LOW
TASK-4395,Traction,MEDIUM,MEDIUM,DEGRADED,False,0,3,4.9,0,1,37.533619380384216,LOW
TASK-4396,S&T,ROUTINE,MEDIUM,GOOD,True,2,2,4.5,0,1,30.348752388352995,LOW
TASK-4397,Traction,CRITICAL,IMMEDIATE,FAILED,False,0,1,7.0,1,1,100.0,CRITICAL
TASK-4398,Traction,MEDIUM,MEDIUM,DEGRADED,False,0,1,5.1,0,1,41.4815509288933,LOW
TASK-4399,Engineering,MEDIUM,NORMAL,FAIR,True,12,0,2.9,0,1,38.736698380138236,LOW
TASK-4400,S&T,LOW,NORMAL,FAIR,False,0,1,3.1,0,1,23.84163499327322,LOW
TASK-4401,Traction,HIGH,IMMEDIATE,FAILED,False,0,3,4.6,1,0,100.0,CRITICAL
TASK-4402,S&T,CRITICAL,HIGH,POOR,False,0,2,4.9,1,1,94.83923918038892,CRITICAL
TASK-4403,S&T,MEDIUM,NORMAL,GOOD,True,6,2,5.6,0,1,43.08131017344557,LOW
TASK-4404,Traction,ROUTINE,NORMAL,FAIR,False,0,2,5.4,0,0,23.34971931781428,LOW
TASK-4405,Engineering,CRITICAL,IMMEDIATE,POOR,False,0,2,4.8,1,1,100.0,CRITICAL
TASK-4406,S&T,LOW,NORMAL,GOOD,False,0,2,7.4,0,1,23.607502972515306,LOW
TASK-4407,Traction,HIGH,MEDIUM,DEGRADED,False,0,0,5.8,1,1,68.18321862403694,HIGH
TASK-4408,Engineering,CRITICAL,HIGH,FAILED,False,0,3,3.6,1,1,99.53870987229938,CRITICAL
TASK-4409,S&T,LOW,NORMAL,FAIR,True,15,1,3.8,0,0,42.22223959387753,LOW
TASK-4410,S&T,CRITICAL,HIGH,POOR,True,3,0,4.3,1,1,82.2052219013715,CRITICAL
TASK-4411,S&T,CRITICAL,HIGH,POOR,False,0,1,4.4,1,1,85.85923147784251,CRITICAL
TASK-4412,Traction,ROUTINE,MEDIUM,FAIR,False,0,2,2.8,0,1,24.74388304168437,LOW
TASK-4413,Engineering,MEDIUM,HIGH,DEGRADED,True,26,1,3.5,0,0,73.38687019256611,HIGH
TASK-4414,S&T,LOW,MEDIUM,GOOD,True,12,0,5.3,0,1,41.4504299237654,LOW
TASK-4415,Engineering,ROUTINE,NORMAL,FAIR,True,26,2,7.6,0,0,42.48503813063588,LOW
TASK-4416,Engineering,HIGH,HIGH,FAILED,True,28,2,0.9,1,1,100.0,CRITICAL
TASK-4417,Traction,MEDIUM,HIGH,DEGRADED,True,4,2,4.7,0,0,52.481097755276046,MEDIUM
TASK-4418,S&T,ROUTINE,NORMAL,GOOD,False,0,1,7.7,0,1,27.260951938800176,LOW
TASK-4419,S&T,CRITICAL,IMMEDIATE,FAILED,False,0,0,7.5,1,1,100.0,CRITICAL
TASK-4420,Engineering,CRITICAL,HIGH,POOR,False,0,2,4.2,1,1,94.12852441013953,CRITICAL
TASK-4421,Traction,HIGH,IMMEDIATE,FAILED,True,8,3,5.7,1,1,100.0,CRITICAL
TASK-4422,S&T,LOW,NORMAL,GOOD,False,0,3,5.1,0,0,26.320466014116075,LOW
TASK-4423,Traction,ROUTINE,NORMAL,GOOD,True,27,1,5.9,0,1,44.49750398484452,LOW
TASK-4424,Traction,CRITICAL,HIGH,FAILED,False,0,0,6.1,1,0,100.0,CRITICAL
TASK-4425,Engineering,HIGH,HIGH,FAILED,True,13,1,5.6,1,0,99.97834125544016,CRITICAL
TASK-4426,Engineering,CRITICAL,HIGH,FAILED,True,24,0,3.9,1,0,100.0,CRITICAL
TASK-4427,Engineering,HIGH,HIGH,FAILED,False,0,2,7.3,1,0,91.17145730657866,CRITICAL
TASK-4428,Engineering,MEDIUM,MEDIUM,GOOD,False,0,2,3.3,0,0,31.766046730850675,LOW
TASK-4429,Engineering,HIGH,HIGH,FAILED,True,25,1,3.1,1,1,100.0,CRITICAL
TASK-4430,Engineering,CRITICAL,HIGH,POOR,False,0,0,4.2,1,1,87.18585425319571,CRITICAL
TASK-4431,Engineering,MEDIUM,MEDIUM,DEGRADED,False,0,0,7.8,0,0,42.31238108197088,LOW
TASK-4432,S&T,LOW,NORMAL,FAIR,False,0,0,6.7,0,1,16.62401665343179,LOW
TASK-4433,Engineering,HIGH,HIGH,DEGRADED,True,10,0,2.7,1,0,86.16812686827079,CRITICAL
TASK-4434,S&T,MEDIUM,MEDIUM,DEGRADED,False,0,0,2.1,1,1,48.10811212636374,MEDIUM
TASK-4435,Traction,CRITICAL,HIGH,FAILED,False,0,2,3.5,1,1,94.9077116334298,CRITICAL
TASK-4436,S&T,HIGH,HIGH,FAILED,False,0,4,6.7,1,1,93.33800148116225,CRITICAL
TASK-4437,Engineering,CRITICAL,HIGH,POOR,True,6,0,7.2,1,1,100.0,CRITICAL
TASK-4438,S&T,LOW,NORMAL,GOOD,True,15,0,3.2,0,1,31.06316712466776,LOW
TASK-4439,Traction,HIGH,HIGH,POOR,True,1,2,3.0,1,1,80.39925309521632,CRITICAL
TASK-4440,S&T,ROUTINE,NORMAL,GOOD,False,0,1,0.5,0,0,19.295996541472164,LOW
TASK-4441,Traction,LOW,NORMAL,FAIR,True,7,1,3.5,0,1,22.729248798355798,LOW
TASK-4442,Engineering,LOW,MEDIUM,GOOD,False,0,3,3.7,0,0,29.160309365298502,LOW
TASK-4443,Engineering,MEDIUM,MEDIUM,GOOD,False,0,3,4.5,0,1,40.84893636607858,LOW
TASK-4444,Engineering,HIGH,IMMEDIATE,POOR,False,0,1,1.4,1,0,98.97680535891648,CRITICAL
TASK-4445,S&T,LOW,NORMAL,GOOD,True,18,1,1.7,0,0,40.759514751840946,LOW
TASK-4446,Traction,HIGH,MEDIUM,DEGRADED,True,3,3,2.2,1,1,66.96279959888726,HIGH
TASK-4447,S&T,MEDIUM,MEDIUM,DEGRADED,False,0,2,2.7,1,0,62.19648567603638,MEDIUM
TASK-4448,S&T,LOW,MEDIUM,FAIR,True,5,2,4.5,0,1,41.402816294957674,LOW
TASK-4449,S&T,ROUTINE,NORMAL,GOOD,False,0,1,7.9,0,0,17.44030026594168,LOW
TASK-4450,Traction,HIGH,HIGH,POOR,True,7,3,1.7,1,0,98.41363592077842,CRITICAL
TASK-4451,S&T,CRITICAL,IMMEDIATE,POOR,True,7,0,0.5,1,1,100.0,CRITICAL
TASK-4452,Traction,LOW,MEDIUM,FAIR,False,0,0,1.3,0,0,29.987104690621756,LOW
TASK-4453,S&T,ROUTINE,NORMAL,GOOD,True,13,2,1.5,0,1,43.055839295775435,LOW
TASK-4454,S&T,HIGH,MEDIUM,DEGRADED,True,20,0,7.3,1,1,75.21766428130195,HIGH
TASK-4455,Engineering,ROUTINE,NORMAL,FAIR,True,15,2,7.6,0,1,49.059527918748856,MEDIUM
TASK-4456,Traction,HIGH,HIGH,DEGRADED,True,9,1,1.4,1,0,90.41963454603112,CRITICAL
TASK-4457,S&T,CRITICAL,IMMEDIATE,FAILED,False,0,0,4.2,1,1,100.0,CRITICAL
TASK-4458,Traction,ROUTINE,NORMAL,FAIR,False,0,4,2.9,0,0,29.625383715926347,LOW
TASK-4459,S&T,CRITICAL,HIGH,FAILED,True,8,1,5.9,1,0,100.0,CRITICAL
TASK-4460,Traction,HIGH,HIGH,POOR,False,0,2,1.5,1,1,79.47371920111779,HIGH
TASK-4461,Engineering,ROUTINE,NORMAL,GOOD,False,0,3,1.4,0,0,21.201963438940798,LOW
TASK-4462,S&T,CRITICAL,HIGH,FAILED,False,0,1,0.6,1,1,96.84222500024669,CRITICAL
TASK-4463,Traction,LOW,NORMAL,FAIR,True,28,4,0.9,0,0,53.832886027867005,MEDIUM
TASK-4464,S&T,HIGH,IMMEDIATE,POOR,False,0,1,7.8,1,1,97.50195912027733,CRITICAL
TASK-4465,Traction,ROUTINE,MEDIUM,GOOD,False,0,0,3.8,0,1,15.937204285908647,LOW
TASK-4466,S&T,HIGH,MEDIUM,DEGRADED,False,0,1,4.1,1,1,61.47310127761421,MEDIUM
TASK-4467,S&T,LOW,NORMAL,FAIR,False,0,1,5.1,0,1,26.67164373362999,LOW
TASK-4468,Traction,CRITICAL,IMMEDIATE,FAILED,True,9,1,1.9,1,0,100.0,CRITICAL
TASK-4469,S&T,ROUTINE,NORMAL,GOOD,False,0,0,7.0,0,0,29.512149402355988,LOW
TASK-4470,Traction,ROUTINE,NORMAL,FAIR,False,0,4,5.5,0,1,35.99785061035295,LOW
TASK-4471,S&T,ROUTINE,MEDIUM,FAIR,False,0,2,4.1,0,1,33.05167314228723,LOW
TASK-4472,Engineering,CRITICAL,HIGH,FAILED,True,2,2,5.1,1,1,95.53274738635065,CRITICAL
TASK-4473,Engineering,HIGH,IMMEDIATE,FAILED,False,0,1,5.2,1,1,90.63503333884364,CRITICAL
TASK-4474,Engineering,ROUTINE,NORMAL,FAIR,True,4,1,1.4,0,1,25.592278710694753,LOW
TASK-4475,S&T,ROUTINE,NORMAL,GOOD,True,8,1,2.6,0,1,33.37382642642348,LOW
TASK-4476,Engineering,LOW,NORMAL,FAIR,False,0,3,3.7,0,1,17.046644939447397,LOW
TASK-4477,Traction,ROUTINE,NORMAL,FAIR,False,0,4,1.2,0,0,22.303441639662246,LOW
TASK-4478,Engineering,CRITICAL,HIGH,POOR,True,19,2,3.6,1,1,100.0,CRITICAL
TASK-4479,S&T,ROUTINE,NORMAL,FAIR,False,0,0,2.2,0,1,16.992442426150703,LOW
TASK-4480,S&T,HIGH,HIGH,POOR,True,7,2,1.0,1,1,86.91448316408446,CRITICAL
TASK-4481,S&T,ROUTINE,NORMAL,GOOD,False,0,1,2.8,0,1,20.1887915112131,LOW
TASK-4482,S&T,MEDIUM,MEDIUM,DEGRADED,True,38,1,2.6,1,1,74.99515640127548,HIGH
TASK-4483,S&T,CRITICAL,HIGH,POOR,True,2,0,2.4,1,1,100.0,CRITICAL
TASK-4484,Engineering,ROUTINE,MEDIUM,FAIR,True,9,1,0.8,0,0,34.17676363856744,LOW
TASK-4485,Engineering,HIGH,MEDIUM,DEGRADED,False,0,0,2.1,1,1,60.9810855566809,MEDIUM
TASK-4486,S&T,MEDIUM,MEDIUM,DEGRADED,False,0,0,7.3,1,1,51.685076893006865,MEDIUM
TASK-4487,Engineering,HIGH,HIGH,POOR,False,0,1,1.9,1,1,85.53953058830072,CRITICAL
TASK-4488,S&T,MEDIUM,MEDIUM,DEGRADED,False,0,3,3.0,1,0,60.49148435603024,MEDIUM
TASK-4489,Engineering,MEDIUM,NORMAL,GOOD,False,0,2,5.5,0,1,43.20283687569055,LOW
TASK-4490,Traction,CRITICAL,HIGH,FAILED,False,0,1,6.3,1,1,98.03729006799206,CRITICAL
TASK-4491,Engineering,MEDIUM,HIGH,DEGRADED,False,0,1,3.2,0,0,45.21772106722049,MEDIUM
TASK-4492,S&T,HIGH,HIGH,FAILED,False,0,0,4.5,1,1,76.3282533300559,HIGH
TASK-4493,S&T,ROUTINE,MEDIUM,FAIR,False,0,2,5.4,0,0,29.364208023178332,LOW
TASK-4494,Engineering,CRITICAL,HIGH,FAILED,False,0,0,3.4,1,1,98.94439790562106,CRITICAL
TASK-4495,Engineering,MEDIUM,NORMAL,FAIR,True,11,0,5.2,0,1,43.89860169871562,LOW
TASK-4496,Traction,MEDIUM,MEDIUM,GOOD,False,0,0,0.8,0,1,32.85203437620848,LOW
TASK-4497,Traction,MEDIUM,NORMAL,FAIR,True,13,1,1.9,0,0,53.81421289534885,MEDIUM
TASK-4498,S&T,ROUTINE,MEDIUM,GOOD,False,0,3,1.1,0,0,24.3894102927813,LOW
TASK-4499,Traction,CRITICAL,IMMEDIATE,FAILED,False,0,1,3.1,1,1,100.0,CRITICAL
TASK-4500,Traction,CRITICAL,IMMEDIATE,POOR,True,5,0,7.9,1,1,95.38126340861011,CRITICAL
TASK-4501,Engineering,HIGH,IMMEDIATE,FAILED,False,0,0,5.9,1,1,93.38371523475696,CRITICAL
TASK-4502,Engineering,ROUTINE,NORMAL,FAIR,True,1,0,1.9,0,1,14.064110927249835,LOW
TASK-4503,Traction,MEDIUM,MEDIUM,DEGRADED,False,0,1,7.2,0,1,32.887963113639316,LOW
TASK-4504,Traction,HIGH,MEDIUM,DEGRADED,False,0,2,7.2,1,1,60.60838140304635,MEDIUM
TASK-4505,S&T,ROUTINE,MEDIUM,GOOD,True,4,2,7.3,0,1,33.00009169995861,LOW
TASK-4506,Engineering,HIGH,IMMEDIATE,POOR,True,9,0,3.6,1,0,100.0,CRITICAL
TASK-4507,Traction,MEDIUM,NORMAL,GOOD,False,0,1,1.8,0,1,30.0386932148785,LOW
TASK-4508,S&T,ROUTINE,NORMAL,FAIR,False,0,1,2.7,0,1,20.967459706500584,LOW
TASK-4509,Traction,ROUTINE,NORMAL,GOOD,True,15,2,6.5,0,1,38.568000566991905,LOW
TASK-4510,Traction,ROUTINE,NORMAL,FAIR,True,3,1,6.1,0,1,22.57871407014698,LOW
TASK-4511,S&T,CRITICAL,HIGH,POOR,False,0,0,5.6,1,1,78.94650236304722,HIGH
TASK-4512,Traction,LOW,NORMAL,GOOD,False,0,1,1.7,0,1,26.843118928529186,LOW
TASK-4513,Traction,CRITICAL,IMMEDIATE,POOR,False,0,1,4.7,1,1,97.80161376911907,CRITICAL
TASK-4514,S&T,CRITICAL,IMMEDIATE,POOR,False,0,3,5.1,1,1,100.0,CRITICAL
TASK-4515,Engineering,LOW,NORMAL,FAIR,True,23,2,0.5,0,1,52.50506205268362,MEDIUM
TASK-4516,Traction,LOW,NORMAL,FAIR,True,22,2,4.9,0,1,47.31812359160615,MEDIUM
TASK-4517,Engineering,CRITICAL,IMMEDIATE,FAILED,False,0,0,3.9,1,1,100.0,CRITICAL
TASK-4518,Traction,CRITICAL,IMMEDIATE,FAILED,False,0,2,2.4,1,1,100.0,CRITICAL
TASK-4519,Engineering,MEDIUM,MEDIUM,DEGRADED,False,0,3,5.8,0,1,50.4023142507409,MEDIUM
TASK-4520,Traction,ROUTINE,NORMAL,GOOD,True,2,1,1.8,0,1,27.370209782808292,LOW
TASK-4521,Engineering,HIGH,HIGH,FAILED,False,0,4,2.3,1,0,91.07259570084912,CRITICAL
TASK-4522,Engineering,LOW,NORMAL,FAIR,False,0,1,7.6,0,0,21.815734562511945,LOW
TASK-4523,S&T,ROUTINE,NORMAL,FAIR,False,0,5,2.5,0,1,24.798099245780445,LOW
TASK-4524,Engineering,MEDIUM,NORMAL,FAIR,True,10,0,7.9,0,1,39.89365966208102,LOW
TASK-4525,Engineering,HIGH,HIGH,FAILED,False,0,0,1.4,1,1,83.74281623763252,CRITICAL
TASK-4526,Traction,HIGH,MEDIUM,DEGRADED,False,0,1,5.2,1,1,57.465873349490394,MEDIUM
TASK-4527,S&T,MEDIUM,MEDIUM,DEGRADED,True,10,1,1.1,1,1,64.04176300742124,MEDIUM
TASK-4528,Traction,CRITICAL,HIGH,FAILED,False,0,0,2.5,1,0,93.01416913071878,CRITICAL
TASK-4529,Engineering,CRITICAL,IMMEDIATE,POOR,False,0,3,7.2,1,1,99.68275737626081,CRITICAL
TASK-4530,S&T,MEDIUM,HIGH,DEGRADED,False,0,2,7.9,1,1,60.48611417003998,MEDIUM
TASK-4531,Traction,ROUTINE,NORMAL,GOOD,True,27,5,6.7,0,1,42.68303185747386,LOW
TASK-4532,Engineering,HIGH,MEDIUM,DEGRADED,False,0,0,1.8,1,1,67.12446838319416,HIGH
TASK-4533,Engineering,HIGH,HIGH,FAILED,True,1,1,5.4,1,1,86.60597762957974,CRITICAL
TASK-4534,Traction,ROUTINE,NORMAL,GOOD,False,0,3,5.9,0,1,27.258926228377497,LOW
TASK-4535,Traction,CRITICAL,IMMEDIATE,POOR,False,0,0,7.6,1,1,100.0,CRITICAL
TASK-4536,S&T,CRITICAL,IMMEDIATE,FAILED,True,14,1,4.6,1,1,100.0,CRITICAL
TASK-4537,S&T,LOW,NORMAL,FAIR,False,0,1,2.9,0,1,24.172892504827093,LOW
TASK-4538,Engineering,CRITICAL,HIGH,FAILED,False,0,0,5.2,1,1,96.44934646771281,CRITICAL
TASK-4539,S&T,LOW,NORMAL,FAIR,False,0,0,3.8,0,0,20.19147243626023,LOW
TASK-4540,Traction,HIGH,HIGH,POOR,False,0,2,3.3,1,0,91.19601132159714,CRITICAL
TASK-4541,S&T,ROUTINE,NORMAL,GOOD,False,0,3,4.2,0,0,25.943538886170057,LOW
TASK-4542,S&T,ROUTINE,NORMAL,FAIR,False,0,3,6.6,0,0,27.582178417132262,LOW
TASK-4543,Engineering,LOW,NORMAL,FAIR,False,0,1,4.8,0,0,31.694710653178568,LOW
TASK-4544,Traction,MEDIUM,NORMAL,FAIR,True,3,4,5.4,0,0,47.88936538282401,MEDIUM
TASK-4545,Engineering,MEDIUM,MEDIUM,DEGRADED,False,0,1,1.7,0,0,51.66802853085636,MEDIUM
TASK-4546,Engineering,CRITICAL,HIGH,POOR,True,9,3,5.7,1,0,100.0,CRITICAL
TASK-4547,Engineering,ROUTINE,NORMAL,GOOD,False,0,0,1.6,0,1,31.72652281735914,LOW
TASK-4548,S&T,ROUTINE,MEDIUM,FAIR,False,0,0,3.9,0,0,31.86181972632585,LOW
TASK-4549,Traction,CRITICAL,IMMEDIATE,POOR,False,0,2,1.3,1,1,100.0,CRITICAL
TASK-4550,Traction,MEDIUM,NORMAL,FAIR,True,14,1,6.0,0,0,49.51127428859414,MEDIUM
TASK-4551,Engineering,CRITICAL,IMMEDIATE,FAILED,True,8,0,1.2,1,0,100.0,CRITICAL
TASK-4552,S&T,ROUTINE,MEDIUM,GOOD,True,6,0,1.3,0,1,41.5030769356751,LOW
TASK-4553,Engineering,MEDIUM,NORMAL,GOOD,False,0,0,1.5,0,0,31.811175197774922,LOW
TASK-4554,Engineering,HIGH,MEDIUM,DEGRADED,True,2,2,1.6,1,1,74.14084633116643,HIGH
TASK-4555,Traction,HIGH,IMMEDIATE,FAILED,True,8,1,0.6,1,1,100.0,CRITICAL
TASK-4556,Engineering,ROUTINE,NORMAL,GOOD,True,1,3,4.6,0,1,26.9628012258152,LOW
TASK-4557,S&T,MEDIUM,MEDIUM,GOOD,True,20,2,2.0,0,1,55.45325377086579,MEDIUM
TASK-4558,S&T,HIGH,IMMEDIATE,FAILED,True,32,3,7.2,1,1,100.0,CRITICAL
TASK-4559,Engineering,MEDIUM,MEDIUM,DEGRADED,True,5,1,3.0,0,1,46.70025330346787,MEDIUM
TASK-4560,Engineering,MEDIUM,NORMAL,FAIR,False,0,0,0.9,0,1,30.760209053826372,LOW
TASK-4561,Traction,MEDIUM,HIGH,DEGRADED,True,55,0,5.2,0,1,65.9108047722231,HIGH
TASK-4562,Engineering,ROUTINE,NORMAL,GOOD,False,0,2,6.7,0,1,15.08452267680655,LOW
TASK-4563,Engineering,CRITICAL,HIGH,FAILED,False,0,0,2.7,1,0,90.48978609350245,CRITICAL
TASK-4564,Traction,HIGH,IMMEDIATE,POOR,True,2,3,1.6,1,0,95.51592879788166,CRITICAL
TASK-4565,Engineering,MEDIUM,NORMAL,GOOD,True,3,0,2.2,0,1,27.380098330895166,LOW
TASK-4566,S&T,LOW,NORMAL,FAIR,False,0,2,3.1,0,0,27.070738470188665,LOW
TASK-4567,S&T,LOW,MEDIUM,FAIR,False,0,2,7.4,0,1,23.915527428811995,LOW
TASK-4568,Traction,CRITICAL,HIGH,POOR,True,18,1,5.7,1,0,100.0,CRITICAL
TASK-4569,Traction,ROUTINE,NORMAL,GOOD,True,14,1,4.2,0,1,35.86005408359704,LOW
TASK-4570,Engineering,ROUTINE,NORMAL,FAIR,True,12,0,1.3,0,0,39.29287450368571,LOW
TASK-4571,S&T,HIGH,MEDIUM,DEGRADED,False,0,2,1.1,1,1,66.65153091124802,HIGH
TASK-4572,S&T,ROUTINE,NORMAL,GOOD,False,0,1,3.2,0,1,16.660618865341707,LOW
TASK-4573,Engineering,LOW,NORMAL,GOOD,False,0,1,5.0,0,0,17.85759220106494,LOW
TASK-4574,Engineering,CRITICAL,HIGH,POOR,False,0,1,4.5,1,1,90.38248665287513,CRITICAL
TASK-4575,Traction,ROUTINE,MEDIUM,FAIR,True,9,3,5.6,0,0,48.242956491252826,MEDIUM
TASK-4576,Engineering,MEDIUM,HIGH,DEGRADED,True,11,2,5.2,0,1,66.34878214768436,HIGH
TASK-4577,S&T,HIGH,MEDIUM,DEGRADED,False,0,1,7.1,1,1,58.96708990440468,MEDIUM
TASK-4578,S&T,CRITICAL,IMMEDIATE,POOR,True,18,4,5.5,1,0,100.0,CRITICAL
TASK-4579,S&T,MEDIUM,MEDIUM,GOOD,False,0,1,6.4,0,1,41.80123391232706,LOW
TASK-4580,Engineering,ROUTINE,MEDIUM,FAIR,True,6,2,2.9,0,1,30.62160625904921,LOW
TASK-4581,S&T,HIGH,HIGH,POOR,False,0,0,5.9,1,1,86.47598088450384,CRITICAL
TASK-4582,S&T,LOW,NORMAL,GOOD,True,13,1,1.3,0,0,38.47690139741396,LOW
TASK-4583,S&T,HIGH,MEDIUM,DEGRADED,True,7,2,1.6,1,0,79.2867872755589,HIGH
TASK-4584,S&T,LOW,NORMAL,FAIR,False,0,1,1.9,0,1,15.556139924057693,LOW
TASK-4585,S&T,HIGH,MEDIUM,DEGRADED,False,0,1,2.9,1,0,55.718569792965376,MEDIUM
TASK-4586,S&T,HIGH,IMMEDIATE,POOR,False,0,6,5.7,1,1,100.0,CRITICAL
TASK-4587,S&T,CRITICAL,IMMEDIATE,FAILED,False,0,1,6.5,1,1,100.0,CRITICAL
TASK-4588,S&T,MEDIUM,MEDIUM,FAIR,False,0,1,6.5,0,1,39.205522421835106,LOW
TASK-4589,Traction,LOW,NORMAL,FAIR,True,26,1,3.4,0,1,37.89459995142859,LOW
TASK-4590,Traction,HIGH,IMMEDIATE,POOR,False,0,1,4.5,1,1,91.6214279819612,CRITICAL
TASK-4591,S&T,CRITICAL,IMMEDIATE,FAILED,True,7,1,4.5,1,0,100.0,CRITICAL
TASK-4592,Engineering,HIGH,IMMEDIATE,POOR,False,0,1,1.1,1,0,80.73121792319641,CRITICAL
TASK-4593,Traction,CRITICAL,HIGH,POOR,True,14,4,4.5,1,1,100.0,CRITICAL
TASK-4594,Traction,ROUTINE,NORMAL,FAIR,True,27,0,5.8,0,1,33.485911928734055,LOW
TASK-4595,Engineering,MEDIUM,MEDIUM,DEGRADED,True,10,0,0.5,0,0,36.83428477988982,LOW
TASK-4596,Engineering,MEDIUM,HIGH,DEGRADED,False,0,2,4.7,0,0,61.75470017596966,MEDIUM
TASK-4597,Engineering,MEDIUM,NORMAL,GOOD,False,0,2,0.9,0,1,43.39186601734555,LOW
TASK-4598,S&T,MEDIUM,MEDIUM,DEGRADED,True,3,3,6.9,1,1,58.2044197459559,MEDIUM
TASK-4599,Engineering,HIGH,HIGH,DEGRADED,True,3,0,4.0,1,1,74.06188226872885,HIGH
TASK-4600,Traction,CRITICAL,IMMEDIATE,POOR,True,2,3,2.3,1,0,100.0,CRITICAL
TASK-4601,Engineering,ROUTINE,NORMAL,GOOD,False,0,1,6.1,0,1,21.727779545259878,LOW
TASK-4602,Engineering,ROUTINE,NORMAL,FAIR,True,15,1,3.3,0,0,48.18898251905805,MEDIUM
TASK-4603,Engineering,CRITICAL,HIGH,POOR,False,0,0,3.3,1,1,86.91677948106997,CRITICAL
TASK-4604,Traction,LOW,NORMAL,GOOD,False,0,0,5.5,0,1,27.130791503580976,LOW
TASK-4605,Engineering,CRITICAL,HIGH,POOR,True,31,0,6.8,1,1,100.0,CRITICAL
TASK-4606,Engineering,LOW,NORMAL,GOOD,True,6,1,1.6,0,1,28.16542465238919,LOW
TASK-4607,Engineering,LOW,NORMAL,GOOD,True,5,1,2.3,0,1,33.29194356505572,LOW
TASK-4608,Engineering,HIGH,HIGH,FAILED,True,8,2,6.7,1,1,100.0,CRITICAL
TASK-4609,S&T,LOW,NORMAL,FAIR,False,0,1,6.2,0,0,31.361604203598603,LOW
TASK-4610,S&T,ROUTINE,NORMAL,FAIR,False,0,0,6.1,0,0,20.567471731128713,LOW
TASK-4611,Traction,HIGH,HIGH,DEGRADED,False,0,1,4.0,1,1,74.53139235743794,HIGH
TASK-4612,Traction,HIGH,MEDIUM,DEGRADED,False,0,0,3.8,1,1,54.24559828361935,MEDIUM
TASK-4613,Traction,ROUTINE,NORMAL,GOOD,True,1,3,2.7,0,0,30.99442467392309,LOW
TASK-4614,Engineering,LOW,NORMAL,GOOD,False,0,3,7.1,0,1,20.97134724826009,LOW
TASK-4615,Engineering,HIGH,HIGH,FAILED,True,8,0,6.1,1,1,95.52444994463272,CRITICAL
TASK-4616,Traction,ROUTINE,MEDIUM,FAIR,False,0,1,0.6,0,0,30.399448373530404,LOW
TASK-4617,S&T,CRITICAL,IMMEDIATE,POOR,False,0,5,4.7,1,1,100.0,CRITICAL
TASK-4618,S&T,CRITICAL,HIGH,FAILED,False,0,1,4.3,1,0,94.00199275556662,CRITICAL
TASK-4619,Traction,ROUTINE,NORMAL,FAIR,False,0,0,3.7,0,1,24.364394749593934,LOW
TASK-4620,Engineering,HIGH,MEDIUM,DEGRADED,True,9,1,7.8,1,0,74.70791882665891,HIGH
TASK-4621,Traction,HIGH,IMMEDIATE,POOR,True,2,2,7.8,1,1,97.76795128172378,CRITICAL
TASK-4622,Engineering,LOW,MEDIUM,FAIR,True,14,3,3.5,0,1,53.29381397987087,MEDIUM
TASK-4623,Engineering,LOW,NORMAL,FAIR,False,0,1,3.4,0,0,26.884914038309784,LOW
TASK-4624,Traction,CRITICAL,HIGH,FAILED,True,9,3,5.0,1,1,100.0,CRITICAL
TASK-4625,Engineering,HIGH,IMMEDIATE,POOR,True,17,1,4.1,1,1,100.0,CRITICAL
TASK-4626,Traction,CRITICAL,HIGH,POOR,False,0,0,6.7,1,1,88.64062584045273,CRITICAL
TASK-4627,Engineering,ROUTINE,NORMAL,GOOD,True,1,0,6.5,0,0,26.243681372138656,LOW
TASK-4628,Traction,HIGH,HIGH,POOR,True,17,0,2.0,1,1,100.0,CRITICAL
TASK-4629,Engineering,ROUTINE,NORMAL,GOOD,False,0,0,1.1,0,1,25.327897222427836,LOW
TASK-4630,Traction,MEDIUM,MEDIUM,DEGRADED,True,15,1,0.7,0,1,62.75639844313751,MEDIUM
TASK-4631,S&T,ROUTINE,NORMAL,FAIR,True,15,0,4.6,0,0,34.38058613933897,LOW
TASK-4632,Engineering,ROUTINE,MEDIUM,FAIR,False,0,1,5.0,0,0,26.485842468403547,LOW
TASK-4633,S&T,ROUTINE,NORMAL,FAIR,False,0,0,4.6,0,1,19.37191210286954,LOW
TASK-4634,Traction,ROUTINE,NORMAL,GOOD,False,0,1,2.3,0,1,23.549772136733882,LOW
TASK-4635,Engineering,CRITICAL,IMMEDIATE,FAILED,False,0,1,4.7,1,1,100.0,CRITICAL
TASK-4636,Traction,HIGH,IMMEDIATE,POOR,True,6,1,0.8,1,1,97.73288810625883,CRITICAL
TASK-4637,S&T,LOW,NORMAL,GOOD,True,1,2,7.6,0,0,23.246664235876878,LOW
TASK-4638,Engineering,HIGH,HIGH,DEGRADED,True,10,1,6.1,1,0,82.03865143436002,CRITICAL
TASK-4639,S&T,HIGH,HIGH,FAILED,False,0,2,2.0,1,0,79.48055734074008,HIGH
TASK-4640,S&T,MEDIUM,MEDIUM,DEGRADED,False,0,3,7.8,1,0,60.24928250868912,MEDIUM
TASK-4641,Traction,MEDIUM,NORMAL,GOOD,True,6,2,3.0,0,1,37.063897951285554,LOW
TASK-4642,Traction,HIGH,IMMEDIATE,FAILED,False,0,1,1.3,1,1,96.24705830295683,CRITICAL
TASK-4643,Engineering,ROUTINE,NORMAL,GOOD,False,0,1,4.9,0,1,15.338797272775889,LOW
TASK-4644,S&T,HIGH,IMMEDIATE,POOR,False,0,2,4.9,1,1,96.59565323474715,CRITICAL
TASK-4645,Engineering,HIGH,MEDIUM,DEGRADED,True,8,0,1.7,1,1,60.87311021547143,MEDIUM
TASK-4646,Traction,CRITICAL,IMMEDIATE,POOR,False,0,1,1.1,1,1,100.0,CRITICAL
TASK-4647,Traction,LOW,NORMAL,GOOD,False,0,1,7.6,0,1,14.074702825329803,LOW
TASK-4648,Engineering,ROUTINE,NORMAL,FAIR,True,6,2,6.6,0,0,36.305904952963594,LOW
TASK-4649,Traction,ROUTINE,NORMAL,FAIR,True,3,3,6.3,0,0,27.24883456885357,LOW
TASK-4650,Engineering,CRITICAL,IMMEDIATE,FAILED,True,2,1,4.4,1,1,100.0,CRITICAL
TASK-4651,Traction,HIGH,IMMEDIATE,FAILED,False,0,0,5.4,1,1,92.21053870048172,CRITICAL
TASK-4652,S&T,CRITICAL,HIGH,POOR,False,0,1,6.4,1,0,92.60795769787006,CRITICAL
TASK-4653,S&T,HIGH,MEDIUM,DEGRADED,True,6,4,3.2,1,1,81.37812109893581,CRITICAL
TASK-4654,S&T,LOW,NORMAL,GOOD,False,0,1,7.2,0,1,16.265701640198078,LOW
TASK-4655,Traction,CRITICAL,HIGH,POOR,True,5,0,2.3,1,1,84.55820418224276,CRITICAL
TASK-4656,Traction,CRITICAL,IMMEDIATE,FAILED,True,21,2,1.1,1,1,100.0,CRITICAL
TASK-4657,Engineering,HIGH,HIGH,FAILED,True,1,2,5.2,1,1,89.47285335253397,CRITICAL
TASK-4658,S&T,ROUTINE,NORMAL,GOOD,True,10,1,6.5,0,1,38.32503179534152,LOW
TASK-4659,Engineering,HIGH,MEDIUM,DEGRADED,False,0,0,4.6,1,0,58.488838140916585,MEDIUM
TASK-4660,Engineering,CRITICAL,HIGH,POOR,True,2,0,1.2,1,1,95.78227251378571,CRITICAL
TASK-4661,S&T,ROUTINE,NORMAL,FAIR,False,0,2,7.5,0,1,16.17974003309713,LOW
TASK-4662,Engineering,MEDIUM,NORMAL,GOOD,False,0,1,2.6,0,0,30.65651288483587,LOW
TASK-4663,S&T,HIGH,MEDIUM,DEGRADED,False,0,1,1.2,1,1,69.0737266898411,HIGH
TASK-4664,Engineering,HIGH,HIGH,POOR,False,0,2,2.4,1,0,81.85101781000698,CRITICAL
TASK-4665,S&T,HIGH,MEDIUM,DEGRADED,False,0,3,6.2,1,1,55.21949120925827,MEDIUM
TASK-4666,S&T,ROUTINE,NORMAL,FAIR,True,28,0,7.5,0,0,42.54096469585952,LOW
TASK-4667,Traction,CRITICAL,IMMEDIATE,POOR,False,0,3,0.8,1,0,100.0,CRITICAL
TASK-4668,S&T,CRITICAL,HIGH,POOR,True,3,0,3.6,1,1,83.91926880006936,CRITICAL
TASK-4669,Traction,ROUTINE,NORMAL,FAIR,False,0,1,3.8,0,1,30.395998324685422,LOW
TASK-4670,Traction,CRITICAL,IMMEDIATE,FAILED,True,22,1,7.6,1,1,100.0,CRITICAL
TASK-4671,S&T,LOW,NORMAL,GOOD,True,13,1,5.6,0,1,43.53464794464423,LOW
TASK-4672,Traction,CRITICAL,IMMEDIATE,POOR,False,0,1,2.5,1,1,100.0,CRITICAL
TASK-4673,Traction,LOW,NORMAL,GOOD,True,16,1,5.2,0,1,36.76672790337379,LOW
TASK-4674,Traction,MEDIUM,NORMAL,GOOD,False,0,0,6.1,0,1,23.349498086000605,LOW
TASK-4675,Engineering,HIGH,IMMEDIATE,FAILED,True,7,0,0.6,1,1,98.580855980377,CRITICAL
TASK-4676,Engineering,MEDIUM,HIGH,DEGRADED,True,11,1,3.3,0,1,68.29937730642445,HIGH
TASK-4677,Traction,HIGH,IMMEDIATE,POOR,False,0,1,6.9,1,0,87.69173393547865,CRITICAL
TASK-4678,Engineering,HIGH,IMMEDIATE,POOR,True,29,3,7.1,1,0,100.0,CRITICAL
TASK-4679,Traction,ROUTINE,MEDIUM,GOOD,True,21,0,3.1,0,0,36.49264280644398,LOW
TASK-4680,S&T,CRITICAL,HIGH,FAILED,False,0,1,7.3,1,1,89.26663666125057,CRITICAL
TASK-4681,S&T,ROUTINE,MEDIUM,GOOD,False,0,1,1.1,0,1,29.117766980177354,LOW
TASK-4682,Traction,ROUTINE,MEDIUM,GOOD,False,0,3,7.4,0,1,36.32116907191955,LOW
TASK-4683,S&T,CRITICAL,IMMEDIATE,POOR,False,0,1,2.0,1,1,96.06888869244479,CRITICAL
TASK-4684,S&T,LOW,NORMAL,GOOD,True,27,1,2.9,0,1,50.63888018723042,MEDIUM
TASK-4685,Traction,HIGH,IMMEDIATE,POOR,True,4,4,2.1,1,0,100.0,CRITICAL
TASK-4686,Traction,HIGH,IMMEDIATE,POOR,True,16,1,1.4,1,0,100.0,CRITICAL
TASK-4687,S&T,ROUTINE,NORMAL,GOOD,False,0,2,4.6,0,1,26.810714114453745,LOW
TASK-4688,S&T,ROUTINE,MEDIUM,FAIR,False,0,1,5.3,0,1,33.852557796422374,LOW
TASK-4689,S&T,CRITICAL,IMMEDIATE,FAILED,False,0,3,0.7,1,1,100.0,CRITICAL
TASK-4690,Traction,CRITICAL,HIGH,POOR,False,0,1,1.0,1,1,95.78453860996596,CRITICAL
TASK-4691,S&T,CRITICAL,IMMEDIATE,POOR,False,0,2,7.8,1,0,100.0,CRITICAL
TASK-4692,Engineering,LOW,MEDIUM,GOOD,True,27,4,2.1,0,1,53.4361494620971,MEDIUM
TASK-4693,Engineering,CRITICAL,HIGH,POOR,True,3,2,2.5,1,1,100.0,CRITICAL
TASK-4694,Traction,ROUTINE,MEDIUM,FAIR,True,31,1,1.1,0,1,47.65043468130869,MEDIUM
TASK-4695,Engineering,MEDIUM,HIGH,DEGRADED,True,9,1,3.5,0,0,61.207706104201144,MEDIUM
TASK-4696,S&T,CRITICAL,IMMEDIATE,POOR,False,0,1,7.0,1,1,100.0,CRITICAL
TASK-4697,Traction,MEDIUM,NORMAL,FAIR,True,2,1,5.5,0,0,35.07869289866159,LOW
TASK-4698,S&T,LOW,NORMAL,FAIR,False,0,2,6.7,0,1,19.292085167662876,LOW
TASK-4699,Engineering,CRITICAL,IMMEDIATE,POOR,False,0,1,3.1,1,1,100.0,CRITICAL
TASK-4700,S&T,ROUTINE,MEDIUM,FAIR,True,21,2,2.0,0,0,51.28699318918105,MEDIUM
TASK-4701,S&T,HIGH,IMMEDIATE,POOR,True,29,4,4.1,1,1,100.0,CRITICAL
TASK-4702,Traction,ROUTINE,NORMAL,FAIR,False,0,3,7.7,0,1,22.67713393091671,LOW
TASK-4703,S&T,MEDIUM,MEDIUM,DEGRADED,True,5,0,7.3,1,1,57.96916472692784,MEDIUM
TASK-4704,Traction,HIGH,HIGH,POOR,True,16,3,6.7,1,1,100.0,CRITICAL
TASK-4705,Traction,CRITICAL,IMMEDIATE,FAILED,False,0,0,2.0,1,1,100.0,CRITICAL
TASK-4706,Traction,CRITICAL,IMMEDIATE,FAILED,False,0,1,5.1,1,1,100.0,CRITICAL
TASK-4707,S&T,HIGH,MEDIUM,DEGRADED,False,0,3,0.6,1,0,63.92493099101715,MEDIUM
TASK-4708,S&T,ROUTINE,NORMAL,FAIR,True,7,1,4.2,0,0,30.819316303752927,LOW
TASK-4709,S&T,ROUTINE,NORMAL,GOOD,False,0,2,6.4,0,1,25.071761041384978,LOW
TASK-4710,Traction,HIGH,HIGH,POOR,False,0,0,2.5,1,1,76.88929522713933,HIGH
TASK-4711,Traction,MEDIUM,NORMAL,GOOD,False,0,1,7.9,0,0,41.675761341326584,LOW
TASK-4712,Engineering,HIGH,HIGH,POOR,False,0,1,5.3,1,0,75.18877894737481,HIGH
TASK-4713,Traction,ROUTINE,NORMAL,GOOD,False,0,2,0.8,0,0,22.937962880908973,LOW
TASK-4714,Traction,ROUTINE,NORMAL,FAIR,False,0,1,3.7,0,1,21.48882895058494,LOW
TASK-4715,Traction,ROUTINE,NORMAL,FAIR,True,12,3,5.0,0,0,54.34465178210563,MEDIUM
TASK-4716,Engineering,HIGH,HIGH,DEGRADED,True,3,0,2.1,1,0,74.3008971194245,HIGH
TASK-4717,Engineering,HIGH,HIGH,FAILED,False,0,3,7.7,1,0,96.53426812236285,CRITICAL
TASK-4718,S&T,HIGH,MEDIUM,DEGRADED,True,10,4,0.6,1,1,75.21372663694305,HIGH
TASK-4719,S&T,CRITICAL,HIGH,FAILED,False,0,1,6.6,1,0,93.3048445699746,CRITICAL
TASK-4720,Engineering,CRITICAL,IMMEDIATE,POOR,False,0,1,5.4,1,1,100.0,CRITICAL
TASK-4721,S&T,HIGH,IMMEDIATE,POOR,True,15,2,3.6,1,0,100.0,CRITICAL
TASK-4722,S&T,CRITICAL,HIGH,FAILED,False,0,3,3.7,1,1,100.0,CRITICAL
TASK-4723,S&T,MEDIUM,MEDIUM,GOOD,False,0,5,7.4,0,0,38.830817068729026,LOW
TASK-4724,S&T,HIGH,IMMEDIATE,POOR,False,0,1,3.3,1,1,91.79003074385699,CRITICAL
TASK-4725,Traction,CRITICAL,IMMEDIATE,FAILED,True,8,0,1.7,1,0,100.0,CRITICAL
TASK-4726,S&T,HIGH,IMMEDIATE,POOR,False,0,2,2.6,1,0,94.71375793673214,CRITICAL
TASK-4727,Traction,CRITICAL,IMMEDIATE,POOR,False,0,0,5.3,1,1,92.13282580504743,CRITICAL
TASK-4728,Traction,HIGH,IMMEDIATE,FAILED,False,0,2,7.5,1,1,92.34715575239926,CRITICAL
TASK-4729,Engineering,LOW,NORMAL,GOOD,False,0,2,6.5,0,0,22.794325278060484,LOW
TASK-4730,Engineering,ROUTINE,MEDIUM,GOOD,False,0,3,5.4,0,1,27.962953761619325,LOW
TASK-4731,Traction,CRITICAL,IMMEDIATE,POOR,True,25,1,1.3,1,1,100.0,CRITICAL
TASK-4732,Traction,CRITICAL,IMMEDIATE,FAILED,True,17,0,7.5,1,0,100.0,CRITICAL
TASK-4733,Engineering,CRITICAL,HIGH,POOR,False,0,3,4.3,1,0,99.00890301649333,CRITICAL
TASK-4734,Engineering,HIGH,MEDIUM,DEGRADED,True,6,0,6.9,1,1,63.47697522922313,MEDIUM
TASK-4735,Engineering,LOW,MEDIUM,FAIR,True,1,0,6.3,0,0,26.29444633917985,LOW
TASK-4736,Traction,HIGH,HIGH,POOR,False,0,1,1.4,1,1,77.7461509582941,HIGH
TASK-4737,S&T,ROUTINE,NORMAL,GOOD,True,12,2,3.1,0,1,42.793237256061396,LOW
TASK-4738,S&T,HIGH,IMMEDIATE,POOR,True,19,1,7.3,1,1,100.0,CRITICAL
TASK-4739,Traction,HIGH,IMMEDIATE,POOR,True,12,1,0.6,1,0,100.0,CRITICAL
TASK-4740,S&T,ROUTINE,MEDIUM,FAIR,False,0,1,4.3,0,1,25.180646007683436,LOW
TASK-4741,S&T,MEDIUM,HIGH,DEGRADED,True,1,1,2.8,1,0,64.12021211790284,MEDIUM
TASK-4742,S&T,LOW,NORMAL,FAIR,True,11,1,0.5,0,1,43.969534758162325,LOW
TASK-4743,S&T,MEDIUM,NORMAL,GOOD,False,0,0,0.6,0,0,35.37783968999997,LOW
TASK-4744,Engineering,MEDIUM,HIGH,DEGRADED,False,0,0,6.8,0,0,32.65223085914597,LOW
TASK-4745,Traction,HIGH,IMMEDIATE,FAILED,True,1,0,2.9,1,0,92.398941400195,CRITICAL
TASK-4746,Engineering,HIGH,HIGH,FAILED,False,0,2,7.9,1,1,83.79767580561459,CRITICAL
TASK-4747,Engineering,CRITICAL,IMMEDIATE,FAILED,True,13,0,7.8,1,0,100.0,CRITICAL
TASK-4748,Engineering,HIGH,IMMEDIATE,FAILED,True,7,3,5.3,1,1,100.0,CRITICAL
TASK-4749,Engineering,CRITICAL,IMMEDIATE,FAILED,False,0,1,3.7,1,1,98.15054332054711,CRITICAL
TASK-4750,Traction,HIGH,IMMEDIATE,POOR,False,0,1,7.8,1,0,88.6072696909585,CRITICAL
TASK-4751,Engineering,CRITICAL,IMMEDIATE,POOR,False,0,1,7.3,1,0,100.0,CRITICAL
TASK-4752,Traction,LOW,MEDIUM,FAIR,True,3,4,3.8,0,1,31.72836250318864,LOW
TASK-4753,Engineering,MEDIUM,NORMAL,FAIR,False,0,1,4.3,0,1,23.025100491383387,LOW
TASK-4754,Traction,CRITICAL,HIGH,FAILED,False,0,0,6.4,1,1,100.0,CRITICAL
TASK-4755,Traction,HIGH,MEDIUM,DEGRADED,False,0,4,6.8,1,1,65.44875105135735,HIGH
TASK-4756,Engineering,HIGH,HIGH,DEGRADED,False,0,3,2.0,1,1,80.24043579400463,CRITICAL
TASK-4757,Engineering,MEDIUM,NORMAL,GOOD,True,15,1,3.8,0,1,54.52199598287727,MEDIUM
TASK-4758,Traction,CRITICAL,HIGH,FAILED,False,0,3,1.6,1,1,96.88740177909159,CRITICAL
TASK-4759,Traction,HIGH,IMMEDIATE,FAILED,True,10,0,7.4,1,1,100.0,CRITICAL
TASK-4760,Engineering,CRITICAL,IMMEDIATE,FAILED,True,46,0,3.4,1,1,100.0,CRITICAL
TASK-4761,Traction,ROUTINE,NORMAL,FAIR,True,13,4,7.9,0,0,45.666959526235495,MEDIUM
TASK-4762,Traction,HIGH,MEDIUM,DEGRADED,True,4,3,1.9,1,1,68.69497302052197,HIGH
TASK-4763,Traction,ROUTINE,MEDIUM,FAIR,False,0,2,2.7,0,0,23.464001010705008,LOW
TASK-4764,Traction,ROUTINE,NORMAL,FAIR,False,0,1,5.9,0,0,27.444552563326194,LOW
TASK-4765,S&T,HIGH,MEDIUM,DEGRADED,False,0,0,5.4,1,0,63.48891695022787,MEDIUM
TASK-4766,S&T,LOW,NORMAL,GOOD,True,19,1,7.5,0,1,40.848824375337465,LOW
TASK-4767,Traction,ROUTINE,MEDIUM,GOOD,False,0,0,5.3,0,1,16.738079717728723,LOW
TASK-4768,Traction,MEDIUM,MEDIUM,GOOD,True,18,1,1.3,0,1,55.13498137369463,MEDIUM
TASK-4769,Traction,ROUTINE,NORMAL,GOOD,True,15,1,1.3,0,1,38.67492193445356,LOW
TASK-4770,S&T,MEDIUM,MEDIUM,DEGRADED,True,18,0,7.2,1,1,72.47088144711877,HIGH
TASK-4771,Engineering,ROUTINE,NORMAL,GOOD,False,0,4,4.2,0,0,22.5997126234913,LOW
TASK-4772,S&T,ROUTINE,MEDIUM,FAIR,False,0,1,3.4,0,0,22.92359835304439,LOW
TASK-4773,S&T,ROUTINE,NORMAL,GOOD,False,0,2,3.6,0,1,22.82844834551503,LOW
TASK-4774,S&T,MEDIUM,NORMAL,GOOD,False,0,1,2.1,0,1,36.07634550750786,LOW
TASK-4775,S&T,CRITICAL,IMMEDIATE,POOR,True,10,4,7.2,1,0,100.0,CRITICAL
TASK-4776,Traction,CRITICAL,HIGH,POOR,False,0,0,6.6,1,0,92.82325360751778,CRITICAL
TASK-4777,Engineering,MEDIUM,MEDIUM,DEGRADED,True,9,3,0.6,0,1,50.981016400069784,MEDIUM
TASK-4778,Engineering,CRITICAL,HIGH,FAILED,False,0,2,5.2,1,0,100.0,CRITICAL
TASK-4779,Engineering,ROUTINE,MEDIUM,GOOD,False,0,1,7.8,0,1,23.446072506992675,LOW
TASK-4780,S&T,CRITICAL,IMMEDIATE,POOR,True,27,4,8.0,1,1,100.0,CRITICAL
TASK-4781,Traction,CRITICAL,IMMEDIATE,FAILED,False,0,2,0.5,1,0,100.0,CRITICAL
TASK-4782,Traction,HIGH,HIGH,DEGRADED,True,17,3,7.4,1,0,98.66759996571199,CRITICAL
TASK-4783,Engineering,CRITICAL,IMMEDIATE,FAILED,True,7,2,0.7,1,0,100.0,CRITICAL
TASK-4784,Engineering,CRITICAL,HIGH,FAILED,False,0,1,4.3,1,0,98.56926665716769,CRITICAL
TASK-4785,Engineering,LOW,NORMAL,FAIR,False,0,0,7.0,0,1,28.490048424431265,LOW
TASK-4786,Engineering,LOW,MEDIUM,FAIR,False,0,1,0.7,0,1,24.37169841378073,LOW
TASK-4787,Engineering,LOW,NORMAL,FAIR,False,0,3,1.1,0,0,24.851823019987517,LOW
TASK-4788,Traction,ROUTINE,MEDIUM,FAIR,False,0,1,2.5,0,1,29.434682786999637,LOW
TASK-4789,S&T,LOW,MEDIUM,FAIR,False,0,2,7.6,0,1,29.030580335042217,LOW
TASK-4790,S&T,CRITICAL,HIGH,FAILED,True,26,1,5.4,1,0,100.0,CRITICAL
TASK-4791,S&T,HIGH,IMMEDIATE,POOR,True,24,2,3.8,1,1,100.0,CRITICAL
TASK-4792,S&T,ROUTINE,NORMAL,FAIR,False,0,0,2.4,0,1,22.086996387682643,LOW
TASK-4793,Engineering,HIGH,MEDIUM,DEGRADED,False,0,0,7.7,1,0,51.45116096335169,MEDIUM
TASK-4794,Engineering,CRITICAL,HIGH,FAILED,True,9,0,6.4,1,0,100.0,CRITICAL
TASK-4795,Traction,MEDIUM,MEDIUM,DEGRADED,True,9,1,1.7,0,1,58.89092689449455,MEDIUM
TASK-4796,Engineering,HIGH,IMMEDIATE,POOR,True,7,1,3.8,1,1,99.46859375575336,CRITICAL
TASK-4797,S&T,CRITICAL,HIGH,POOR,False,0,1,5.0,1,1,85.06810463892108,CRITICAL
TASK-4798,S&T,HIGH,HIGH,DEGRADED,True,14,1,5.2,1,1,89.47956585434913,CRITICAL
TASK-4799,Traction,HIGH,IMMEDIATE,POOR,True,3,2,3.7,1,1,98.4106964951254,CRITICAL
TASK-4800,Traction,HIGH,HIGH,DEGRADED,False,0,1,3.3,1,1,66.22179242688595,HIGH
TASK-4801,Traction,MEDIUM,NORMAL,GOOD,True,7,0,3.9,0,1,40.11512475689493,LOW
TASK-4802,Engineering,CRITICAL,IMMEDIATE,FAILED,True,14,0,2.4,1,1,100.0,CRITICAL
TASK-4803,S&T,HIGH,MEDIUM,DEGRADED,False,0,6,5.0,1,1,78.14934577375537,HIGH
TASK-4804,Traction,CRITICAL,HIGH,FAILED,False,0,3,3.1,1,1,96.599985529958,CRITICAL
TASK-4805,Engineering,ROUTINE,NORMAL,GOOD,True,13,2,1.8,0,1,43.31750361276917,LOW
TASK-4806,S&T,CRITICAL,IMMEDIATE,POOR,False,0,2,6.4,1,1,100.0,CRITICAL
TASK-4807,S&T,MEDIUM,NORMAL,FAIR,False,0,0,1.0,0,0,35.15899377299701,LOW
TASK-4808,Traction,MEDIUM,MEDIUM,DEGRADED,False,0,2,3.3,0,1,39.81221952602038,LOW
TASK-4809,S&T,MEDIUM,NORMAL,GOOD,True,14,0,0.6,0,1,57.048724035990816,MEDIUM
TASK-4810,Traction,LOW,MEDIUM,GOOD,False,0,1,5.9,0,1,24.61888059647519,LOW
TASK-4811,Engineering,CRITICAL,IMMEDIATE,POOR,False,0,1,4.8,1,0,98.46829811117001,CRITICAL
TASK-4812,S&T,ROUTINE,NORMAL,FAIR,False,0,1,4.7,0,1,18.09129763887733,LOW
TASK-4813,S&T,MEDIUM,MEDIUM,DEGRADED,True,7,1,5.0,1,0,67.12440446431125,HIGH
TASK-4814,Traction,ROUTINE,NORMAL,FAIR,True,10,0,1.3,0,1,26.20148700674768,LOW
TASK-4815,S&T,HIGH,IMMEDIATE,FAILED,False,0,1,7.6,1,1,98.71492170679554,CRITICAL
TASK-4816,Traction,ROUTINE,MEDIUM,GOOD,False,0,3,4.8,0,1,27.17806151072258,LOW
TASK-4817,Traction,HIGH,HIGH,POOR,True,1,1,5.6,1,1,77.35323380892943,HIGH
TASK-4818,S&T,MEDIUM,MEDIUM,DEGRADED,True,14,2,6.6,1,1,76.02025570572653,HIGH
TASK-4819,Engineering,MEDIUM,NORMAL,FAIR,True,27,2,0.9,0,1,63.8133204895457,MEDIUM
TASK-4820,S&T,HIGH,IMMEDIATE,POOR,False,0,3,0.9,1,0,99.93243476564352,CRITICAL
TASK-4821,S&T,CRITICAL,IMMEDIATE,POOR,False,0,1,1.4,1,0,100.0,CRITICAL
TASK-4822,S&T,LOW,NORMAL,FAIR,True,2,3,5.0,0,1,27.21411232975932,LOW
TASK-4823,Traction,HIGH,IMMEDIATE,POOR,True,8,1,2.3,1,1,100.0,CRITICAL
TASK-4824,Engineering,HIGH,MEDIUM,DEGRADED,False,0,3,0.6,1,1,55.447817568094536,MEDIUM
TASK-4825,Traction,ROUTINE,NORMAL,GOOD,False,0,1,7.3,0,0,19.02254796596573,LOW
TASK-4826,S&T,LOW,NORMAL,FAIR,False,0,1,6.8,0,1,12.154922185893446,LOW
TASK-4827,S&T,MEDIUM,NORMAL,GOOD,True,8,0,7.2,0,0,38.596517904191046,LOW
TASK-4828,Traction,LOW,NORMAL,GOOD,True,8,0,3.0,0,1,30.575152456059058,LOW
TASK-4829,Engineering,LOW,NORMAL,GOOD,True,7,0,4.0,0,1,32.046251347762166,LOW
TASK-4830,S&T,MEDIUM,HIGH,DEGRADED,False,0,2,2.6,1,0,57.40672045391066,MEDIUM
TASK-4831,S&T,CRITICAL,IMMEDIATE,POOR,True,7,0,1.1,1,0,100.0,CRITICAL
TASK-4832,S&T,CRITICAL,HIGH,POOR,True,14,1,5.1,1,0,100.0,CRITICAL
TASK-4833,S&T,HIGH,MEDIUM,DEGRADED,False,0,1,5.7,1,1,72.61241705343545,HIGH
TASK-4834,S&T,CRITICAL,IMMEDIATE,POOR,True,2,1,6.9,1,1,100.0,CRITICAL
TASK-4835,Engineering,MEDIUM,HIGH,DEGRADED,False,0,2,7.5,0,1,52.447164908824284,MEDIUM
TASK-4836,Engineering,ROUTINE,MEDIUM,GOOD,True,8,0,2.2,0,0,28.79362563402156,LOW
TASK-4837,Engineering,ROUTINE,NORMAL,FAIR,True,30,0,1.3,0,1,27.529022409619785,LOW
TASK-4838,S&T,CRITICAL,HIGH,POOR,True,10,1,2.2,1,0,100.0,CRITICAL
TASK-4839,Engineering,LOW,NORMAL,FAIR,True,17,1,5.9,0,1,46.228875317921826,MEDIUM
TASK-4840,S&T,HIGH,IMMEDIATE,FAILED,False,0,2,7.9,1,0,100.0,CRITICAL
TASK-4841,Traction,LOW,MEDIUM,GOOD,True,4,2,2.4,0,1,40.0055598486809,LOW
TASK-4842,Engineering,ROUTINE,NORMAL,GOOD,True,4,0,0.9,0,0,27.75592678780389,LOW
TASK-4843,S&T,MEDIUM,MEDIUM,GOOD,True,20,3,2.5,0,1,51.99628471945261,MEDIUM
TASK-4844,Traction,HIGH,IMMEDIATE,FAILED,True,6,3,6.4,1,1,100.0,CRITICAL
TASK-4845,S&T,MEDIUM,MEDIUM,DEGRADED,False,0,3,5.7,1,1,56.12824774594549,MEDIUM
TASK-4846,Engineering,CRITICAL,HIGH,FAILED,True,14,1,4.0,1,1,100.0,CRITICAL
TASK-4847,Engineering,MEDIUM,MEDIUM,DEGRADED,False,0,2,7.0,0,1,38.98603463668991,LOW
TASK-4848,Traction,HIGH,IMMEDIATE,POOR,True,7,1,5.3,1,0,100.0,CRITICAL
TASK-4849,Traction,ROUTINE,NORMAL,GOOD,False,0,1,4.4,0,1,22.050988410035583,LOW
TASK-4850,Engineering,HIGH,HIGH,FAILED,True,20,4,4.1,1,0,100.0,CRITICAL
TASK-4851,S&T,HIGH,MEDIUM,DEGRADED,False,0,0,2.9,1,1,58.05267037301149,MEDIUM
TASK-4852,Traction,HIGH,HIGH,POOR,True,6,2,2.2,1,0,88.58719894631291,CRITICAL
TASK-4853,S&T,HIGH,HIGH,DEGRADED,False,0,0,5.8,1,0,67.86402133627499,HIGH
TASK-4854,S&T,HIGH,HIGH,FAILED,True,11,2,6.8,1,1,100.0,CRITICAL
TASK-4855,Engineering,ROUTINE,NORMAL,FAIR,True,19,0,5.7,0,1,41.49457304264276,LOW
TASK-4856,Engineering,HIGH,IMMEDIATE,POOR,False,0,1,1.0,1,1,86.2128735179512,CRITICAL
TASK-4857,Engineering,ROUTINE,MEDIUM,FAIR,False,0,4,4.0,0,1,30.94472096360763,LOW
TASK-4858,S&T,LOW,MEDIUM,FAIR,True,8,2,4.2,0,1,39.690140725718386,LOW
TASK-4859,S&T,LOW,NORMAL,FAIR,True,8,1,6.6,0,1,40.03888245887798,LOW
TASK-4860,Traction,CRITICAL,HIGH,FAILED,False,0,0,6.9,1,1,97.69019181962459,CRITICAL
TASK-4861,S&T,CRITICAL,HIGH,POOR,True,6,1,5.4,1,1,100.0,CRITICAL
TASK-4862,Traction,ROUTINE,NORMAL,GOOD,True,4,2,7.4,0,1,22.354924877926052,LOW
TASK-4863,Engineering,HIGH,HIGH,DEGRADED,True,20,1,3.4,1,0,83.48084332416892,CRITICAL
TASK-4864,S&T,CRITICAL,IMMEDIATE,FAILED,True,2,4,4.4,1,0,100.0,CRITICAL
TASK-4865,S&T,LOW,NORMAL,FAIR,False,0,1,1.0,0,1,12.16006280621305,LOW
TASK-4866,S&T,LOW,NORMAL,FAIR,False,0,3,5.6,0,1,28.08794190821395,LOW
TASK-4867,Traction,MEDIUM,NORMAL,GOOD,True,2,4,1.6,0,0,45.338834802664415,MEDIUM
TASK-4868,Engineering,MEDIUM,NORMAL,GOOD,False,0,2,2.3,0,1,35.02997151833314,LOW
TASK-4869,S&T,ROUTINE,MEDIUM,FAIR,True,21,2,2.5,0,0,42.59190878947162,LOW
TASK-4870,S&T,CRITICAL,HIGH,FAILED,False,0,3,3.9,1,1,100.0,CRITICAL
TASK-4871,S&T,MEDIUM,NORMAL,GOOD,False,0,1,7.5,0,1,30.53841427115456,LOW
TASK-4872,Engineering,MEDIUM,MEDIUM,DEGRADED,False,0,1,3.7,0,1,36.46235096095957,LOW
TASK-4873,Engineering,CRITICAL,HIGH,POOR,True,7,0,4.3,1,1,100.0,CRITICAL
TASK-4874,Traction,MEDIUM,HIGH,DEGRADED,False,0,0,0.9,0,0,52.37566828516461,MEDIUM
TASK-4875,S&T,MEDIUM,MEDIUM,DEGRADED,True,11,0,1.2,1,1,71.05350485512315,HIGH
TASK-4876,Traction,HIGH,HIGH,POOR,False,0,3,6.0,1,1,93.0603471540464,CRITICAL
TASK-4877,S&T,ROUTINE,NORMAL,FAIR,True,6,3,2.7,0,1,40.60743516290561,LOW
TASK-4878,S&T,LOW,NORMAL,FAIR,True,17,1,5.0,0,0,43.25989405453022,LOW
TASK-4879,Traction,CRITICAL,HIGH,FAILED,True,9,0,4.2,1,0,100.0,CRITICAL
TASK-4880,S&T,ROUTINE,NORMAL,GOOD,False,0,1,5.6,0,1,17.756180628147458,LOW
TASK-4881,Traction,MEDIUM,NORMAL,FAIR,False,0,1,7.7,0,1,34.12704314709293,LOW
TASK-4882,Engineering,ROUTINE,NORMAL,GOOD,False,0,2,0.9,0,1,25.483698815667395,LOW
TASK-4883,Engineering,HIGH,HIGH,FAILED,False,0,1,2.5,1,1,92.98834374938723,CRITICAL
TASK-4884,Engineering,HIGH,IMMEDIATE,FAILED,False,0,0,1.3,1,0,97.69556032626015,CRITICAL
TASK-4885,Engineering,HIGH,HIGH,FAILED,False,0,1,5.7,1,1,95.92514895806721,CRITICAL
TASK-4886,S&T,HIGH,HIGH,POOR,True,18,3,3.4,1,1,100.0,CRITICAL
TASK-4887,Engineering,MEDIUM,MEDIUM,DEGRADED,False,0,1,4.2,0,1,39.467942429370964,LOW
TASK-4888,Engineering,MEDIUM,NORMAL,FAIR,False,0,3,3.1,0,1,39.71682615252966,LOW
TASK-4889,S&T,CRITICAL,HIGH,FAILED,True,16,2,2.7,1,0,100.0,CRITICAL
TASK-4890,Engineering,ROUTINE,NORMAL,GOOD,False,0,0,1.9,0,1,14.376361802900295,LOW
TASK-4891,Traction,CRITICAL,IMMEDIATE,FAILED,False,0,1,4.1,1,1,98.17084251912704,CRITICAL
TASK-4892,S&T,ROUTINE,MEDIUM,FAIR,False,0,2,1.8,0,1,33.676307824877156,LOW
TASK-4893,Traction,LOW,NORMAL,GOOD,False,0,0,1.7,0,1,14.44056701763062,LOW
TASK-4894,S&T,CRITICAL,HIGH,POOR,True,2,0,1.6,1,1,89.49885581728019,CRITICAL
TASK-4895,Engineering,CRITICAL,IMMEDIATE,POOR,True,5,1,3.7,1,1,100.0,CRITICAL
TASK-4896,Engineering,MEDIUM,NORMAL,FAIR,True,3,0,7.8,0,1,31.941019931740097,LOW
TASK-4897,Engineering,ROUTINE,NORMAL,FAIR,True,14,5,5.6,0,0,45.494313046341915,MEDIUM
TASK-4898,Engineering,HIGH,IMMEDIATE,FAILED,True,2,1,3.1,1,1,99.36205247300146,CRITICAL
TASK-4899,S&T,HIGH,IMMEDIATE,FAILED,False,0,2,0.5,1,0,96.32578572737644,CRITICAL
TASK-4900,Engineering,HIGH,IMMEDIATE,POOR,True,10,3,1.3,1,1,100.0,CRITICAL
TASK-4901,Engineering,CRITICAL,IMMEDIATE,FAILED,True,23,2,5.6,1,1,100.0,CRITICAL
TASK-4902,S&T,MEDIUM,NORMAL,FAIR,False,0,0,4.4,0,0,36.632202826084495,LOW
TASK-4903,Engineering,MEDIUM,NORMAL,FAIR,True,18,1,6.3,0,1,51.958419184898055,MEDIUM
TASK-4904,Engineering,HIGH,MEDIUM,DEGRADED,False,0,1,6.5,1,1,65.0189453536588,HIGH
TASK-4905,S&T,CRITICAL,HIGH,POOR,True,3,2,4.2,1,1,100.0,CRITICAL
TASK-4906,S&T,HIGH,IMMEDIATE,FAILED,False,0,1,2.4,1,0,94.41716208655632,CRITICAL
TASK-4907,S&T,MEDIUM,MEDIUM,DEGRADED,False,0,0,3.2,1,1,47.409173550860494,MEDIUM
TASK-4908,Engineering,HIGH,MEDIUM,DEGRADED,False,0,2,2.8,1,0,62.509779129017566,MEDIUM
TASK-4909,S&T,HIGH,IMMEDIATE,FAILED,False,0,2,6.3,1,1,100.0,CRITICAL
TASK-4910,Traction,CRITICAL,HIGH,POOR,False,0,4,1.3,1,1,100.0,CRITICAL
TASK-4911,Traction,CRITICAL,IMMEDIATE,FAILED,True,19,0,6.0,1,1,100.0,CRITICAL
TASK-4912,Engineering,LOW,NORMAL,FAIR,True,7,4,7.8,0,0,38.1671327533482,LOW
TASK-4913,Engineering,LOW,NORMAL,FAIR,True,9,1,3.2,0,0,28.931403276034196,LOW
TASK-4914,Engineering,MEDIUM,NORMAL,FAIR,False,0,1,4.8,0,1,26.192205908508324,LOW
TASK-4915,Traction,HIGH,HIGH,POOR,False,0,2,3.2,1,1,76.461595809219,HIGH
TASK-4916,Traction,ROUTINE,NORMAL,GOOD,False,0,1,2.0,0,1,21.886071825811115,LOW
TASK-4917,S&T,LOW,NORMAL,GOOD,True,23,0,7.7,0,1,37.06735278795215,LOW
TASK-4918,Traction,CRITICAL,IMMEDIATE,FAILED,False,0,0,7.2,1,1,100.0,CRITICAL
TASK-4919,S&T,CRITICAL,HIGH,FAILED,False,0,1,1.8,1,1,94.58267118041162,CRITICAL
TASK-4920,Traction,MEDIUM,MEDIUM,DEGRADED,True,12,3,7.2,0,1,48.616919939007076,MEDIUM
TASK-4921,S&T,HIGH,HIGH,FAILED,False,0,2,3.6,1,0,96.86695314998202,CRITICAL
TASK-4922,S&T,MEDIUM,MEDIUM,DEGRADED,False,0,2,1.9,1,1,50.81913003382725,MEDIUM
TASK-4923,Traction,CRITICAL,IMMEDIATE,FAILED,True,8,2,5.8,1,1,100.0,CRITICAL
TASK-4924,Traction,LOW,NORMAL,GOOD,False,0,5,3.8,0,1,29.37654304383991,LOW
TASK-4925,S&T,CRITICAL,IMMEDIATE,FAILED,False,0,2,7.8,1,0,100.0,CRITICAL
TASK-4926,S&T,MEDIUM,HIGH,DEGRADED,False,0,1,1.3,1,1,54.957754296989776,MEDIUM
TASK-4927,Engineering,HIGH,HIGH,POOR,False,0,0,7.5,1,1,78.3691729595871,HIGH
TASK-4928,Engineering,HIGH,HIGH,POOR,True,10,4,5.6,1,0,95.35187909046174,CRITICAL
TASK-4929,Traction,MEDIUM,MEDIUM,DEGRADED,True,6,0,5.2,0,1,40.21669854282472,LOW
TASK-4930,Traction,ROUTINE,NORMAL,FAIR,False,0,4,2.8,0,1,21.432483033651216,LOW
TASK-4931,S&T,LOW,NORMAL,GOOD,False,0,0,6.5,0,0,19.81834530185096,LOW
TASK-4932,Engineering,HIGH,HIGH,POOR,False,0,3,0.8,1,1,84.55371453053186,CRITICAL
TASK-4933,S&T,CRITICAL,IMMEDIATE,FAILED,False,0,4,1.4,1,1,100.0,CRITICAL
TASK-4934,S&T,MEDIUM,MEDIUM,DEGRADED,False,0,0,0.5,1,1,56.435905233530455,MEDIUM
TASK-4935,S&T,ROUTINE,NORMAL,GOOD,True,6,1,0.9,0,0,29.04708843675715,LOW
TASK-4936,Engineering,HIGH,MEDIUM,DEGRADED,False,0,1,7.1,1,1,60.62654596291335,MEDIUM
TASK-4937,Traction,HIGH,HIGH,FAILED,False,0,2,1.7,1,1,88.49632868534984,CRITICAL
TASK-4938,Engineering,MEDIUM,MEDIUM,DEGRADED,True,10,0,1.6,0,1,48.470902683368514,MEDIUM
TASK-4939,Traction,ROUTINE,NORMAL,FAIR,False,0,0,3.7,0,0,16.483965599359006,LOW
TASK-4940,Engineering,MEDIUM,HIGH,DEGRADED,True,6,2,2.1,0,0,54.98470085301021,MEDIUM
TASK-4941,S&T,HIGH,MEDIUM,DEGRADED,True,27,5,2.4,1,0,98.94942157775426,CRITICAL
TASK-4942,Traction,CRITICAL,HIGH,POOR,False,0,1,3.7,1,1,85.09859136810474,CRITICAL
TASK-4943,Engineering,MEDIUM,MEDIUM,DEGRADED,False,0,2,7.4,0,0,33.56855413198224,LOW
TASK-4944,Traction,HIGH,MEDIUM,DEGRADED,True,12,3,1.8,1,1,82.1424538724908,CRITICAL
TASK-4945,S&T,MEDIUM,MEDIUM,DEGRADED,True,12,0,6.5,1,1,71.41809875525267,HIGH
TASK-4946,Engineering,ROUTINE,MEDIUM,FAIR,False,0,0,2.4,0,1,26.407873580662994,LOW
TASK-4947,S&T,CRITICAL,IMMEDIATE,FAILED,True,13,0,2.0,1,1,100.0,CRITICAL
TASK-4948,S&T,MEDIUM,NORMAL,GOOD,True,7,1,2.7,0,0,38.661361430934015,LOW
TASK-4949,Traction,HIGH,IMMEDIATE,POOR,False,0,0,4.6,1,1,95.3517591768188,CRITICAL
TASK-4950,S&T,CRITICAL,HIGH,POOR,False,0,2,1.2,1,1,88.02091781547965,CRITICAL
TASK-4951,Traction,HIGH,IMMEDIATE,POOR,True,15,0,5.7,1,0,100.0,CRITICAL
TASK-4952,Traction,HIGH,MEDIUM,DEGRADED,True,4,1,4.0,1,1,68.42310024196775,HIGH
TASK-4953,S&T,CRITICAL,HIGH,POOR,True,13,2,3.7,1,1,100.0,CRITICAL
TASK-4954,S&T,CRITICAL,HIGH,POOR,True,13,3,0.7,1,1,100.0,CRITICAL
TASK-4955,Traction,LOW,NORMAL,GOOD,True,24,1,7.7,0,1,36.8969901360934,LOW
TASK-4956,S&T,ROUTINE,NORMAL,GOOD,False,0,3,6.2,0,1,27.14238512545934,LOW
TASK-4957,Traction,HIGH,MEDIUM,DEGRADED,True,11,0,6.4,1,1,75.70892594591146,HIGH
TASK-4958,Traction,CRITICAL,HIGH,FAILED,False,0,1,3.3,1,1,94.2045271394753,CRITICAL
TASK-4959,Traction,CRITICAL,HIGH,FAILED,False,0,2,7.2,1,0,100.0,CRITICAL
TASK-4960,S&T,MEDIUM,NORMAL,GOOD,True,4,0,6.2,0,0,32.86296180838321,LOW
TASK-4961,S&T,LOW,NORMAL,FAIR,False,0,1,3.5,0,1,22.921833319045536,LOW
TASK-4962,Engineering,HIGH,IMMEDIATE,POOR,True,9,3,6.6,1,0,100.0,CRITICAL
TASK-4963,Traction,CRITICAL,IMMEDIATE,POOR,True,4,2,6.8,1,1,100.0,CRITICAL
TASK-4964,Engineering,ROUTINE,NORMAL,GOOD,True,7,2,2.5,0,1,32.93930140946621,LOW
TASK-4965,Traction,ROUTINE,NORMAL,GOOD,False,0,1,3.0,0,1,20.887346735591066,LOW
TASK-4966,Engineering,MEDIUM,MEDIUM,DEGRADED,True,1,3,4.7,0,0,38.45805581385366,LOW
TASK-4967,Traction,HIGH,MEDIUM,DEGRADED,True,6,5,7.0,1,1,78.77506208237905,HIGH
TASK-4968,Engineering,HIGH,IMMEDIATE,FAILED,False,0,1,5.6,1,1,95.32726985538189,CRITICAL
TASK-4969,Traction,LOW,NORMAL,GOOD,False,0,2,5.8,0,1,18.861408219749507,LOW
TASK-4970,Traction,MEDIUM,NORMAL,FAIR,True,7,2,4.7,0,1,47.866611377653946,MEDIUM
TASK-4971,S&T,MEDIUM,MEDIUM,FAIR,True,16,0,2.2,0,0,54.28794819920318,MEDIUM
TASK-4972,Traction,LOW,NORMAL,FAIR,False,0,0,2.8,0,1,14.002086422867592,LOW
TASK-4973,S&T,MEDIUM,NORMAL,GOOD,True,15,4,6.5,0,1,60.68853325256208,MEDIUM
TASK-4974,Traction,LOW,NORMAL,FAIR,False,0,3,1.4,0,0,16.60432912834095,LOW
TASK-4975,Engineering,ROUTINE,NORMAL,FAIR,True,10,2,5.0,0,1,35.92509123294684,LOW
TASK-4976,Engineering,CRITICAL,IMMEDIATE,FAILED,True,2,1,1.2,1,1,100.0,CRITICAL
TASK-4977,Engineering,ROUTINE,MEDIUM,GOOD,True,10,4,4.1,0,1,45.574278672859286,MEDIUM
TASK-4978,Traction,HIGH,HIGH,POOR,False,0,0,3.4,1,0,88.0371627547265,CRITICAL
TASK-4979,Engineering,HIGH,MEDIUM,DEGRADED,True,13,3,3.5,1,1,84.5079850680773,CRITICAL
TASK-4980,Engineering,LOW,NORMAL,FAIR,False,0,1,6.8,0,0,25.90755862811212,LOW
TASK-4981,Traction,MEDIUM,HIGH,DEGRADED,True,30,0,6.7,0,0,62.58008304068365,MEDIUM
TASK-4982,Traction,CRITICAL,IMMEDIATE,POOR,False,0,1,6.9,1,0,100.0,CRITICAL
TASK-4983,Traction,LOW,MEDIUM,GOOD,False,0,2,3.7,0,1,19.778916480663803,LOW
TASK-4984,Traction,MEDIUM,MEDIUM,GOOD,False,0,1,1.9,0,1,44.496438792378434,LOW
TASK-4985,Traction,LOW,MEDIUM,FAIR,True,24,4,1.8,0,0,49.85425372486019,MEDIUM
TASK-4986,Traction,HIGH,HIGH,FAILED,True,3,2,2.0,1,0,87.65504320915649,CRITICAL
TASK-4987,S&T,MEDIUM,MEDIUM,DEGRADED,False,0,2,2.7,1,1,53.52554347654455,MEDIUM
TASK-4988,Engineering,CRITICAL,HIGH,FAILED,False,0,2,4.2,1,1,93.97940839743782,CRITICAL
TASK-4989,Traction,MEDIUM,MEDIUM,DEGRADED,False,0,0,3.4,0,1,37.32805172014201,LOW
TASK-4990,Traction,ROUTINE,NORMAL,GOOD,False,0,1,4.0,0,0,20.130616669783713,LOW
TASK-4991,S&T,LOW,NORMAL,FAIR,False,0,2,0.7,0,1,25.153842693323035,LOW
TASK-4992,S&T,MEDIUM,NORMAL,GOOD,True,10,0,4.7,0,1,41.60689691231559,LOW
TASK-4993,Engineering,CRITICAL,IMMEDIATE,FAILED,True,7,1,2.8,1,1,100.0,CRITICAL
TASK-4994,Traction,CRITICAL,HIGH,FAILED,False,0,3,3.8,1,1,100.0,CRITICAL
TASK-4995,S&T,ROUTINE,MEDIUM,FAIR,False,0,0,4.0,0,0,22.833388903216832,LOW
TASK-4996,Traction,CRITICAL,HIGH,POOR,False,0,1,2.6,1,1,97.43659189329314,CRITICAL
TASK-4997,Engineering,HIGH,MEDIUM,DEGRADED,True,7,1,4.3,1,1,67.70291610556401,HIGH
TASK-4998,Traction,ROUTINE,NORMAL,FAIR,False,0,2,3.1,0,1,22.73790139129814,LOW
TASK-4999,Traction,CRITICAL,HIGH,FAILED,True,13,3,3.4,1,0,100.0,CRITICAL
TASK-5000,Engineering,MEDIUM,MEDIUM,FAIR,False,0,2,5.4,0,1,37.00722389174368,LOW
TASK-5001,S&T,CRITICAL,HIGH,FAILED,True,6,0,3.0,1,1,100.0,CRITICAL
TASK-5002,Traction,LOW,NORMAL,FAIR,True,8,2,2.6,0,1,29.101588704369128,LOW
TASK-5003,Traction,MEDIUM,MEDIUM,DEGRADED,True,21,0,7.4,0,0,49.451509990755085,MEDIUM
TASK-5004,Engineering,HIGH,HIGH,POOR,True,7,3,3.3,1,1,90.03789827818895,CRITICAL
TASK-5005,S&T,HIGH,IMMEDIATE,FAILED,True,3,0,5.4,1,1,100.0,CRITICAL
TASK-5006,Traction,HIGH,IMMEDIATE,FAILED,True,22,0,6.3,1,1,100.0,CRITICAL
TASK-5007,Traction,HIGH,MEDIUM,DEGRADED,True,19,1,1.5,1,0,75.03097777050175,HIGH
TASK-5008,S&T,CRITICAL,HIGH,FAILED,True,5,2,7.7,1,1,100.0,CRITICAL
TASK-5009,S&T,CRITICAL,IMMEDIATE,FAILED,False,0,0,5.1,1,1,100.0,CRITICAL
TASK-5010,S&T,LOW,NORMAL,GOOD,False,0,2,0.8,0,0,21.66822210857166,LOW
TASK-5011,Traction,ROUTINE,NORMAL,FAIR,False,0,4,2.2,0,0,37.04428265861404,LOW
TASK-5012,Traction,LOW,NORMAL,GOOD,False,0,1,4.2,0,0,21.011795055307225,LOW
TASK-5013,Traction,CRITICAL,IMMEDIATE,POOR,True,10,3,2.9,1,1,100.0,CRITICAL
TASK-5014,Engineering,MEDIUM,MEDIUM,FAIR,False,0,2,1.3,0,1,36.95695893057992,LOW
TASK-5015,Engineering,HIGH,IMMEDIATE,POOR,False,0,2,6.2,1,1,88.447143924131,CRITICAL
TASK-5016,S&T,LOW,MEDIUM,GOOD,True,2,6,1.0,0,1,43.43296354686424,LOW
TASK-5017,S&T,LOW,NORMAL,GOOD,True,19,1,0.8,0,0,36.50943438894588,LOW
TASK-5018,Traction,LOW,NORMAL,GOOD,True,23,1,3.8,0,0,42.22733263116597,LOW
TASK-5019,S&T,CRITICAL,IMMEDIATE,FAILED,False,0,3,5.2,1,0,100.0,CRITICAL
TASK-5020,Engineering,ROUTINE,NORMAL,FAIR,True,40,0,2.9,0,1,39.01899169960459,LOW
TASK-5021,Traction,CRITICAL,IMMEDIATE,POOR,False,0,1,3.3,1,1,100.0,CRITICAL
TASK-5022,Traction,HIGH,IMMEDIATE,FAILED,True,28,2,4.7,1,1,100.0,CRITICAL
TASK-5023,Engineering,MEDIUM,MEDIUM,DEGRADED,True,19,2,4.2,0,1,58.0777516332345,MEDIUM
TASK-5024,Traction,MEDIUM,MEDIUM,DEGRADED,False,0,1,2.2,0,0,29.47643363486803,LOW
TASK-5025,Traction,LOW,MEDIUM,FAIR,True,24,4,3.8,0,1,57.276756035005434,MEDIUM
TASK-5026,Traction,MEDIUM,NORMAL,FAIR,True,20,1,1.1,0,1,53.829152785329384,MEDIUM
TASK-5027,Engineering,ROUTINE,NORMAL,GOOD,True,3,2,2.0,0,1,29.911768516340544,LOW
TASK-5028,Engineering,LOW,NORMAL,GOOD,False,0,1,3.2,0,1,18.06388935179796,LOW
TASK-5029,S&T,CRITICAL,HIGH,FAILED,True,17,1,4.6,1,0,100.0,CRITICAL
TASK-5030,Engineering,MEDIUM,MEDIUM,DEGRADED,True,8,2,1.9,0,0,56.63079019822241,MEDIUM
TASK-5031,Traction,HIGH,IMMEDIATE,FAILED,True,6,0,4.2,1,1,100.0,CRITICAL
TASK-5032,Engineering,HIGH,HIGH,FAILED,False,0,2,6.7,1,0,75.69738502303365,HIGH
TASK-5033,Traction,MEDIUM,MEDIUM,DEGRADED,True,15,1,3.2,0,1,52.32629397379099,MEDIUM
TASK-5034,Traction,ROUTINE,NORMAL,FAIR,True,2,0,6.5,0,1,32.27989460903208,LOW
TASK-5035,S&T,HIGH,IMMEDIATE,POOR,True,7,0,5.2,1,0,100.0,CRITICAL
TASK-5036,Engineering,CRITICAL,IMMEDIATE,FAILED,False,0,0,1.1,1,1,100.0,CRITICAL
TASK-5037,Traction,MEDIUM,MEDIUM,DEGRADED,False,0,0,1.3,0,0,45.448574815629804,MEDIUM
TASK-5038,S&T,LOW,NORMAL,FAIR,False,0,0,0.9,0,1,23.9171559332194,LOW
TASK-5039,Traction,MEDIUM,MEDIUM,DEGRADED,False,0,2,0.7,0,1,38.69629671556449,LOW
TASK-5040,S&T,HIGH,HIGH,DEGRADED,False,0,1,3.4,1,1,81.2169358203593,CRITICAL
TASK-5041,S&T,LOW,NORMAL,GOOD,True,3,1,7.0,0,1,31.746572573129175,LOW
TASK-5042,Engineering,HIGH,MEDIUM,DEGRADED,True,2,2,1.1,1,0,66.91886895647852,HIGH
TASK-5043,Traction,MEDIUM,MEDIUM,FAIR,False,0,0,6.9,0,0,36.47349180412814,LOW
TASK-5044,Traction,CRITICAL,HIGH,FAILED,True,6,0,2.8,1,1,100.0,CRITICAL
TASK-5045,Traction,ROUTINE,MEDIUM,GOOD,False,0,0,4.6,0,1,18.89356497167261,LOW
TASK-5046,Engineering,CRITICAL,HIGH,FAILED,True,4,3,4.0,1,1,100.0,CRITICAL
TASK-5047,S&T,ROUTINE,NORMAL,GOOD,False,0,1,0.7,0,1,21.45240782016182,LOW
TASK-5048,S&T,HIGH,MEDIUM,DEGRADED,False,0,2,2.0,1,1,56.76266791363025,MEDIUM
TASK-5049,Engineering,ROUTINE,MEDIUM,FAIR,False,0,3,2.0,0,1,26.166549455374867,LOW
TASK-5050,Traction,MEDIUM,HIGH,DEGRADED,False,0,3,7.4,0,1,48.05122260101092,MEDIUM
TASK-5051,Traction,MEDIUM,NORMAL,GOOD,False,0,3,2.3,0,1,35.08856646785263,LOW
TASK-5052,Engineering,CRITICAL,HIGH,FAILED,False,0,0,7.3,1,1,97.56954532507115,CRITICAL
TASK-5053,Traction,MEDIUM,NORMAL,GOOD,False,0,2,3.1,0,0,30.88499342053488,LOW
TASK-5054,Engineering,CRITICAL,IMMEDIATE,POOR,False,0,2,5.0,1,1,100.0,CRITICAL
TASK-5055,Traction,ROUTINE,NORMAL,GOOD,True,9,3,7.2,0,0,52.95897336907245,MEDIUM
TASK-5056,S&T,LOW,NORMAL,FAIR,True,29,1,2.5,0,1,43.10821046486442,LOW
TASK-5057,Engineering,ROUTINE,NORMAL,GOOD,False,0,1,0.8,0,1,16.002229478462848,LOW
TASK-5058,Traction,LOW,NORMAL,FAIR,False,0,1,5.4,0,1,27.683029432665833,LOW
TASK-5059,S&T,CRITICAL,IMMEDIATE,POOR,False,0,1,2.8,1,1,100.0,CRITICAL
TASK-5060,Engineering,LOW,NORMAL,GOOD,True,17,0,7.5,0,1,38.08315587885968,LOW
TASK-5061,Engineering,MEDIUM,NORMAL,FAIR,True,11,0,4.5,0,0,49.22588087815466,MEDIUM
TASK-5062,S&T,LOW,NORMAL,GOOD,False,0,2,4.6,0,1,21.869140462171572,LOW
TASK-5063,Engineering,CRITICAL,IMMEDIATE,POOR,False,0,0,6.2,1,1,100.0,CRITICAL
TASK-5064,Traction,ROUTINE,NORMAL,FAIR,False,0,2,3.7,0,1,33.625644417667964,LOW
TASK-5065,S&T,CRITICAL,IMMEDIATE,FAILED,False,0,1,1.5,1,0,100.0,CRITICAL
TASK-5066,S&T,ROUTINE,NORMAL,GOOD,False,0,1,7.2,0,1,21.18979770468851,LOW
TASK-5067,S&T,MEDIUM,MEDIUM,DEGRADED,True,2,1,2.0,1,1,52.05493480342618,MEDIUM
TASK-5068,S&T,LOW,NORMAL,GOOD,False,0,3,2.3,0,1,23.580603996463186,LOW
TASK-5069,Engineering,HIGH,HIGH,FAILED,False,0,1,0.6,1,1,90.21819853766557,CRITICAL
TASK-5070,S&T,CRITICAL,HIGH,FAILED,False,0,3,4.8,1,1,100.0,CRITICAL
TASK-5071,Engineering,MEDIUM,NORMAL,FAIR,True,2,2,6.6,0,1,40.37249599217285,LOW
TASK-5072,Engineering,ROUTINE,NORMAL,GOOD,False,0,6,1.5,0,1,28.5508005366135,LOW
TASK-5073,Engineering,HIGH,HIGH,DEGRADED,True,1,2,0.8,1,1,79.33612731824792,HIGH
TASK-5074,S&T,HIGH,IMMEDIATE,FAILED,True,12,1,5.4,1,1,100.0,CRITICAL
TASK-5075,Engineering,HIGH,MEDIUM,DEGRADED,True,3,3,1.5,1,0,73.41875071831505,HIGH
TASK-5076,S&T,HIGH,HIGH,POOR,False,0,0,5.4,1,0,72.7619665386243,HIGH
TASK-5077,Traction,ROUTINE,NORMAL,GOOD,False,0,0,1.1,0,1,14.678346436981318,LOW
TASK-5078,Traction,LOW,MEDIUM,FAIR,False,0,0,4.2,0,0,29.251165259185097,LOW
TASK-5079,Traction,HIGH,MEDIUM,DEGRADED,False,0,3,7.2,1,0,65.64456933607343,HIGH
TASK-5080,Engineering,CRITICAL,IMMEDIATE,POOR,True,1,1,5.8,1,1,91.873837380261,CRITICAL
TASK-5081,S&T,HIGH,IMMEDIATE,FAILED,True,12,3,2.7,1,1,100.0,CRITICAL
TASK-5082,Traction,ROUTINE,NORMAL,FAIR,False,0,5,4.5,0,1,24.128440817523373,LOW
TASK-5083,S&T,HIGH,MEDIUM,DEGRADED,False,0,1,5.7,1,1,62.08263207067276,MEDIUM
TASK-5084,Traction,MEDIUM,NORMAL,GOOD,True,1,1,0.9,0,1,36.788804542723334,LOW
TASK-5085,S&T,CRITICAL,HIGH,FAILED,False,0,0,4.1,1,0,91.33681908976193,CRITICAL
TASK-5086,Engineering,LOW,NORMAL,FAIR,True,12,1,7.3,0,1,41.994685970837246,LOW
TASK-5087,Traction,ROUTINE,NORMAL,FAIR,True,7,1,2.8,0,1,31.47019718755417,LOW
TASK-5088,Traction,ROUTINE,MEDIUM,FAIR,True,17,1,1.4,0,1,38.57025399465375,LOW
TASK-5089,Traction,ROUTINE,NORMAL,FAIR,True,22,3,0.8,0,0,41.592363456239106,LOW
TASK-5090,Engineering,HIGH,HIGH,POOR,True,2,1,5.4,1,1,83.44147892896127,CRITICAL
TASK-5091,S&T,LOW,NORMAL,GOOD,False,0,2,0.7,0,1,21.72349794985,LOW
TASK-5092,Engineering,HIGH,MEDIUM,DEGRADED,True,25,3,2.6,1,1,83.6078680005265,CRITICAL
TASK-5093,S&T,HIGH,MEDIUM,DEGRADED,True,23,2,6.7,1,1,91.56024307644654,CRITICAL
TASK-5094,Engineering,LOW,NORMAL,GOOD,True,19,1,2.6,0,1,40.81707957998075,LOW
TASK-5095,Traction,CRITICAL,IMMEDIATE,POOR,False,0,4,4.2,1,1,100.0,CRITICAL
TASK-5096,S&T,CRITICAL,IMMEDIATE,POOR,True,3,1,3.8,1,0,100.0,CRITICAL
TASK-5097,Engineering,LOW,NORMAL,FAIR,True,2,2,3.3,0,0,26.423071291689176,LOW
TASK-5098,Traction,CRITICAL,HIGH,POOR,True,18,2,4.5,1,0,100.0,CRITICAL
TASK-5099,Traction,MEDIUM,HIGH,DEGRADED,False,0,0,0.7,0,1,43.41968514181276,LOW
TASK-5100,S&T,ROUTINE,NORMAL,GOOD,False,0,1,7.3,0,1,25.17565519490116,LOW
TASK-5101,S&T,MEDIUM,MEDIUM,DEGRADED,False,0,1,6.6,1,0,53.02564650367702,MEDIUM
TASK-5102,Traction,LOW,MEDIUM,FAIR,True,32,2,6.2,0,0,44.971070515130535,LOW
TASK-5103,S&T,HIGH,HIGH,FAILED,False,0,1,3.8,1,0,91.4974998123858,CRITICAL
TASK-5104,S&T,LOW,NORMAL,GOOD,False,0,1,6.6,0,1,19.669347417833492,LOW
TASK-5105,Traction,CRITICAL,IMMEDIATE,POOR,True,1,1,7.6,1,1,100.0,CRITICAL
TASK-5106,Traction,MEDIUM,HIGH,DEGRADED,True,3,4,6.9,0,1,55.28375935494876,MEDIUM
TASK-5107,Traction,HIGH,IMMEDIATE,POOR,False,0,3,3.7,1,0,91.48739580493029,CRITICAL
TASK-5108,Traction,HIGH,HIGH,FAILED,False,0,3,6.3,1,1,97.50812819065195,CRITICAL
TASK-5109,S&T,LOW,NORMAL,FAIR,False,0,0,7.7,0,1,14.156856585714902,LOW
TASK-5110,S&T,ROUTINE,NORMAL,FAIR,False,0,0,1.5,0,0,12.99552520411613,LOW
TASK-5111,Engineering,HIGH,HIGH,DEGRADED,True,33,2,6.5,1,1,96.97369435296554,CRITICAL
TASK-5112,S&T,ROUTINE,NORMAL,GOOD,False,0,1,8.0,0,0,24.064530452352138,LOW
TASK-5113,Traction,MEDIUM,MEDIUM,DEGRADED,True,4,2,3.0,0,1,45.40723617231418,MEDIUM
TASK-5114,S&T,ROUTINE,MEDIUM,GOOD,False,0,2,5.1,0,0,29.736526069842228,LOW
TASK-5115,S&T,MEDIUM,MEDIUM,DEGRADED,True,2,2,5.4,1,1,55.77025107727197,MEDIUM
TASK-5116,Traction,HIGH,IMMEDIATE,FAILED,True,2,2,0.6,1,1,100.0,CRITICAL
TASK-5117,S&T,HIGH,HIGH,FAILED,True,25,3,5.5,1,1,100.0,CRITICAL
TASK-5118,S&T,LOW,NORMAL,FAIR,False,0,1,3.8,0,0,23.856534592838653,LOW
TASK-5119,Engineering,HIGH,IMMEDIATE,POOR,False,0,1,0.6,1,1,94.88125696011058,CRITICAL
TASK-5120,Engineering,HIGH,MEDIUM,DEGRADED,True,47,2,4.1,1,0,79.50574267502759,HIGH
TASK-5121,Traction,MEDIUM,MEDIUM,FAIR,True,7,0,3.6,0,1,58.21448222871818,MEDIUM
TASK-5122,Traction,ROUTINE,NORMAL,GOOD,False,0,1,2.6,0,1,19.557967834264296,LOW
TASK-5123,Traction,CRITICAL,IMMEDIATE,FAILED,False,0,0,2.9,1,1,98.06702496721417,CRITICAL
TASK-5124,Engineering,HIGH,IMMEDIATE,POOR,True,8,1,1.8,1,1,100.0,CRITICAL
TASK-5125,S&T,HIGH,MEDIUM,DEGRADED,True,6,3,7.0,1,1,72.85033992909668,HIGH
TASK-5126,Engineering,LOW,NORMAL,FAIR,False,0,2,5.2,0,1,23.37855770258502,LOW
TASK-5127,Engineering,HIGH,HIGH,FAILED,True,26,2,5.4,1,0,100.0,CRITICAL
TASK-5128,Engineering,ROUTINE,NORMAL,GOOD,True,11,1,5.4,0,1,37.450232160947856,LOW
TASK-5129,Engineering,HIGH,IMMEDIATE,FAILED,True,19,0,7.0,1,0,100.0,CRITICAL
TASK-5130,Traction,MEDIUM,MEDIUM,DEGRADED,True,7,2,0.8,0,0,49.11629134593634,MEDIUM
TASK-5131,Traction,ROUTINE,NORMAL,FAIR,False,0,3,1.0,0,1,30.706248171258984,LOW
TASK-5132,Traction,MEDIUM,HIGH,DEGRADED,True,9,1,7.8,0,1,56.440133536358445,MEDIUM
TASK-5133,Engineering,HIGH,MEDIUM,DEGRADED,False,0,0,4.6,1,1,57.03842730941758,MEDIUM
TASK-5134,Engineering,CRITICAL,IMMEDIATE,FAILED,True,4,2,2.3,1,1,100.0,CRITICAL
TASK-5135,Engineering,MEDIUM,NORMAL,GOOD,True,5,0,4.3,0,0,41.15978138745021,LOW
TASK-5136,Engineering,HIGH,IMMEDIATE,FAILED,True,8,2,1.1,1,0,100.0,CRITICAL
TASK-5137,Engineering,MEDIUM,HIGH,DEGRADED,False,0,0,4.8,0,0,42.68186080012105,LOW
TASK-5138,Traction,CRITICAL,IMMEDIATE,POOR,True,9,2,1.0,1,1,100.0,CRITICAL
TASK-5139,S&T,MEDIUM,HIGH,DEGRADED,False,0,1,1.6,1,0,64.78461508254183,MEDIUM
TASK-5140,S&T,CRITICAL,IMMEDIATE,FAILED,True,25,0,6.4,1,0,100.0,CRITICAL
TASK-5141,S&T,CRITICAL,IMMEDIATE,POOR,False,0,2,7.2,1,1,100.0,CRITICAL
TASK-5142,S&T,CRITICAL,HIGH,POOR,True,12,1,7.6,1,0,100.0,CRITICAL
TASK-5143,S&T,CRITICAL,HIGH,FAILED,False,0,1,0.7,1,1,92.95809926634121,CRITICAL
TASK-5144,S&T,ROUTINE,NORMAL,GOOD,True,7,1,2.7,0,1,26.113711657800337,LOW
TASK-5145,Engineering,CRITICAL,HIGH,FAILED,True,22,0,0.7,1,1,100.0,CRITICAL
TASK-5146,Traction,MEDIUM,NORMAL,FAIR,True,2,0,6.6,0,0,35.40384264915851,LOW
TASK-5147,Traction,CRITICAL,IMMEDIATE,FAILED,True,4,2,6.4,1,0,100.0,CRITICAL
TASK-5148,Traction,HIGH,HIGH,DEGRADED,True,14,0,7.5,1,0,87.33481856726019,CRITICAL
TASK-5149,S&T,HIGH,HIGH,FAILED,True,3,1,0.7,1,1,97.01616193060775,CRITICAL
TASK-5150,Traction,ROUTINE,NORMAL,FAIR,True,14,1,3.4,0,1,46.96389650046135,MEDIUM
TASK-5151,Traction,MEDIUM,MEDIUM,GOOD,False,0,1,7.7,0,1,41.95302314931938,LOW
TASK-5152,Engineering,HIGH,IMMEDIATE,FAILED,True,5,0,4.3,1,0,100.0,CRITICAL
TASK-5153,Traction,HIGH,HIGH,FAILED,True,3,2,6.0,1,0,93.50916500297241,CRITICAL
TASK-5154,Traction,MEDIUM,NORMAL,GOOD,True,3,2,6.9,0,1,37.826314683793434,LOW
TASK-5155,Traction,ROUTINE,MEDIUM,GOOD,True,1,2,5.1,0,1,33.190662746767174,LOW
TASK-5156,Traction,CRITICAL,HIGH,FAILED,True,3,0,4.4,1,1,100.0,CRITICAL
TASK-5157,S&T,MEDIUM,HIGH,DEGRADED,True,2,4,2.0,1,1,64.99817897178703,MEDIUM
TASK-5158,Traction,MEDIUM,MEDIUM,DEGRADED,True,6,2,7.3,0,0,40.32311863212155,LOW
TASK-5159,S&T,ROUTINE,NORMAL,FAIR,True,24,3,6.5,0,0,37.74755408227496,LOW
TASK-5160,S&T,LOW,NORMAL,FAIR,False,0,2,3.9,0,0,15.819957104243695,LOW
TASK-5161,Traction,ROUTINE,NORMAL,GOOD,True,18,1,5.7,0,1,41.71385886986897,LOW
TASK-5162,S&T,HIGH,IMMEDIATE,POOR,False,0,0,3.2,1,1,86.37188290681429,CRITICAL
TASK-5163,S&T,CRITICAL,HIGH,FAILED,False,0,3,4.3,1,1,100.0,CRITICAL
TASK-5164,S&T,CRITICAL,IMMEDIATE,POOR,True,3,0,5.0,1,1,100.0,CRITICAL
TASK-5165,S&T,HIGH,HIGH,POOR,False,0,2,2.2,1,0,85.3250407651616,CRITICAL
TASK-5166,Engineering,CRITICAL,IMMEDIATE,FAILED,False,0,3,2.3,1,1,100.0,CRITICAL
TASK-5167,S&T,HIGH,IMMEDIATE,FAILED,False,0,2,5.5,1,0,100.0,CRITICAL
TASK-5168,Traction,MEDIUM,MEDIUM,DEGRADED,False,0,0,6.5,0,1,37.46767155655751,LOW
TASK-5169,S&T,MEDIUM,MEDIUM,DEGRADED,True,15,1,1.4,1,0,83.01107572341087,CRITICAL
TASK-5170,S&T,HIGH,IMMEDIATE,POOR,False,0,1,4.3,1,1,82.95246387122803,CRITICAL
TASK-5171,Engineering,CRITICAL,HIGH,FAILED,True,12,2,4.2,1,1,100.0,CRITICAL
TASK-5172,Engineering,MEDIUM,NORMAL,FAIR,True,3,1,7.1,0,1,41.245825313451796,LOW
TASK-5173,Engineering,ROUTINE,NORMAL,FAIR,True,26,1,1.4,0,1,37.9856498662832,LOW
TASK-5174,S&T,HIGH,IMMEDIATE,FAILED,False,0,2,5.8,1,1,99.95540218316125,CRITICAL
TASK-5175,S&T,LOW,NORMAL,GOOD,True,1,1,1.4,0,0,18.656957522731414,LOW
TASK-5176,Engineering,CRITICAL,IMMEDIATE,POOR,True,4,4,0.7,1,0,100.0,CRITICAL
TASK-5177,Engineering,ROUTINE,NORMAL,GOOD,False,0,2,1.5,0,1,26.805538743671487,LOW
TASK-5178,Traction,HIGH,IMMEDIATE,POOR,True,37,0,7.3,1,1,100.0,CRITICAL
TASK-5179,S&T,ROUTINE,NORMAL,FAIR,False,0,1,3.5,0,0,28.095158359158788,LOW
TASK-5180,Traction,MEDIUM,NORMAL,FAIR,True,7,2,5.8,0,1,47.034134556889086,MEDIUM
TASK-5181,Engineering,MEDIUM,HIGH,DEGRADED,False,0,0,7.2,0,1,39.25374740404859,LOW
TASK-5182,S&T,CRITICAL,IMMEDIATE,FAILED,True,14,1,5.1,1,1,100.0,CRITICAL
TASK-5183,Engineering,ROUTINE,NORMAL,GOOD,True,15,1,1.1,0,1,47.55675933496656,MEDIUM
TASK-5184,S&T,HIGH,IMMEDIATE,POOR,True,16,3,7.3,1,1,100.0,CRITICAL
TASK-5185,Traction,HIGH,IMMEDIATE,POOR,True,13,0,6.1,1,1,100.0,CRITICAL
TASK-5186,S&T,HIGH,HIGH,DEGRADED,False,0,0,6.2,1,1,70.06802036660427,HIGH
TASK-5187,Traction,ROUTINE,NORMAL,FAIR,True,11,1,6.0,0,0,42.53587341156298,LOW
TASK-5188,Traction,CRITICAL,IMMEDIATE,FAILED,False,0,1,7.4,1,1,100.0,CRITICAL
TASK-5189,Traction,ROUTINE,NORMAL,GOOD,True,1,0,1.6,0,1,20.58431950241378,LOW
TASK-5190,Engineering,CRITICAL,HIGH,FAILED,False,0,5,4.9,1,1,100.0,CRITICAL
TASK-5191,Traction,CRITICAL,IMMEDIATE,POOR,False,0,0,3.3,1,1,100.0,CRITICAL
TASK-5192,S&T,ROUTINE,NORMAL,FAIR,True,23,0,4.3,0,1,42.472523148762015,LOW
TASK-5193,Traction,MEDIUM,MEDIUM,DEGRADED,False,0,0,7.6,0,0,35.546735090110566,LOW
TASK-5194,Engineering,LOW,MEDIUM,FAIR,True,31,1,2.7,0,0,52.67933758197762,MEDIUM
TASK-5195,S&T,MEDIUM,NORMAL,GOOD,True,5,2,4.7,0,1,42.19954390288732,LOW
TASK-5196,Traction,HIGH,IMMEDIATE,FAILED,False,0,2,4.3,1,1,94.11323633084154,CRITICAL
TASK-5197,S&T,MEDIUM,MEDIUM,DEGRADED,False,0,1,2.9,1,1,56.59046459608862,MEDIUM
TASK-5198,S&T,ROUTINE,NORMAL,FAIR,False,0,1,7.7,0,1,18.286407188765182,LOW
TASK-5199,Engineering,LOW,NORMAL,FAIR,False,0,0,3.7,0,1,17.3260747805161,LOW
TASK-5200,S&T,CRITICAL,HIGH,FAILED,True,2,0,7.1,1,1,98.21627620095866,CRITICAL
TASK-5201,S&T,LOW,NORMAL,GOOD,False,0,1,3.1,0,1,20.27634512689324,LOW
TASK-5202,Engineering,ROUTINE,NORMAL,GOOD,False,0,0,2.7,0,1,15.59144903924934,LOW
TASK-5203,S&T,HIGH,IMMEDIATE,POOR,True,7,1,2.2,1,1,96.33340131815842,CRITICAL
TASK-5204,Engineering,MEDIUM,MEDIUM,DEGRADED,True,18,4,7.5,0,0,61.378197332972064,MEDIUM
TASK-5205,S&T,CRITICAL,HIGH,FAILED,True,31,3,6.2,1,0,100.0,CRITICAL
TASK-5206,Engineering,HIGH,MEDIUM,DEGRADED,False,0,0,1.6,1,1,61.699426548759405,MEDIUM
TASK-5207,Engineering,CRITICAL,HIGH,FAILED,False,0,0,6.8,1,0,94.55281570378332,CRITICAL
TASK-5208,Engineering,LOW,MEDIUM,GOOD,True,11,0,5.0,0,1,43.72664081087789,LOW
TASK-5209,Engineering,HIGH,HIGH,FAILED,True,3,4,4.5,1,0,97.91946309673045,CRITICAL
TASK-5210,Engineering,LOW,NORMAL,GOOD,True,17,1,4.2,0,0,35.93485085520977,LOW
TASK-5211,Engineering,HIGH,MEDIUM,DEGRADED,False,0,2,2.0,1,0,64.15487763284514,MEDIUM
TASK-5212,Traction,HIGH,IMMEDIATE,POOR,False,0,2,6.0,1,1,95.83484761661636,CRITICAL
TASK-5213,Traction,LOW,NORMAL,FAIR,True,1,1,6.7,0,1,20.081344019766455,LOW
TASK-5214,S&T,ROUTINE,MEDIUM,GOOD,True,3,3,5.9,0,1,28.65111755370442,LOW
TASK-5215,Engineering,CRITICAL,IMMEDIATE,POOR,True,4,3,7.2,1,1,100.0,CRITICAL
TASK-5216,S&T,HIGH,MEDIUM,DEGRADED,False,0,0,1.2,1,1,62.54223551898888,MEDIUM
TASK-5217,Engineering,MEDIUM,MEDIUM,DEGRADED,False,0,2,6.0,0,0,42.75405119425804,LOW
TASK-5218,Engineering,HIGH,MEDIUM,DEGRADED,True,29,4,6.5,1,0,87.54633858854444,CRITICAL
TASK-5219,Traction,MEDIUM,NORMAL,FAIR,False,0,2,6.0,0,1,29.18688361196211,LOW
TASK-5220,S&T,ROUTINE,MEDIUM,FAIR,False,0,1,4.3,0,0,28.126962910056353,LOW
TASK-5221,S&T,HIGH,HIGH,POOR,True,17,3,5.2,1,1,98.49451414981482,CRITICAL
TASK-5222,Traction,ROUTINE,NORMAL,GOOD,False,0,0,5.8,0,1,23.551712406762427,LOW
TASK-5223,S&T,MEDIUM,NORMAL,GOOD,True,8,1,3.8,0,0,31.732222141747872,LOW
TASK-5224,Traction,HIGH,IMMEDIATE,FAILED,False,0,1,2.9,1,1,91.64291560019235,CRITICAL
TASK-5225,Traction,LOW,MEDIUM,GOOD,False,0,1,7.6,0,1,26.68948300095356,LOW
TASK-5226,Traction,MEDIUM,NORMAL,GOOD,True,10,2,2.3,0,1,53.00891391036296,MEDIUM
TASK-5227,Traction,CRITICAL,IMMEDIATE,POOR,False,0,2,7.0,1,1,100.0,CRITICAL
TASK-5228,Engineering,ROUTINE,NORMAL,FAIR,True,12,0,2.5,0,1,38.772633892258455,LOW
TASK-5229,Engineering,CRITICAL,IMMEDIATE,POOR,True,8,0,6.6,1,1,100.0,CRITICAL
TASK-5230,Traction,HIGH,IMMEDIATE,POOR,False,0,3,2.6,1,1,94.16849767553686,CRITICAL
TASK-5231,Engineering,ROUTINE,NORMAL,GOOD,False,0,0,7.6,0,1,12.665952673035541,LOW
TASK-5232,Traction,ROUTINE,NORMAL,FAIR,True,15,4,0.5,0,1,52.6439529915841,MEDIUM
TASK-5233,Engineering,HIGH,IMMEDIATE,POOR,True,10,4,4.7,1,0,100.0,CRITICAL
TASK-5234,Engineering,LOW,NORMAL,FAIR,True,10,1,0.8,0,1,33.3575163281677,LOW
TASK-5235,Traction,HIGH,MEDIUM,DEGRADED,False,0,2,5.1,1,1,63.96913512860009,MEDIUM
TASK-5236,Traction,HIGH,HIGH,FAILED,True,10,2,2.3,1,1,100.0,CRITICAL
TASK-5237,S&T,CRITICAL,IMMEDIATE,POOR,False,0,1,4.5,1,0,99.59398877221399,CRITICAL
TASK-5238,Engineering,HIGH,MEDIUM,DEGRADED,False,0,4,6.8,1,1,69.9249959461976,HIGH
TASK-5239,S&T,CRITICAL,IMMEDIATE,POOR,True,2,0,4.2,1,1,100.0,CRITICAL
TASK-5240,Traction,CRITICAL,IMMEDIATE,POOR,False,0,2,5.0,1,1,100.0,CRITICAL
TASK-5241,Traction,HIGH,IMMEDIATE,POOR,True,8,3,2.7,1,1,99.20822985803785,CRITICAL
TASK-5242,Engineering,ROUTINE,NORMAL,GOOD,False,0,2,7.7,0,1,23.022492620337534,LOW
TASK-5243,S&T,HIGH,HIGH,POOR,False,0,0,7.8,1,1,78.7071239646459,HIGH
TASK-5244,S&T,LOW,NORMAL,FAIR,True,20,0,5.5,0,1,34.0722244143089,LOW
TASK-5245,Engineering,ROUTINE,NORMAL,FAIR,True,38,1,4.0,0,1,40.756303172761235,LOW
TASK-5246,S&T,MEDIUM,MEDIUM,GOOD,True,22,0,3.1,0,0,64.45191451433736,MEDIUM
TASK-5247,S&T,ROUTINE,NORMAL,FAIR,False,0,0,6.3,0,1,28.574709437746225,LOW
TASK-5248,S&T,HIGH,IMMEDIATE,POOR,False,0,1,5.0,1,0,85.6557560972636,CRITICAL
TASK-5249,Traction,LOW,NORMAL,FAIR,True,22,1,0.7,0,1,44.58165532549734,LOW
TASK-5250,S&T,CRITICAL,IMMEDIATE,FAILED,True,7,2,2.1,1,0,100.0,CRITICAL
TASK-5251,S&T,ROUTINE,MEDIUM,GOOD,True,12,1,4.7,0,0,44.24756841924947,LOW
TASK-5252,S&T,MEDIUM,HIGH,DEGRADED,True,11,1,5.6,1,1,77.46853352005067,HIGH
TASK-5253,S&T,HIGH,HIGH,POOR,False,0,4,6.6,1,0,87.34803223898082,CRITICAL
TASK-5254,S&T,CRITICAL,IMMEDIATE,POOR,True,16,1,2.5,1,1,100.0,CRITICAL
TASK-5255,Engineering,MEDIUM,HIGH,DEGRADED,False,0,0,4.1,0,1,43.411915433123355,LOW
TASK-5256,Engineering,MEDIUM,MEDIUM,DEGRADED,True,44,1,5.3,0,0,54.622648394904076,MEDIUM
TASK-5257,Engineering,MEDIUM,MEDIUM,DEGRADED,False,0,1,3.9,0,1,31.175957210698655,LOW
TASK-5258,Engineering,HIGH,IMMEDIATE,FAILED,True,5,3,7.1,1,0,100.0,CRITICAL
TASK-5259,Traction,ROUTINE,NORMAL,FAIR,False,0,2,6.3,0,0,17.35239520840913,LOW
TASK-5260,Engineering,CRITICAL,HIGH,FAILED,False,0,1,5.1,1,0,97.29742469998581,CRITICAL
TASK-5261,Engineering,CRITICAL,IMMEDIATE,FAILED,False,0,0,4.5,1,1,100.0,CRITICAL
TASK-5262,Traction,ROUTINE,NORMAL,GOOD,False,0,0,6.5,0,1,22.782939998513626,LOW
TASK-5263,Engineering,MEDIUM,HIGH,DEGRADED,True,12,0,7.3,0,0,56.66915317746638,MEDIUM
TASK-5264,Traction,LOW,MEDIUM,GOOD,True,15,2,5.4,0,1,45.910631117889416,MEDIUM
TASK-5265,Traction,LOW,NORMAL,FAIR,True,17,1,3.2,0,1,41.199722883617994,LOW
TASK-5266,Engineering,MEDIUM,NORMAL,FAIR,True,8,0,6.8,0,1,36.9995476926497,LOW
TASK-5267,S&T,ROUTINE,NORMAL,FAIR,True,1,2,2.7,0,0,24.138471245047946,LOW
TASK-5268,Engineering,MEDIUM,MEDIUM,DEGRADED,True,15,1,3.0,0,1,62.03977950901004,MEDIUM
TASK-5269,Engineering,CRITICAL,IMMEDIATE,FAILED,True,11,0,6.0,1,1,100.0,CRITICAL
TASK-5270,Engineering,ROUTINE,NORMAL,GOOD,False,0,3,6.8,0,1,28.09501886933224,LOW
TASK-5271,Traction,ROUTINE,NORMAL,GOOD,False,0,0,4.3,0,1,23.723165232994987,LOW
TASK-5272,S&T,LOW,NORMAL,GOOD,False,0,1,1.7,0,1,16.256628738311186,LOW
TASK-5273,S&T,LOW,NORMAL,GOOD,False,0,1,2.2,0,1,26.82969777429851,LOW
TASK-5274,Traction,ROUTINE,MEDIUM,FAIR,False,0,1,0.8,0,1,33.496122121731474,LOW
TASK-5275,Traction,MEDIUM,NORMAL,GOOD,False,0,1,6.6,0,1,35.532338744489884,LOW
TASK-5276,S&T,HIGH,HIGH,POOR,False,0,1,1.5,1,1,78.67573006448752,HIGH
TASK-5277,Traction,MEDIUM,MEDIUM,DEGRADED,False,0,0,7.0,0,0,30.947501295407296,LOW
TASK-5278,Engineering,MEDIUM,NORMAL,GOOD,False,0,3,4.3,0,1,34.74674712781578,LOW
TASK-5279,Traction,HIGH,HIGH,POOR,False,0,1,0.7,1,1,80.05340138507343,CRITICAL
TASK-5280,Traction,CRITICAL,HIGH,FAILED,True,5,1,5.0,1,1,99.23660358048458,CRITICAL
TASK-5281,Engineering,ROUTINE,NORMAL,GOOD,False,0,1,6.0,0,0,18.02077520238266,LOW
TASK-5282,S&T,MEDIUM,NORMAL,FAIR,False,0,1,6.7,0,1,38.588558631044435,LOW
TASK-5283,S&T,HIGH,MEDIUM,DEGRADED,False,0,2,3.7,1,1,69.01288200287338,HIGH
TASK-5284,Traction,ROUTINE,NORMAL,GOOD,True,1,5,2.8,0,0,29.46573463868387,LOW
TASK-5285,S&T,LOW,MEDIUM,FAIR,True,1,0,1.2,0,0,22.62165600432687,LOW
TASK-5286,Traction,CRITICAL,IMMEDIATE,FAILED,True,15,0,4.0,1,0,100.0,CRITICAL
TASK-5287,S&T,CRITICAL,IMMEDIATE,POOR,True,14,3,1.2,1,0,100.0,CRITICAL
TASK-5288,S&T,CRITICAL,IMMEDIATE,FAILED,True,2,1,2.6,1,1,100.0,CRITICAL
TASK-5289,S&T,HIGH,HIGH,FAILED,False,0,0,4.3,1,1,87.19892756569222,CRITICAL
TASK-5290,S&T,LOW,NORMAL,GOOD,False,0,1,7.9,0,1,16.343220611740456,LOW
TASK-5291,Traction,CRITICAL,HIGH,POOR,True,20,1,7.6,1,0,100.0,CRITICAL
TASK-5292,Traction,ROUTINE,NORMAL,GOOD,True,11,4,3.9,0,0,45.21511454373445,MEDIUM
TASK-5293,Traction,LOW,NORMAL,GOOD,True,15,3,3.5,0,0,44.27314091160433,LOW
TASK-5294,Engineering,HIGH,IMMEDIATE,POOR,False,0,2,3.3,1,1,100.0,CRITICAL
TASK-5295,Traction,ROUTINE,NORMAL,GOOD,False,0,0,5.3,0,1,13.497601894830108,LOW
TASK-5296,S&T,ROUTINE,NORMAL,FAIR,True,16,3,6.6,0,1,43.14943791890931,LOW
TASK-5297,Engineering,MEDIUM,NORMAL,GOOD,False,0,0,4.7,0,1,25.077461556371514,LOW
TASK-5298,Engineering,HIGH,IMMEDIATE,POOR,True,5,3,5.0,1,1,100.0,CRITICAL
TASK-5299,Engineering,ROUTINE,NORMAL,FAIR,True,1,1,3.5,0,1,26.09732220306753,LOW
TASK-5300,S&T,CRITICAL,IMMEDIATE,FAILED,True,2,1,5.9,1,1,100.0,CRITICAL
TASK-5301,Traction,MEDIUM,NORMAL,FAIR,True,20,0,0.9,0,0,52.6691884987402,MEDIUM
TASK-5302,S&T,MEDIUM,MEDIUM,DEGRADED,False,0,0,3.6,1,1,47.17618280599676,MEDIUM
TASK-5303,Traction,HIGH,HIGH,DEGRADED,True,9,4,6.8,1,1,91.72120887696926,CRITICAL
TASK-5304,Engineering,MEDIUM,MEDIUM,DEGRADED,False,0,3,5.7,0,1,37.31786008117366,LOW
TASK-5305,Traction,HIGH,IMMEDIATE,POOR,True,16,1,7.0,1,1,100.0,CRITICAL
TASK-5306,S&T,MEDIUM,MEDIUM,FAIR,False,0,3,6.2,0,1,30.846085009375543,LOW
TASK-5307,S&T,CRITICAL,HIGH,FAILED,True,3,1,4.2,1,1,100.0,CRITICAL
TASK-5308,Traction,ROUTINE,NORMAL,FAIR,True,21,1,2.9,0,1,42.8719781868895,LOW
TASK-5309,Traction,HIGH,IMMEDIATE,POOR,False,0,0,4.4,1,1,92.75489827151756,CRITICAL
TASK-5310,Traction,MEDIUM,NORMAL,GOOD,True,5,2,7.4,0,1,43.6552281916267,LOW
TASK-5311,S&T,ROUTINE,NORMAL,GOOD,False,0,3,3.3,0,0,19.919520475129,LOW
TASK-5312,Engineering,LOW,NORMAL,FAIR,False,0,1,4.4,0,1,29.43081822482579,LOW
TASK-5313,Engineering,ROUTINE,NORMAL,FAIR,False,0,0,2.0,0,1,15.725292191237365,LOW
TASK-5314,Engineering,ROUTINE,NORMAL,GOOD,False,0,0,7.1,0,0,13.728552005446465,LOW
TASK-5315,S&T,ROUTINE,NORMAL,FAIR,True,6,0,5.2,0,0,30.995593410323448,LOW
TASK-5316,Traction,CRITICAL,IMMEDIATE,POOR,True,23,1,1.5,1,1,100.0,CRITICAL
TASK-5317,Traction,HIGH,HIGH,POOR,False,0,3,3.5,1,0,85.80365775701522,CRITICAL
TASK-5318,S&T,ROUTINE,NORMAL,GOOD,False,0,2,3.8,0,1,31.591771587728616,LOW
TASK-5319,S&T,MEDIUM,HIGH,DEGRADED,False,0,2,4.4,1,1,65.67372013411148,HIGH
TASK-5320,Traction,MEDIUM,MEDIUM,DEGRADED,True,1,1,4.7,0,0,41.82740525795787,LOW
TASK-5321,Engineering,LOW,NORMAL,FAIR,True,9,1,2.7,0,1,34.45022461633972,LOW
TASK-5322,Traction,LOW,NORMAL,FAIR,True,9,2,6.5,0,0,36.17660584650833,LOW
TASK-5323,Traction,HIGH,MEDIUM,DEGRADED,True,17,3,4.4,1,1,89.41061817691465,CRITICAL
TASK-5324,S&T,HIGH,HIGH,POOR,False,0,0,4.0,1,1,76.81628188530595,HIGH
TASK-5325,S&T,ROUTINE,NORMAL,FAIR,False,0,0,1.7,0,1,13.213580901442214,LOW
TASK-5326,Traction,HIGH,IMMEDIATE,POOR,True,5,2,0.6,1,0,100.0,CRITICAL
TASK-5327,S&T,LOW,NORMAL,FAIR,False,0,1,1.6,0,1,19.73932705452507,LOW
TASK-5328,Engineering,LOW,NORMAL,GOOD,True,1,0,2.8,0,0,19.071234151520276,LOW
TASK-5329,Engineering,ROUTINE,MEDIUM,FAIR,False,0,2,5.7,0,1,28.633559208320094,LOW
TASK-5330,Traction,CRITICAL,HIGH,POOR,True,13,0,3.0,1,1,100.0,CRITICAL
TASK-5331,Engineering,HIGH,HIGH,FAILED,True,17,2,4.0,1,0,100.0,CRITICAL
TASK-5332,Engineering,ROUTINE,NORMAL,GOOD,False,0,6,3.1,0,1,27.731949637344705,LOW
TASK-5333,Traction,LOW,NORMAL,FAIR,False,0,4,3.1,0,1,17.654651480875373,LOW
TASK-5334,Engineering,ROUTINE,NORMAL,FAIR,True,6,1,2.6,0,1,37.14406557676688,LOW
TASK-5335,S&T,HIGH,IMMEDIATE,FAILED,True,25,0,6.0,1,1,100.0,CRITICAL
TASK-5336,S&T,CRITICAL,IMMEDIATE,FAILED,True,9,3,6.3,1,1,100.0,CRITICAL
TASK-5337,S&T,HIGH,HIGH,FAILED,False,0,2,4.6,1,1,85.45144186665634,CRITICAL
TASK-5338,Traction,MEDIUM,MEDIUM,FAIR,False,0,0,1.1,0,0,34.27580058524832,LOW
TASK-5339,Engineering,ROUTINE,MEDIUM,GOOD,True,9,3,6.0,0,0,52.35025448735056,MEDIUM
TASK-5340,S&T,LOW,NORMAL,FAIR,True,3,1,2.5,0,1,30.385196331841527,LOW
TASK-5341,Engineering,ROUTINE,NORMAL,FAIR,True,3,4,6.5,0,1,32.17437321544879,LOW
TASK-5342,Traction,HIGH,HIGH,POOR,True,3,2,3.0,1,1,84.46707161264112,CRITICAL
TASK-5343,Traction,HIGH,IMMEDIATE,FAILED,False,0,2,2.6,1,1,100.0,CRITICAL
TASK-5344,Traction,HIGH,HIGH,FAILED,False,0,2,5.5,1,1,92.55154164971891,CRITICAL
TASK-5345,S&T,MEDIUM,NORMAL,FAIR,True,15,3,1.8,0,1,60.58404447941941,MEDIUM
TASK-5346,Engineering,LOW,NORMAL,FAIR,True,6,1,1.2,0,1,34.93580759009086,LOW
TASK-5347,Traction,ROUTINE,NORMAL,FAIR,False,0,1,1.6,0,1,23.06145660739616,LOW
TASK-5348,S&T,LOW,NORMAL,GOOD,False,0,1,2.9,0,0,18.72986195327567,LOW
TASK-5349,Engineering,ROUTINE,NORMAL,FAIR,True,12,3,4.3,0,1,47.988149477695394,MEDIUM
TASK-5350,S&T,CRITICAL,IMMEDIATE,POOR,False,0,2,5.5,1,0,100.0,CRITICAL
TASK-5351,S&T,HIGH,MEDIUM,DEGRADED,False,0,0,4.3,1,1,56.16519196608979,MEDIUM
TASK-5352,Engineering,ROUTINE,NORMAL,FAIR,True,9,1,4.7,0,0,32.060824033288604,LOW
TASK-5353,S&T,CRITICAL,HIGH,POOR,True,7,2,5.8,1,1,100.0,CRITICAL
TASK-5354,S&T,MEDIUM,HIGH,DEGRADED,True,16,2,6.8,1,1,82.18961328720543,CRITICAL
TASK-5355,S&T,HIGH,IMMEDIATE,FAILED,False,0,1,1.1,1,0,95.77498497420957,CRITICAL
TASK-5356,Traction,LOW,NORMAL,FAIR,True,28,0,7.7,0,1,44.20389686170907,LOW
TASK-5357,Traction,MEDIUM,HIGH,DEGRADED,False,0,3,5.8,0,1,49.95450461550375,MEDIUM
TASK-5358,S&T,CRITICAL,IMMEDIATE,FAILED,False,0,3,3.8,1,1,100.0,CRITICAL
TASK-5359,Traction,MEDIUM,MEDIUM,DEGRADED,False,0,0,5.6,0,1,34.91384967894541,LOW
TASK-5360,Traction,CRITICAL,IMMEDIATE,POOR,False,0,0,5.4,1,1,99.45621953870709,CRITICAL
TASK-5361,Engineering,ROUTINE,NORMAL,GOOD,True,12,2,7.0,0,1,50.86046375412624,MEDIUM
TASK-5362,S&T,MEDIUM,HIGH,DEGRADED,False,0,2,6.0,1,1,67.91297563342613,HIGH
TASK-5363,Engineering,CRITICAL,IMMEDIATE,FAILED,False,0,0,4.7,1,1,100.0,CRITICAL
TASK-5364,Engineering,CRITICAL,HIGH,POOR,False,0,2,3.3,1,1,96.75823853212619,CRITICAL
TASK-5365,Traction,MEDIUM,NORMAL,GOOD,True,3,1,2.0,0,1,40.46382571822188,LOW
TASK-5366,S&T,CRITICAL,IMMEDIATE,FAILED,True,1,1,2.0,1,0,100.0,CRITICAL
TASK-5367,Traction,HIGH,MEDIUM,DEGRADED,False,0,5,3.0,1,0,64.56115688851216,MEDIUM
TASK-5368,S&T,MEDIUM,MEDIUM,DEGRADED,False,0,0,4.3,1,1,52.652512188872265,MEDIUM
TASK-5369,Engineering,HIGH,HIGH,FAILED,True,2,2,2.5,1,0,90.31927819291951,CRITICAL
TASK-5370,Traction,HIGH,HIGH,DEGRADED,True,27,0,5.3,1,1,95.78179560279814,CRITICAL
TASK-5371,S&T,LOW,NORMAL,GOOD,True,1,1,8.0,0,1,23.65033193822596,LOW
TASK-5372,Traction,MEDIUM,HIGH,DEGRADED,True,2,1,2.6,0,1,47.61829367159743,MEDIUM
TASK-5373,Engineering,CRITICAL,HIGH,FAILED,True,14,3,6.7,1,1,100.0,CRITICAL
TASK-5374,Traction,CRITICAL,IMMEDIATE,POOR,True,41,4,8.0,1,1,100.0,CRITICAL
TASK-5375,Traction,HIGH,HIGH,POOR,True,10,0,4.2,1,0,96.06429157613051,CRITICAL
TASK-5376,S&T,HIGH,HIGH,FAILED,True,9,2,6.6,1,1,94.49381839191517,CRITICAL
TASK-5377,Engineering,HIGH,MEDIUM,DEGRADED,True,18,2,0.7,1,1,81.13633322628479,CRITICAL
TASK-5378,Traction,ROUTINE,NORMAL,FAIR,False,0,0,5.8,0,0,24.0616059557299,LOW
TASK-5379,Engineering,ROUTINE,NORMAL,FAIR,True,21,4,1.1,0,1,56.312493828918335,MEDIUM
TASK-5380,Engineering,ROUTINE,NORMAL,GOOD,False,0,2,3.8,0,1,34.78377244311844,LOW
TASK-5381,Traction,ROUTINE,NORMAL,GOOD,False,0,3,2.9,0,1,12.60928807073427,LOW
TASK-5382,Traction,HIGH,MEDIUM,DEGRADED,True,9,3,7.9,1,0,78.59570325607466,HIGH
TASK-5383,Engineering,HIGH,IMMEDIATE,FAILED,False,0,1,6.0,1,0,95.32208728030888,CRITICAL
TASK-5384,S&T,HIGH,MEDIUM,DEGRADED,True,7,1,7.2,1,1,70.03217597779357,HIGH
TASK-5385,Engineering,HIGH,IMMEDIATE,FAILED,True,43,1,5.9,1,0,100.0,CRITICAL
TASK-5386,S&T,HIGH,HIGH,FAILED,True,18,0,0.6,1,0,100.0,CRITICAL
TASK-5387,Traction,HIGH,IMMEDIATE,POOR,True,11,1,3.6,1,0,100.0,CRITICAL
TASK-5388,Traction,MEDIUM,NORMAL,GOOD,True,19,1,1.0,0,0,60.89724296135057,MEDIUM
TASK-5389,Traction,LOW,NORMAL,FAIR,True,1,2,6.0,0,0,21.651107339318635,LOW
TASK-5390,Engineering,LOW,MEDIUM,FAIR,False,0,0,3.8,0,0,28.068659234878528,LOW
TASK-5391,S&T,CRITICAL,HIGH,FAILED,True,13,0,2.0,1,1,100.0,CRITICAL
TASK-5392,Traction,CRITICAL,IMMEDIATE,POOR,False,0,3,1.8,1,1,100.0,CRITICAL
TASK-5393,Traction,MEDIUM,NORMAL,GOOD,True,2,0,2.8,0,0,29.50368396308042,LOW
TASK-5394,Traction,MEDIUM,MEDIUM,DEGRADED,False,0,1,1.4,0,0,43.22347263511926,LOW
TASK-5395,S&T,HIGH,HIGH,FAILED,True,20,2,6.8,1,0,100.0,CRITICAL
TASK-5396,Engineering,CRITICAL,IMMEDIATE,FAILED,False,0,0,7.5,1,0,100.0,CRITICAL
TASK-5397,Engineering,MEDIUM,NORMAL,GOOD,True,3,1,7.4,0,1,47.58465678295151,MEDIUM
TASK-5398,Engineering,ROUTINE,MEDIUM,GOOD,True,14,1,1.9,0,0,44.49435744850336,LOW
TASK-5399,Traction,ROUTINE,NORMAL,GOOD,True,9,2,6.3,0,1,32.70678913449973,LOW
TASK-5400,Engineering,MEDIUM,NORMAL,FAIR,False,0,3,5.3,0,0,30.838246247163738,LOW
TASK-5401,S&T,ROUTINE,NORMAL,GOOD,True,1,3,7.1,0,0,27.089849663617954,LOW
TASK-5402,Engineering,HIGH,MEDIUM,DEGRADED,True,2,3,6.8,1,0,68.96792849111233,HIGH
TASK-5403,Traction,MEDIUM,NORMAL,FAIR,False,0,5,6.1,0,1,39.33302405581367,LOW
TASK-5404,Traction,ROUTINE,NORMAL,FAIR,False,0,1,2.8,0,1,28.630230873885175,LOW
TASK-5405,S&T,MEDIUM,MEDIUM,DEGRADED,False,0,3,1.8,1,0,53.366503335326996,MEDIUM
TASK-5406,Engineering,CRITICAL,HIGH,FAILED,False,0,1,2.9,1,1,100.0,CRITICAL
TASK-5407,Engineering,LOW,NORMAL,FAIR,True,6,3,2.5,0,1,40.72324722109532,LOW
TASK-5408,Engineering,ROUTINE,NORMAL,FAIR,True,13,0,7.8,0,1,38.48214910291008,LOW
TASK-5409,S&T,CRITICAL,HIGH,POOR,True,11,4,2.5,1,1,100.0,CRITICAL
TASK-5410,S&T,HIGH,MEDIUM,DEGRADED,True,7,1,4.8,1,1,64.5486333980321,MEDIUM
TASK-5411,S&T,CRITICAL,IMMEDIATE,FAILED,False,0,2,3.9,1,0,100.0,CRITICAL
TASK-5412,Traction,ROUTINE,NORMAL,FAIR,False,0,1,0.8,0,1,27.92871757014992,LOW
TASK-5413,Traction,CRITICAL,IMMEDIATE,POOR,False,0,0,1.7,1,1,98.942542106226,CRITICAL
TASK-5414,Traction,ROUTINE,NORMAL,FAIR,True,3,0,8.0,0,0,27.30162901798278,LOW
TASK-5415,S&T,MEDIUM,MEDIUM,DEGRADED,False,0,1,5.3,1,0,56.65605834369136,MEDIUM
TASK-5416,Traction,HIGH,MEDIUM,DEGRADED,True,5,0,2.1,1,1,70.70901725921253,HIGH
TASK-5417,Traction,CRITICAL,IMMEDIATE,FAILED,False,0,0,4.6,1,1,94.32352624960156,CRITICAL
TASK-5418,Traction,MEDIUM,MEDIUM,DEGRADED,True,6,1,1.2,0,0,42.12190845568033,LOW
TASK-5419,Engineering,MEDIUM,MEDIUM,DEGRADED,True,14,3,2.1,0,1,69.78752440885889,HIGH
TASK-5420,S&T,ROUTINE,NORMAL,GOOD,False,0,1,7.4,0,1,12.006892373730306,LOW
TASK-5421,Traction,LOW,NORMAL,FAIR,False,0,2,4.1,0,1,34.85745023132464,LOW
TASK-5422,S&T,HIGH,HIGH,FAILED,True,19,1,2.9,1,0,100.0,CRITICAL
TASK-5423,Traction,HIGH,HIGH,POOR,True,9,1,5.4,1,1,92.0052729588255,CRITICAL
TASK-5424,Engineering,MEDIUM,HIGH,DEGRADED,False,0,1,5.8,0,1,38.97150109764836,LOW
TASK-5425,Traction,MEDIUM,HIGH,DEGRADED,False,0,2,7.0,0,0,48.991613414332,MEDIUM
TASK-5426,Engineering,MEDIUM,MEDIUM,FAIR,True,7,3,3.7,0,0,50.6617253244125,MEDIUM
TASK-5427,S&T,MEDIUM,MEDIUM,DEGRADED,True,9,1,5.4,1,1,65.24173800745055,HIGH
TASK-5428,Engineering,LOW,NORMAL,FAIR,True,9,4,7.3,0,1,39.368300911673415,LOW
TASK-5429,S&T,ROUTINE,NORMAL,FAIR,False,0,1,4.0,0,1,16.503053861353383,LOW
TASK-5430,Engineering,LOW,NORMAL,GOOD,True,16,2,3.8,0,0,50.04601274038191,MEDIUM
TASK-5431,Traction,HIGH,IMMEDIATE,POOR,False,0,0,5.0,1,0,93.96475351923172,CRITICAL
TASK-5432,Traction,HIGH,IMMEDIATE,POOR,False,0,2,6.0,1,1,97.74020402634936,CRITICAL
TASK-5433,S&T,MEDIUM,NORMAL,FAIR,True,19,2,2.4,0,1,51.626121460762675,MEDIUM
TASK-5434,S&T,HIGH,HIGH,FAILED,False,0,0,3.0,1,1,86.84917220653995,CRITICAL
TASK-5435,Traction,CRITICAL,IMMEDIATE,POOR,True,9,2,2.8,1,1,100.0,CRITICAL
TASK-5436,Engineering,CRITICAL,HIGH,FAILED,False,0,2,1.3,1,1,90.8744486865435,CRITICAL
TASK-5437,S&T,HIGH,MEDIUM,DEGRADED,False,0,2,7.7,1,0,64.03656389571182,MEDIUM
TASK-5438,S&T,CRITICAL,HIGH,FAILED,False,0,2,0.7,1,1,100.0,CRITICAL
TASK-5439,Traction,LOW,NORMAL,FAIR,False,0,1,7.4,0,0,24.919313717343822,LOW
TASK-5440,Traction,HIGH,HIGH,FAILED,True,3,1,2.0,1,1,98.30056005253407,CRITICAL
TASK-5441,Traction,ROUTINE,NORMAL,FAIR,True,2,1,1.5,0,1,21.715520517515166,LOW
TASK-5442,S&T,LOW,NORMAL,GOOD,False,0,4,7.8,0,0,27.765685940685877,LOW
TASK-5443,S&T,LOW,NORMAL,FAIR,False,0,1,6.5,0,1,19.810769104436595,LOW
TASK-5444,S&T,HIGH,HIGH,POOR,True,3,1,1.7,1,0,85.10216160307863,CRITICAL
TASK-5445,Engineering,LOW,NORMAL,FAIR,False,0,0,2.0,0,1,21.839504896636324,LOW
TASK-5446,Engineering,MEDIUM,MEDIUM,DEGRADED,True,16,0,2.8,0,1,51.37157842574714,MEDIUM
TASK-5447,Engineering,ROUTINE,MEDIUM,FAIR,False,0,3,6.9,0,1,27.154175014856385,LOW
TASK-5448,S&T,ROUTINE,NORMAL,GOOD,True,2,3,5.9,0,1,34.92674773537798,LOW
TASK-5449,Engineering,HIGH,IMMEDIATE,FAILED,False,0,2,6.8,1,1,94.24204202173391,CRITICAL
TASK-5450,S&T,ROUTINE,NORMAL,GOOD,True,10,1,4.1,0,1,41.69812158101084,LOW
TASK-5451,S&T,ROUTINE,NORMAL,GOOD,False,0,3,4.0,0,1,27.902857569381464,LOW
TASK-5452,Traction,CRITICAL,IMMEDIATE,POOR,False,0,2,5.7,1,0,100.0,CRITICAL
TASK-5453,S&T,CRITICAL,HIGH,POOR,True,4,1,6.7,1,0,100.0,CRITICAL
TASK-5454,Traction,ROUTINE,MEDIUM,FAIR,True,13,0,6.2,0,1,56.381279016298954,MEDIUM
TASK-5455,Engineering,HIGH,HIGH,POOR,True,16,2,1.5,1,1,100.0,CRITICAL
TASK-5456,Engineering,HIGH,HIGH,POOR,True,14,0,6.3,1,0,100.0,CRITICAL
TASK-5457,S&T,CRITICAL,HIGH,POOR,False,0,0,5.0,1,1,92.55089871837582,CRITICAL
TASK-5458,Traction,MEDIUM,NORMAL,GOOD,False,0,3,3.1,0,0,39.91133102044153,LOW
TASK-5459,Traction,HIGH,IMMEDIATE,FAILED,False,0,1,0.7,1,1,90.84705779911322,CRITICAL
TASK-5460,Traction,LOW,MEDIUM,FAIR,True,9,0,6.3,0,1,37.22349482986887,LOW
TASK-5461,S&T,MEDIUM,MEDIUM,DEGRADED,True,2,0,3.0,1,1,49.33980034221195,MEDIUM
TASK-5462,Engineering,CRITICAL,IMMEDIATE,FAILED,False,0,6,5.0,1,1,100.0,CRITICAL
TASK-5463,S&T,LOW,NORMAL,GOOD,True,8,1,5.3,0,0,40.28737242747099,LOW
TASK-5464,Engineering,CRITICAL,IMMEDIATE,POOR,False,0,1,1.9,1,1,100.0,CRITICAL
TASK-5465,Engineering,HIGH,MEDIUM,DEGRADED,False,0,1,3.8,1,1,63.09904575339476,MEDIUM
TASK-5466,S&T,CRITICAL,IMMEDIATE,POOR,True,24,1,5.4,1,1,100.0,CRITICAL
TASK-5467,S&T,LOW,MEDIUM,FAIR,False,0,0,2.6,0,0,22.0896556929567,LOW
TASK-5468,S&T,CRITICAL,HIGH,POOR,True,1,0,0.8,1,1,99.82217777754177,CRITICAL
TASK-5469,S&T,ROUTINE,MEDIUM,FAIR,True,4,1,1.7,0,0,33.379605116141846,LOW
TASK-5470,Traction,CRITICAL,IMMEDIATE,FAILED,False,0,0,6.8,1,0,95.24651552789946,CRITICAL
TASK-5471,S&T,LOW,NORMAL,GOOD,False,0,1,3.1,0,1,18.451748974115898,LOW
TASK-5472,Traction,MEDIUM,NORMAL,GOOD,True,15,1,5.4,0,0,54.078367150144715,MEDIUM
TASK-5473,S&T,LOW,NORMAL,GOOD,True,9,1,1.7,0,1,33.00792839096268,LOW
TASK-5474,Engineering,HIGH,IMMEDIATE,FAILED,True,5,1,4.3,1,0,100.0,CRITICAL
TASK-5475,Traction,CRITICAL,HIGH,POOR,False,0,0,0.6,1,1,87.90370026314504,CRITICAL
TASK-5476,Traction,CRITICAL,IMMEDIATE,POOR,True,2,3,3.7,1,0,100.0,CRITICAL
TASK-5477,Engineering,MEDIUM,HIGH,DEGRADED,False,0,1,3.7,0,1,47.84879532393611,MEDIUM
TASK-5478,Traction,ROUTINE,NORMAL,GOOD,True,31,2,5.0,0,1,56.135336977774564,MEDIUM
TASK-5479,S&T,CRITICAL,IMMEDIATE,FAILED,False,0,4,3.3,1,0,100.0,CRITICAL
TASK-5480,S&T,MEDIUM,HIGH,DEGRADED,True,8,2,6.8,1,1,69.08394635133321,HIGH
TASK-5481,S&T,MEDIUM,NORMAL,GOOD,True,5,1,6.4,0,1,41.177433715829885,LOW
TASK-5482,S&T,CRITICAL,HIGH,FAILED,True,3,2,6.2,1,1,100.0,CRITICAL
TASK-5483,Traction,ROUTINE,NORMAL,GOOD,False,0,0,1.6,0,1,14.66525322941275,LOW
TASK-5484,S&T,CRITICAL,IMMEDIATE,FAILED,False,0,3,2.4,1,1,100.0,CRITICAL
TASK-5485,Traction,HIGH,IMMEDIATE,FAILED,False,0,3,6.0,1,0,100.0,CRITICAL
TASK-5486,S&T,HIGH,HIGH,POOR,False,0,0,0.9,1,1,81.12085383083955,CRITICAL
TASK-5487,S&T,LOW,MEDIUM,GOOD,True,24,1,1.4,0,1,50.065248854827814,MEDIUM
TASK-5488,S&T,CRITICAL,HIGH,POOR,True,11,3,3.3,1,1,100.0,CRITICAL
TASK-5489,Traction,HIGH,MEDIUM,DEGRADED,True,11,0,2.4,1,1,68.56880502491919,HIGH
TASK-5490,S&T,MEDIUM,MEDIUM,DEGRADED,False,0,1,6.3,1,1,61.05237932885066,MEDIUM
TASK-5491,Engineering,CRITICAL,HIGH,FAILED,True,10,1,2.5,1,0,100.0,CRITICAL
TASK-5492,S&T,MEDIUM,MEDIUM,DEGRADED,False,0,1,3.6,1,0,52.28644840328318,MEDIUM
TASK-5493,S&T,MEDIUM,HIGH,DEGRADED,False,0,2,2.7,1,1,54.716818441732784,MEDIUM
TASK-5494,Engineering,CRITICAL,HIGH,FAILED,True,2,1,1.3,1,0,100.0,CRITICAL
TASK-5495,Traction,LOW,NORMAL,GOOD,True,3,1,4.5,0,1,29.93230229515011,LOW
TASK-5496,S&T,LOW,NORMAL,FAIR,False,0,4,1.8,0,0,25.735214552309625,LOW
TASK-5497,Traction,LOW,NORMAL,GOOD,True,10,0,1.4,0,1,33.32807122051512,LOW
TASK-5498,Engineering,CRITICAL,IMMEDIATE,POOR,False,0,0,3.7,1,1,97.51467696685907,CRITICAL
TASK-5499,S&T,MEDIUM,MEDIUM,DEGRADED,True,17,1,7.8,1,1,70.43703822599734,HIGH
TASK-5500,Traction,HIGH,IMMEDIATE,FAILED,False,0,2,2.3,1,0,92.42281448968942,CRITICAL
TASK-5501,Traction,CRITICAL,HIGH,FAILED,False,0,2,4.8,1,1,100.0,CRITICAL
TASK-5502,Engineering,ROUTINE,NORMAL,GOOD,True,1,1,2.9,0,1,23.370277923101085,LOW
TASK-5503,Engineering,ROUTINE,NORMAL,FAIR,True,2,2,5.1,0,1,31.66987161009311,LOW
TASK-5504,Traction,MEDIUM,NORMAL,GOOD,True,8,1,3.4,0,1,46.18621608799272,MEDIUM
TASK-5505,Traction,ROUTINE,MEDIUM,GOOD,False,0,3,3.0,0,1,24.94720676847244,LOW
TASK-5506,Traction,MEDIUM,MEDIUM,DEGRADED,False,0,1,3.7,0,0,36.985148438389224,LOW
TASK-5507,Engineering,MEDIUM,NORMAL,FAIR,False,0,4,7.6,0,1,30.97578439704505,LOW
TASK-5508,S&T,MEDIUM,NORMAL,GOOD,True,5,0,6.8,0,1,41.555097329126745,LOW
TASK-5509,S&T,MEDIUM,NORMAL,GOOD,True,1,2,6.5,0,1,30.52206248537615,LOW
TASK-5510,Traction,MEDIUM,MEDIUM,DEGRADED,True,12,3,8.0,0,1,60.548811762024215,MEDIUM
TASK-5511,Traction,HIGH,HIGH,FAILED,True,12,2,4.5,1,1,100.0,CRITICAL
TASK-5512,Engineering,LOW,NORMAL,GOOD,True,13,3,3.3,0,0,40.09916611942432,LOW
TASK-5513,S&T,LOW,NORMAL,FAIR,True,23,1,6.2,0,1,43.7924005195558,LOW
TASK-5514,S&T,HIGH,HIGH,DEGRADED,False,0,1,6.1,1,1,70.45325413999208,HIGH
TASK-5515,Engineering,MEDIUM,MEDIUM,DEGRADED,True,2,2,4.3,0,1,40.090929833154725,LOW
TASK-5516,Engineering,CRITICAL,HIGH,FAILED,False,0,2,3.5,1,1,92.6059740147364,CRITICAL
TASK-5517,Engineering,MEDIUM,MEDIUM,DEGRADED,False,0,1,2.5,0,0,32.27222032537117,LOW
TASK-5518,S&T,LOW,NORMAL,FAIR,True,7,0,0.6,0,1,31.609997973146555,LOW
TASK-5519,S&T,ROUTINE,NORMAL,FAIR,False,0,2,2.6,0,1,18.22507899908667,LOW
TASK-5520,S&T,CRITICAL,HIGH,FAILED,False,0,2,6.4,1,0,97.08135227357535,CRITICAL
TASK-5521,Traction,MEDIUM,MEDIUM,DEGRADED,True,11,1,1.2,0,0,46.744468978930996,MEDIUM
TASK-5522,Engineering,LOW,NORMAL,GOOD,True,10,1,5.8,0,1,32.41896112547321,LOW
TASK-5523,Engineering,ROUTINE,NORMAL,GOOD,True,21,2,5.1,0,1,47.556096363414326,MEDIUM
TASK-5524,Traction,HIGH,HIGH,FAILED,False,0,1,6.7,1,1,95.66987224233581,CRITICAL
TASK-5525,Traction,CRITICAL,HIGH,POOR,False,0,0,5.3,1,0,91.04210763511104,CRITICAL
TASK-5526,S&T,CRITICAL,IMMEDIATE,FAILED,True,4,2,3.4,1,0,100.0,CRITICAL
TASK-5527,Traction,LOW,NORMAL,GOOD,True,18,0,3.1,0,0,38.45168613723327,LOW
TASK-5528,S&T,MEDIUM,MEDIUM,DEGRADED,False,0,1,6.7,1,0,43.63420114180849,LOW
TASK-5529,Engineering,CRITICAL,HIGH,POOR,True,12,1,6.9,1,1,100.0,CRITICAL
TASK-5530,S&T,LOW,NORMAL,FAIR,False,0,1,4.5,0,1,19.79725346053849,LOW
TASK-5531,Engineering,CRITICAL,IMMEDIATE,POOR,False,0,1,2.4,1,1,100.0,CRITICAL
TASK-5532,Engineering,HIGH,HIGH,FAILED,True,5,2,7.8,1,1,96.27685388975092,CRITICAL
TASK-5533,Traction,HIGH,IMMEDIATE,POOR,False,0,3,4.7,1,0,100.0,CRITICAL
TASK-5534,S&T,ROUTINE,NORMAL,GOOD,False,0,3,2.1,0,0,24.469074318761155,LOW
TASK-5535,Traction,MEDIUM,MEDIUM,DEGRADED,True,15,1,2.8,0,1,61.353120304263406,MEDIUM
TASK-5536,S&T,CRITICAL,HIGH,POOR,False,0,0,5.6,1,0,89.50143641302098,CRITICAL
TASK-5537,Engineering,ROUTINE,NORMAL,FAIR,False,0,2,5.2,0,1,20.62562320041717,LOW
TASK-5538,Engineering,CRITICAL,IMMEDIATE,FAILED,True,15,1,3.1,1,1,100.0,CRITICAL
TASK-5539,S&T,HIGH,IMMEDIATE,POOR,True,6,2,8.0,1,1,93.23986466279962,CRITICAL
TASK-5540,Engineering,HIGH,MEDIUM,DEGRADED,False,0,3,4.7,1,0,63.91180010904055,MEDIUM
TASK-5541,S&T,ROUTINE,NORMAL,FAIR,False,0,1,3.3,0,0,24.56777806359389,LOW
TASK-5542,Traction,ROUTINE,NORMAL,FAIR,False,0,1,3.3,0,1,32.1402392485695,LOW
TASK-5543,Engineering,ROUTINE,NORMAL,GOOD,False,0,0,3.5,0,0,23.017548180782008,LOW
TASK-5544,Engineering,MEDIUM,NORMAL,GOOD,False,0,1,4.8,0,0,34.38388845719364,LOW
TASK-5545,Engineering,ROUTINE,MEDIUM,FAIR,True,9,0,6.3,0,0,25.230481067058907,LOW
TASK-5546,Traction,HIGH,IMMEDIATE,POOR,False,0,1,4.6,1,0,99.95761774592034,CRITICAL
TASK-5547,S&T,ROUTINE,NORMAL,FAIR,False,0,0,3.6,0,1,22.0467376512443,LOW
TASK-5548,Traction,HIGH,HIGH,DEGRADED,True,5,1,2.9,1,1,72.81789536497958,HIGH
TASK-5549,S&T,ROUTINE,NORMAL,GOOD,False,0,1,5.5,0,0,21.178270220517746,LOW
TASK-5550,Traction,MEDIUM,MEDIUM,DEGRADED,True,2,0,4.3,0,1,33.584827063863166,LOW
TASK-5551,Traction,CRITICAL,IMMEDIATE,POOR,False,0,2,2.2,1,1,100.0,CRITICAL
TASK-5552,S&T,HIGH,HIGH,POOR,True,8,1,6.2,1,1,93.422145790967,CRITICAL
TASK-5553,S&T,CRITICAL,IMMEDIATE,POOR,False,0,1,1.7,1,0,95.62720880597165,CRITICAL
TASK-5554,Engineering,CRITICAL,HIGH,POOR,False,0,3,2.7,1,0,97.90454416820802,CRITICAL
TASK-5555,Traction,MEDIUM,HIGH,DEGRADED,True,17,0,6.2,0,1,68.30813497418994,HIGH
TASK-5556,Traction,MEDIUM,NORMAL,FAIR,True,4,1,5.6,0,1,35.448499825383486,LOW
TASK-5557,Engineering,CRITICAL,IMMEDIATE,POOR,False,0,2,4.9,1,1,100.0,CRITICAL
TASK-5558,S&T,CRITICAL,HIGH,POOR,False,0,2,3.6,1,1,91.65742142307244,CRITICAL
TASK-5559,Traction,MEDIUM,NORMAL,GOOD,False,0,4,5.1,0,1,38.58239387515459,LOW
TASK-5560,Engineering,CRITICAL,HIGH,FAILED,False,0,4,5.1,1,1,100.0,CRITICAL
TASK-5561,Engineering,HIGH,HIGH,FAILED,False,0,1,4.8,1,1,87.3175777886345,CRITICAL
TASK-5562,S&T,LOW,NORMAL,GOOD,False,0,2,2.9,0,0,23.01242587991493,LOW
TASK-5563,Engineering,LOW,NORMAL,FAIR,False,0,1,4.8,0,0,28.726457061810933,LOW
TASK-5564,S&T,LOW,NORMAL,GOOD,False,0,2,7.6,0,1,22.061240427369356,LOW
TASK-5565,Engineering,HIGH,HIGH,FAILED,True,12,1,7.1,1,0,100.0,CRITICAL
TASK-5566,Traction,CRITICAL,HIGH,POOR,False,0,2,4.6,1,1,91.80600884795423,CRITICAL
TASK-5567,Engineering,ROUTINE,NORMAL,FAIR,False,0,2,3.9,0,1,21.170695395761534,LOW
TASK-5568,Traction,ROUTINE,NORMAL,FAIR,True,16,2,1.8,0,1,44.079743283771876,LOW
TASK-5569,Traction,ROUTINE,NORMAL,FAIR,False,0,0,2.9,0,1,15.516847196138002,LOW
TASK-5570,S&T,LOW,NORMAL,GOOD,False,0,2,7.2,0,0,19.609100077082356,LOW
TASK-5571,Engineering,HIGH,IMMEDIATE,FAILED,False,0,1,4.0,1,1,100.0,CRITICAL
TASK-5572,Engineering,CRITICAL,HIGH,FAILED,True,5,2,3.8,1,1,100.0,CRITICAL
TASK-5573,Engineering,ROUTINE,MEDIUM,FAIR,False,0,0,7.8,0,1,18.572224164040726,LOW
TASK-5574,Traction,ROUTINE,NORMAL,GOOD,False,0,0,6.5,0,0,13.983656051779768,LOW
TASK-5575,S&T,MEDIUM,NORMAL,FAIR,False,0,1,2.3,0,1,30.086219442162193,LOW
TASK-5576,Traction,MEDIUM,NORMAL,GOOD,True,15,3,0.6,0,1,50.08461657845388,MEDIUM
TASK-5577,Engineering,HIGH,IMMEDIATE,POOR,False,0,0,7.0,1,0,91.84032468873471,CRITICAL
TASK-5578,S&T,CRITICAL,IMMEDIATE,POOR,True,24,0,1.0,1,0,100.0,CRITICAL
TASK-5579,S&T,MEDIUM,MEDIUM,DEGRADED,True,15,1,7.1,1,0,72.64229557869908,HIGH
TASK-5580,Traction,ROUTINE,NORMAL,GOOD,False,0,0,5.9,0,1,29.563092792390975,LOW
TASK-5581,Traction,CRITICAL,HIGH,FAILED,True,18,1,5.9,1,0,100.0,CRITICAL
TASK-5582,S&T,CRITICAL,IMMEDIATE,POOR,False,0,1,6.7,1,0,100.0,CRITICAL
TASK-5583,Engineering,HIGH,MEDIUM,DEGRADED,True,10,1,6.6,1,1,72.55453687239964,HIGH
TASK-5584,Traction,MEDIUM,NORMAL,GOOD,True,23,1,3.2,0,0,49.0820468312191,MEDIUM
TASK-5585,Traction,CRITICAL,IMMEDIATE,FAILED,True,10,2,5.2,1,1,100.0,CRITICAL
TASK-5586,S&T,HIGH,HIGH,POOR,False,0,0,6.4,1,1,80.96663309400303,CRITICAL
TASK-5587,Engineering,LOW,MEDIUM,FAIR,False,0,2,6.9,0,1,26.105996500217962,LOW
TASK-5588,Traction,ROUTINE,NORMAL,GOOD,False,0,0,5.9,0,1,17.53540019305254,LOW
TASK-5589,S&T,HIGH,HIGH,POOR,True,12,2,5.4,1,0,100.0,CRITICAL
TASK-5590,Engineering,ROUTINE,NORMAL,FAIR,True,10,1,6.5,0,0,33.87823925370029,LOW
TASK-5591,Engineering,MEDIUM,MEDIUM,DEGRADED,False,0,1,1.2,0,1,40.76262831580422,LOW
TASK-5592,Traction,ROUTINE,NORMAL,GOOD,False,0,3,3.9,0,0,21.97742057354258,LOW
TASK-5593,Traction,CRITICAL,IMMEDIATE,POOR,True,5,2,6.1,1,1,100.0,CRITICAL
TASK-5594,S&T,MEDIUM,MEDIUM,DEGRADED,True,11,1,2.7,1,1,68.8972254963639,HIGH
TASK-5595,S&T,MEDIUM,MEDIUM,DEGRADED,False,0,3,6.4,1,1,55.963706786742776,MEDIUM
TASK-5596,Traction,MEDIUM,MEDIUM,DEGRADED,False,0,1,4.8,0,1,39.45675947081773,LOW
TASK-5597,Traction,MEDIUM,NORMAL,GOOD,True,13,2,6.2,0,1,53.92757954104059,MEDIUM
TASK-5598,Engineering,HIGH,HIGH,FAILED,False,0,0,2.7,1,1,76.81990836320007,HIGH
TASK-5599,Engineering,MEDIUM,HIGH,DEGRADED,False,0,0,4.7,0,0,46.32877351691252,MEDIUM
TASK-5600,Traction,HIGH,MEDIUM,DEGRADED,False,0,3,2.8,1,1,62.59199574567267,MEDIUM
TASK-5601,Traction,LOW,MEDIUM,FAIR,True,7,2,4.8,0,1,47.45232136144868,MEDIUM
TASK-5602,S&T,CRITICAL,IMMEDIATE,POOR,False,0,2,5.8,1,1,100.0,CRITICAL
TASK-5603,Traction,MEDIUM,MEDIUM,DEGRADED,False,0,2,1.7,0,1,39.53209661372356,LOW
TASK-5604,Traction,LOW,NORMAL,FAIR,False,0,0,1.6,0,1,17.78959507098119,LOW
TASK-5605,S&T,CRITICAL,HIGH,POOR,False,0,3,2.4,1,1,91.64438217683094,CRITICAL
TASK-5606,Engineering,LOW,NORMAL,GOOD,True,18,1,6.9,0,1,39.495544271947395,LOW
TASK-5607,Traction,MEDIUM,MEDIUM,DEGRADED,True,13,2,1.6,0,1,59.78083608430656,MEDIUM
TASK-5608,Engineering,MEDIUM,MEDIUM,DEGRADED,False,0,1,3.2,0,1,41.11505678462136,LOW
TASK-5609,Traction,HIGH,HIGH,FAILED,True,16,2,3.5,1,1,100.0,CRITICAL
TASK-5610,Traction,MEDIUM,NORMAL,FAIR,False,0,1,7.8,0,0,33.54300527754434,LOW
TASK-5611,Traction,LOW,NORMAL,FAIR,True,3,3,4.9,0,1,32.04661749360109,LOW
TASK-5612,Traction,MEDIUM,HIGH,DEGRADED,True,15,3,4.4,0,0,80.20201882511375,CRITICAL
TASK-5613,S&T,HIGH,HIGH,POOR,True,13,2,5.4,1,1,98.68164853776221,CRITICAL
TASK-5614,Traction,HIGH,IMMEDIATE,POOR,False,0,1,1.8,1,1,97.3190017543936,CRITICAL
TASK-5615,S&T,LOW,NORMAL,GOOD,False,0,0,5.5,0,0,17.388999270303074,LOW
TASK-5616,Engineering,MEDIUM,MEDIUM,DEGRADED,False,0,2,2.2,0,1,43.00551134815409,LOW
TASK-5617,Engineering,ROUTINE,MEDIUM,FAIR,False,0,0,1.6,0,1,27.761966875164042,LOW
TASK-5618,Traction,MEDIUM,NORMAL,GOOD,True,7,0,5.4,0,1,39.24743539592561,LOW
TASK-5619,S&T,HIGH,HIGH,POOR,True,16,3,3.9,1,1,98.85744663955938,CRITICAL
TASK-5620,Traction,MEDIUM,NORMAL,GOOD,True,4,1,6.8,0,0,28.586526624608407,LOW
TASK-5621,Traction,MEDIUM,NORMAL,FAIR,True,24,1,6.1,0,1,62.36005641629557,MEDIUM
TASK-5622,S&T,ROUTINE,MEDIUM,GOOD,True,10,3,3.5,0,1,46.15343176440467,MEDIUM
TASK-5623,Engineering,MEDIUM,HIGH,DEGRADED,False,0,2,4.3,0,0,56.414362949490645,MEDIUM
TASK-5624,S&T,HIGH,HIGH,FAILED,True,20,1,7.7,1,1,100.0,CRITICAL
TASK-5625,Traction,CRITICAL,HIGH,FAILED,True,8,3,7.0,1,1,100.0,CRITICAL
TASK-5626,Engineering,CRITICAL,IMMEDIATE,POOR,False,0,2,4.8,1,0,100.0,CRITICAL
TASK-5627,Engineering,ROUTINE,NORMAL,FAIR,False,0,1,2.4,0,0,18.189859678653832,LOW
TASK-5628,Traction,ROUTINE,NORMAL,FAIR,False,0,2,5.7,0,1,22.483671447114958,LOW
TASK-5629,Traction,ROUTINE,NORMAL,FAIR,False,0,2,2.2,0,1,27.927743345682007,LOW
TASK-5630,Traction,CRITICAL,HIGH,POOR,True,10,2,1.8,1,1,100.0,CRITICAL
TASK-5631,Traction,MEDIUM,MEDIUM,DEGRADED,False,0,2,4.6,0,1,31.06701219339452,LOW
TASK-5632,Engineering,ROUTINE,MEDIUM,FAIR,True,17,2,6.0,0,1,49.19639822697418,MEDIUM
TASK-5633,Engineering,MEDIUM,NORMAL,FAIR,True,7,3,4.4,0,1,43.640475538772584,LOW
TASK-5634,Engineering,LOW,NORMAL,FAIR,True,15,4,2.2,0,1,41.14050790049906,LOW
TASK-5635,Traction,CRITICAL,IMMEDIATE,FAILED,False,0,2,4.1,1,1,100.0,CRITICAL
TASK-5636,Engineering,CRITICAL,HIGH,FAILED,True,11,0,7.1,1,0,100.0,CRITICAL
TASK-5637,Engineering,MEDIUM,MEDIUM,DEGRADED,False,0,2,6.4,0,1,43.83813194296828,LOW
TASK-5638,Engineering,LOW,NORMAL,FAIR,False,0,4,4.1,0,1,30.192820377978816,LOW
TASK-5639,S&T,ROUTINE,NORMAL,GOOD,True,12,2,4.1,0,1,43.453924960620206,LOW
TASK-5640,Engineering,CRITICAL,IMMEDIATE,FAILED,True,12,2,4.9,1,1,100.0,CRITICAL
TASK-5641,Traction,HIGH,IMMEDIATE,POOR,True,7,1,2.7,1,1,100.0,CRITICAL
TASK-5642,Engineering,CRITICAL,HIGH,FAILED,False,0,0,3.7,1,1,96.94310740100498,CRITICAL
TASK-5643,Engineering,CRITICAL,IMMEDIATE,POOR,True,10,4,6.3,1,1,100.0,CRITICAL
TASK-5644,Engineering,CRITICAL,HIGH,FAILED,True,5,1,6.5,1,0,100.0,CRITICAL
TASK-5645,Traction,HIGH,IMMEDIATE,POOR,True,8,5,7.9,1,1,100.0,CRITICAL
TASK-5646,S&T,CRITICAL,IMMEDIATE,POOR,True,4,1,5.0,1,0,100.0,CRITICAL
TASK-5647,S&T,LOW,NORMAL,FAIR,True,13,0,3.0,0,1,37.210697584093325,LOW
TASK-5648,S&T,HIGH,IMMEDIATE,FAILED,False,0,3,2.6,1,1,100.0,CRITICAL
TASK-5649,Traction,MEDIUM,HIGH,DEGRADED,False,0,1,2.5,0,0,38.41757919700501,LOW
TASK-5650,Traction,ROUTINE,NORMAL,FAIR,True,21,1,3.1,0,1,48.80971331566697,MEDIUM
TASK-5651,Traction,HIGH,HIGH,FAILED,True,24,0,4.3,1,0,100.0,CRITICAL
TASK-5652,Traction,CRITICAL,IMMEDIATE,POOR,True,10,0,1.3,1,1,100.0,CRITICAL
TASK-5653,Engineering,HIGH,HIGH,POOR,True,8,0,0.5,1,1,85.76318513654977,CRITICAL
TASK-5654,Traction,CRITICAL,IMMEDIATE,POOR,False,0,1,4.2,1,1,100.0,CRITICAL
TASK-5655,Engineering,MEDIUM,NORMAL,GOOD,False,0,1,6.2,0,1,39.28742763617629,LOW
TASK-5656,Traction,MEDIUM,HIGH,DEGRADED,False,0,0,1.2,0,1,45.00845660642826,MEDIUM
TASK-5657,S&T,MEDIUM,MEDIUM,DEGRADED,False,0,2,5.3,1,1,52.76441799547791,MEDIUM
TASK-5658,Traction,LOW,NORMAL,FAIR,False,0,0,2.0,0,1,18.295902039707453,LOW
TASK-5659,Engineering,LOW,NORMAL,FAIR,False,0,1,2.1,0,1,27.250589329106855,LOW
TASK-5660,Traction,HIGH,HIGH,DEGRADED,True,4,2,2.9,1,1,82.30122707640442,CRITICAL
TASK-5661,Traction,CRITICAL,IMMEDIATE,POOR,True,14,1,1.3,1,1,100.0,CRITICAL
TASK-5662,S&T,HIGH,HIGH,FAILED,False,0,5,2.1,1,1,99.5764366274664,CRITICAL
TASK-5663,Traction,ROUTINE,NORMAL,FAIR,True,23,4,2.9,0,0,53.71041501332246,MEDIUM
TASK-5664,Engineering,CRITICAL,HIGH,POOR,True,2,1,6.4,1,1,95.27023372144834,CRITICAL
TASK-5665,Engineering,HIGH,HIGH,FAILED,True,22,2,5.5,1,1,100.0,CRITICAL
TASK-5666,S&T,HIGH,HIGH,FAILED,False,0,0,7.9,1,1,91.06387930851785,CRITICAL
TASK-5667,Traction,CRITICAL,IMMEDIATE,FAILED,False,0,0,6.4,1,1,100.0,CRITICAL
TASK-5668,Traction,MEDIUM,MEDIUM,DEGRADED,False,0,2,2.2,0,1,33.385281783319755,LOW
TASK-5669,S&T,HIGH,IMMEDIATE,POOR,False,0,2,7.5,1,0,90.01859599807271,CRITICAL
TASK-5670,S&T,HIGH,MEDIUM,DEGRADED,True,11,2,1.6,1,0,72.61056688486849,HIGH
TASK-5671,S&T,MEDIUM,HIGH,DEGRADED,False,0,4,6.7,1,1,63.17546372295297,MEDIUM
TASK-5672,S&T,HIGH,HIGH,POOR,False,0,2,2.8,1,1,83.04086772806626,CRITICAL
TASK-5673,Traction,CRITICAL,IMMEDIATE,POOR,True,4,5,6.2,1,1,100.0,CRITICAL
TASK-5674,Engineering,HIGH,IMMEDIATE,POOR,True,8,0,0.9,1,1,100.0,CRITICAL
TASK-5675,S&T,MEDIUM,HIGH,DEGRADED,False,0,1,5.3,1,1,64.9090938395661,MEDIUM
TASK-5676,Engineering,CRITICAL,IMMEDIATE,POOR,False,0,2,6.3,1,1,100.0,CRITICAL
TASK-5677,Engineering,MEDIUM,NORMAL,FAIR,False,0,2,2.1,0,1,34.232146300321986,LOW
TASK-5678,Traction,MEDIUM,HIGH,DEGRADED,False,0,2,2.7,0,1,50.57245336182435,MEDIUM
TASK-5679,S&T,MEDIUM,NORMAL,GOOD,True,31,1,2.9,0,1,50.11869295971935,MEDIUM
TASK-5680,S&T,HIGH,MEDIUM,DEGRADED,False,0,3,4.7,1,1,70.2292348309005,HIGH
TASK-5681,Traction,ROUTINE,NORMAL,FAIR,True,12,1,6.5,0,0,35.61127353609902,LOW
TASK-5682,Traction,CRITICAL,HIGH,FAILED,False,0,1,3.8,1,1,95.29720611001173,CRITICAL
TASK-5683,S&T,ROUTINE,NORMAL,GOOD,False,0,2,1.1,0,0,14.096843357276681,LOW
TASK-5684,Engineering,MEDIUM,MEDIUM,DEGRADED,False,0,2,5.9,0,1,36.64272893420899,LOW
TASK-5685,Traction,HIGH,HIGH,FAILED,True,21,2,4.0,1,0,100.0,CRITICAL
TASK-5686,Engineering,CRITICAL,IMMEDIATE,POOR,False,0,3,5.7,1,1,100.0,CRITICAL
TASK-5687,Traction,CRITICAL,IMMEDIATE,POOR,False,0,2,2.4,1,1,96.65227407540529,CRITICAL
TASK-5688,Traction,CRITICAL,IMMEDIATE,FAILED,True,9,1,3.3,1,1,100.0,CRITICAL
TASK-5689,Engineering,ROUTINE,NORMAL,GOOD,True,10,3,5.3,0,1,44.25516929141,LOW
TASK-5690,S&T,CRITICAL,IMMEDIATE,FAILED,True,3,0,3.3,1,1,99.69975008629481,CRITICAL
TASK-5691,S&T,ROUTINE,NORMAL,GOOD,False,0,1,4.0,0,1,19.0202266148876,LOW
TASK-5692,Traction,ROUTINE,MEDIUM,GOOD,False,0,3,2.9,0,1,33.69525164381032,LOW
TASK-5693,Traction,CRITICAL,IMMEDIATE,POOR,False,0,3,6.7,1,1,100.0,CRITICAL
TASK-5694,Engineering,HIGH,IMMEDIATE,FAILED,True,20,1,2.7,1,1,100.0,CRITICAL
TASK-5695,Engineering,HIGH,HIGH,FAILED,False,0,0,1.2,1,1,85.84297542977536,CRITICAL
TASK-5696,Engineering,MEDIUM,MEDIUM,DEGRADED,False,0,0,4.8,0,1,34.38524186017144,LOW
TASK-5697,Traction,MEDIUM,MEDIUM,DEGRADED,True,6,0,4.7,0,1,43.6139343553967,LOW
TASK-5698,S&T,ROUTINE,NORMAL,GOOD,False,0,1,1.6,0,1,14.328101883833478,LOW
TASK-5699,Engineering,MEDIUM,MEDIUM,DEGRADED,True,10,0,7.7,0,1,53.25801127474428,MEDIUM
TASK-5700,S&T,CRITICAL,HIGH,POOR,False,0,1,6.1,1,1,88.24207959717705,CRITICAL
TASK-5701,Engineering,LOW,NORMAL,FAIR,False,0,1,2.9,0,0,13.649380791890135,LOW
TASK-5702,Engineering,CRITICAL,HIGH,POOR,False,0,0,3.2,1,1,98.06540391738393,CRITICAL
TASK-5703,Engineering,HIGH,HIGH,DEGRADED,False,0,1,2.4,1,1,74.55617866130571,HIGH
TASK-5704,Traction,ROUTINE,NORMAL,GOOD,False,0,2,1.6,0,0,23.82811866243525,LOW
TASK-5705,Traction,HIGH,IMMEDIATE,POOR,False,0,2,3.7,1,1,94.06426534577801,CRITICAL
TASK-5706,S&T,ROUTINE,MEDIUM,GOOD,False,0,2,6.7,0,0,24.099430515445757,LOW
TASK-5707,Engineering,CRITICAL,IMMEDIATE,FAILED,False,0,0,3.3,1,1,100.0,CRITICAL
TASK-5708,Traction,HIGH,IMMEDIATE,POOR,True,17,1,8.0,1,1,100.0,CRITICAL
TASK-5709,Traction,MEDIUM,HIGH,DEGRADED,True,5,2,6.4,0,0,53.39195386768899,MEDIUM
TASK-5710,S&T,HIGH,MEDIUM,DEGRADED,False,0,3,4.8,1,1,75.88288333661808,HIGH
TASK-5711,Traction,ROUTINE,NORMAL,GOOD,False,0,2,6.0,0,1,10.63758448173951,LOW
TASK-5712,Traction,ROUTINE,NORMAL,GOOD,False,0,0,7.8,0,0,16.404442818317126,LOW
TASK-5713,Engineering,CRITICAL,HIGH,FAILED,False,0,0,1.7,1,1,95.8070685137722,CRITICAL
TASK-5714,Traction,LOW,NORMAL,GOOD,False,0,1,4.8,0,1,31.969333923833926,LOW
TASK-5715,S&T,CRITICAL,HIGH,FAILED,False,0,2,5.4,1,1,98.46257641172186,CRITICAL
TASK-5716,Engineering,ROUTINE,NORMAL,GOOD,False,0,0,6.3,0,1,17.825876894627115,LOW
TASK-5717,S&T,HIGH,MEDIUM,DEGRADED,True,4,0,4.0,1,1,67.26701832608133,HIGH
TASK-5718,Traction,MEDIUM,NORMAL,FAIR,False,0,1,5.4,0,0,38.95776169880808,LOW
TASK-5719,Engineering,LOW,NORMAL,FAIR,True,15,0,5.4,0,1,41.15232743579602,LOW
TASK-5720,S&T,CRITICAL,HIGH,POOR,False,0,1,4.5,1,0,97.07183510132243,CRITICAL
TASK-5721,Traction,HIGH,HIGH,POOR,True,36,0,7.2,1,0,95.56930033492951,CRITICAL
TASK-5722,S&T,CRITICAL,IMMEDIATE,FAILED,False,0,3,2.7,1,1,100.0,CRITICAL
TASK-5723,Traction,CRITICAL,IMMEDIATE,POOR,True,17,4,0.6,1,1,100.0,CRITICAL
TASK-5724,Engineering,MEDIUM,MEDIUM,DEGRADED,False,0,0,3.7,0,0,43.61449644309306,LOW
TASK-5725,S&T,MEDIUM,NORMAL,FAIR,False,0,1,4.9,0,0,27.2766549669212,LOW
TASK-5726,S&T,HIGH,IMMEDIATE,FAILED,False,0,3,3.9,1,0,100.0,CRITICAL
TASK-5727,Traction,LOW,NORMAL,FAIR,False,0,2,6.3,0,1,17.1037595814317,LOW
TASK-5728,Traction,HIGH,MEDIUM,DEGRADED,True,20,0,7.2,1,1,72.24630061395109,HIGH
TASK-5729,Traction,CRITICAL,HIGH,FAILED,False,0,1,1.6,1,0,100.0,CRITICAL
TASK-5730,Engineering,LOW,NORMAL,FAIR,False,0,0,2.8,0,1,23.43419066632569,LOW
TASK-5731,Engineering,LOW,NORMAL,GOOD,False,0,4,4.5,0,1,25.891201924041507,LOW
TASK-5732,Engineering,MEDIUM,NORMAL,FAIR,True,15,1,4.6,0,1,40.055129628236315,LOW
TASK-5733,Engineering,HIGH,HIGH,DEGRADED,False,0,2,7.0,1,1,71.71535953568215,HIGH
TASK-5734,Engineering,ROUTINE,NORMAL,FAIR,False,0,2,2.0,0,1,15.93077883945374,LOW
TASK-5735,Engineering,HIGH,HIGH,POOR,False,0,2,7.9,1,1,87.82773661679414,CRITICAL
TASK-5736,Engineering,ROUTINE,NORMAL,FAIR,False,0,1,6.3,0,1,22.652612288018204,LOW
TASK-5737,Engineering,LOW,NORMAL,FAIR,True,4,3,7.1,0,1,36.52344201476795,LOW
TASK-5738,S&T,MEDIUM,NORMAL,GOOD,True,1,2,6.8,0,1,41.08344820688563,LOW
TASK-5739,S&T,MEDIUM,NORMAL,GOOD,True,11,1,3.8,0,0,54.96813148293928,MEDIUM
TASK-5740,Traction,ROUTINE,NORMAL,FAIR,False,0,0,3.4,0,1,24.042882029952914,LOW
TASK-5741,S&T,HIGH,HIGH,POOR,False,0,3,3.5,1,1,79.80208225673451,HIGH
TASK-5742,Engineering,CRITICAL,IMMEDIATE,POOR,False,0,1,4.9,1,0,100.0,CRITICAL
TASK-5743,Engineering,LOW,MEDIUM,GOOD,False,0,3,7.8,0,1,33.59298367228765,LOW
TASK-5744,Traction,CRITICAL,HIGH,FAILED,True,13,0,5.9,1,1,100.0,CRITICAL
TASK-5745,Engineering,ROUTINE,NORMAL,FAIR,True,2,2,6.2,0,0,34.049024861824826,LOW
TASK-5746,Engineering,CRITICAL,HIGH,POOR,False,0,1,6.1,1,1,96.47968697270575,CRITICAL
TASK-5747,S&T,HIGH,MEDIUM,DEGRADED,True,6,2,3.6,1,1,80.13248636359292,CRITICAL
TASK-5748,Engineering,ROUTINE,NORMAL,GOOD,False,0,3,6.5,0,1,27.24226631476382,LOW
TASK-5749,S&T,HIGH,IMMEDIATE,POOR,True,22,1,2.4,1,1,100.0,CRITICAL
TASK-5750,Engineering,CRITICAL,HIGH,POOR,False,0,1,0.6,1,1,86.3287364842197,CRITICAL
TASK-5751,S&T,CRITICAL,IMMEDIATE,POOR,True,2,2,3.5,1,1,100.0,CRITICAL
TASK-5752,Engineering,MEDIUM,MEDIUM,DEGRADED,True,14,3,3.2,0,0,59.060490432434214,MEDIUM
TASK-5753,S&T,MEDIUM,NORMAL,GOOD,True,4,1,3.8,0,1,43.34572432006619,LOW
TASK-5754,Traction,HIGH,HIGH,DEGRADED,True,15,0,2.2,1,0,88.69017222967311,CRITICAL
TASK-5755,Traction,LOW,NORMAL,GOOD,True,5,1,5.4,0,0,22.48201350209696,LOW
TASK-5756,S&T,HIGH,HIGH,POOR,True,12,4,0.6,1,1,100.0,CRITICAL
TASK-5757,S&T,HIGH,MEDIUM,DEGRADED,True,2,4,0.8,1,1,71.11111731850296,HIGH
TASK-5758,Engineering,MEDIUM,NORMAL,FAIR,False,0,3,4.7,0,1,41.339645509400384,LOW
TASK-5759,Engineering,CRITICAL,HIGH,FAILED,True,17,2,1.7,1,0,100.0,CRITICAL
TASK-5760,Traction,CRITICAL,HIGH,POOR,False,0,0,6.2,1,1,96.51443085073778,CRITICAL
TASK-5761,Engineering,CRITICAL,HIGH,FAILED,False,0,2,6.5,1,1,100.0,CRITICAL
TASK-5762,Traction,MEDIUM,HIGH,DEGRADED,True,18,1,3.3,0,1,66.48404232036137,HIGH
TASK-5763,S&T,ROUTINE,NORMAL,FAIR,True,4,2,3.6,0,0,36.65158213018108,LOW
TASK-5764,Engineering,CRITICAL,HIGH,FAILED,True,15,0,7.7,1,1,100.0,CRITICAL
TASK-5765,Traction,ROUTINE,NORMAL,FAIR,True,7,1,3.2,0,1,37.10758484667347,LOW
TASK-5766,Engineering,ROUTINE,NORMAL,FAIR,True,5,3,0.7,0,1,37.109284958050864,LOW
TASK-5767,Engineering,MEDIUM,HIGH,DEGRADED,False,0,2,3.5,0,1,51.18816715036488,MEDIUM
TASK-5768,S&T,MEDIUM,MEDIUM,DEGRADED,True,2,1,5.2,1,1,51.35311130381577,MEDIUM
TASK-5769,Engineering,ROUTINE,MEDIUM,GOOD,False,0,0,3.0,0,0,24.02353296090333,LOW
TASK-5770,S&T,ROUTINE,NORMAL,GOOD,False,0,2,6.0,0,1,28.669136091136803,LOW
TASK-5771,Engineering,HIGH,HIGH,POOR,False,0,1,0.8,1,1,80.72084442527074,CRITICAL
TASK-5772,S&T,CRITICAL,HIGH,FAILED,False,0,2,5.9,1,1,100.0,CRITICAL
TASK-5773,Engineering,ROUTINE,NORMAL,FAIR,False,0,0,1.3,0,0,19.83320250305023,LOW
TASK-5774,S&T,ROUTINE,NORMAL,FAIR,True,9,2,1.2,0,1,38.865727805350325,LOW
TASK-5775,Engineering,ROUTINE,MEDIUM,GOOD,True,3,2,7.8,0,1,35.21922113889401,LOW
TASK-5776,S&T,CRITICAL,HIGH,POOR,True,32,0,6.9,1,1,100.0,CRITICAL
TASK-5777,Traction,CRITICAL,HIGH,POOR,True,7,2,1.5,1,0,100.0,CRITICAL
TASK-5778,Traction,ROUTINE,NORMAL,GOOD,False,0,0,2.8,0,1,25.46947298810294,LOW
TASK-5779,S&T,HIGH,MEDIUM,DEGRADED,True,16,3,1.5,1,1,90.2077514076174,CRITICAL
TASK-5780,Traction,HIGH,HIGH,FAILED,False,0,1,3.2,1,0,87.38681506836811,CRITICAL
TASK-5781,Traction,LOW,NORMAL,GOOD,False,0,2,4.1,0,1,33.29204702829639,LOW
TASK-5782,Traction,CRITICAL,IMMEDIATE,FAILED,False,0,2,2.0,1,1,100.0,CRITICAL
TASK-5783,Engineering,CRITICAL,IMMEDIATE,FAILED,True,1,2,1.5,1,1,100.0,CRITICAL
TASK-5784,Engineering,MEDIUM,MEDIUM,FAIR,False,0,2,5.4,0,0,33.95351603497056,LOW
TASK-5785,Traction,LOW,NORMAL,GOOD,True,11,2,5.9,0,0,38.372213206751404,LOW
TASK-5786,S&T,CRITICAL,IMMEDIATE,FAILED,True,8,2,1.3,1,1,100.0,CRITICAL
TASK-5787,Engineering,HIGH,MEDIUM,DEGRADED,False,0,4,1.9,1,0,78.54295191678588,HIGH
TASK-5788,Traction,HIGH,MEDIUM,DEGRADED,True,11,1,3.0,1,1,76.99451777780108,HIGH
TASK-5789,S&T,HIGH,IMMEDIATE,FAILED,True,3,1,4.4,1,1,100.0,CRITICAL
TASK-5790,Traction,HIGH,MEDIUM,DEGRADED,True,13,1,6.2,1,1,81.64369220703401,CRITICAL
TASK-5791,Engineering,MEDIUM,MEDIUM,DEGRADED,False,0,1,3.7,0,0,37.81325142508295,LOW
TASK-5792,Traction,MEDIUM,NORMAL,FAIR,True,11,2,4.8,0,0,55.965499414127116,MEDIUM
TASK-5793,Engineering,HIGH,HIGH,POOR,False,0,1,5.2,1,1,82.11932509112248,CRITICAL
TASK-5794,Engineering,LOW,NORMAL,FAIR,True,1,2,0.6,0,0,34.56137463253877,LOW
TASK-5795,Traction,LOW,NORMAL,GOOD,False,0,0,6.8,0,1,18.611726161808356,LOW
TASK-5796,Engineering,ROUTINE,NORMAL,FAIR,True,5,2,3.5,0,1,42.9989041149321,LOW
TASK-5797,Engineering,HIGH,HIGH,FAILED,False,0,0,4.1,1,0,81.96406318522172,CRITICAL
TASK-5798,S&T,ROUTINE,NORMAL,FAIR,False,0,4,5.2,0,1,27.85220160517368,LOW
TASK-5799,Traction,HIGH,IMMEDIATE,POOR,True,16,1,3.9,1,0,100.0,CRITICAL
TASK-5800,Engineering,HIGH,HIGH,POOR,True,30,2,5.2,1,0,100.0,CRITICAL
TASK-5801,Traction,CRITICAL,HIGH,POOR,False,0,0,1.4,1,1,89.30367001812527,CRITICAL
TASK-5802,S&T,CRITICAL,HIGH,FAILED,False,0,0,7.4,1,1,100.0,CRITICAL
TASK-5803,S&T,ROUTINE,MEDIUM,FAIR,False,0,1,2.4,0,1,28.903482651148902,LOW
TASK-5804,S&T,CRITICAL,HIGH,FAILED,False,0,3,3.9,1,1,95.83626267424872,CRITICAL
TASK-5805,Engineering,MEDIUM,MEDIUM,DEGRADED,True,5,4,6.2,0,1,49.95828203803521,MEDIUM
TASK-5806,S&T,LOW,NORMAL,GOOD,False,0,0,6.4,0,1,26.77914235293303,LOW
TASK-5807,S&T,ROUTINE,MEDIUM,GOOD,False,0,3,7.7,0,0,32.96812707320928,LOW
TASK-5808,Engineering,ROUTINE,NORMAL,GOOD,True,10,3,2.2,0,0,41.224939217880504,LOW
TASK-5809,S&T,ROUTINE,NORMAL,GOOD,False,0,2,1.4,0,0,27.983152396678328,LOW
TASK-5810,Traction,MEDIUM,HIGH,DEGRADED,True,1,2,1.4,0,1,48.91616762191899,MEDIUM
TASK-5811,S&T,MEDIUM,MEDIUM,DEGRADED,False,0,3,3.9,1,1,57.76910037301206,MEDIUM
TASK-5812,Traction,ROUTINE,MEDIUM,GOOD,False,0,2,7.7,0,1,18.086916498285152,LOW
TASK-5813,Traction,LOW,NORMAL,FAIR,False,0,2,3.5,0,0,25.61170817703086,LOW
TASK-5814,Traction,ROUTINE,NORMAL,FAIR,False,0,3,1.6,0,1,26.83118100389457,LOW
TASK-5815,Traction,ROUTINE,NORMAL,FAIR,True,8,2,6.3,0,1,52.74103592769488,MEDIUM
TASK-5816,Engineering,MEDIUM,MEDIUM,DEGRADED,True,6,2,4.4,0,1,48.140941417185964,MEDIUM
TASK-5817,Engineering,CRITICAL,HIGH,FAILED,True,6,2,6.9,1,1,100.0,CRITICAL
TASK-5818,Traction,LOW,NORMAL,GOOD,False,0,3,6.5,0,1,22.909924638138897,LOW
TASK-5819,S&T,CRITICAL,HIGH,FAILED,True,28,0,2.2,1,1,100.0,CRITICAL
TASK-5820,Traction,ROUTINE,NORMAL,FAIR,False,0,1,3.3,0,1,8.69145461517177,LOW
TASK-5821,Engineering,ROUTINE,NORMAL,FAIR,False,0,3,5.3,0,1,20.30271377723729,LOW
TASK-5822,Traction,ROUTINE,NORMAL,FAIR,True,23,1,6.8,0,1,41.88712315047984,LOW
TASK-5823,Traction,MEDIUM,NORMAL,FAIR,True,12,2,4.6,0,1,52.972755036841924,MEDIUM
TASK-5824,Traction,HIGH,HIGH,POOR,True,35,2,6.9,1,1,100.0,CRITICAL
TASK-5825,S&T,LOW,MEDIUM,GOOD,True,12,2,7.7,0,0,40.154540701718915,LOW
TASK-5826,S&T,MEDIUM,MEDIUM,DEGRADED,True,33,0,3.4,1,1,72.88684149106932,HIGH
TASK-5827,Traction,HIGH,HIGH,POOR,False,0,3,7.2,1,1,75.70736955583376,HIGH
TASK-5828,S&T,HIGH,MEDIUM,DEGRADED,True,22,1,1.5,1,0,71.96411988801364,HIGH
TASK-5829,S&T,ROUTINE,NORMAL,GOOD,False,0,1,1.1,0,1,23.58052496844689,LOW
TASK-5830,Traction,CRITICAL,IMMEDIATE,FAILED,True,29,0,5.5,1,0,100.0,CRITICAL
TASK-5831,Engineering,HIGH,HIGH,FAILED,True,3,0,5.0,1,1,81.04825538117498,CRITICAL
TASK-5832,Engineering,MEDIUM,MEDIUM,GOOD,True,22,0,6.2,0,0,55.71475938276823,MEDIUM
TASK-5833,Engineering,ROUTINE,MEDIUM,FAIR,True,4,0,4.1,0,0,32.97711881299652,LOW
TASK-5834,Engineering,LOW,MEDIUM,FAIR,False,0,1,3.4,0,1,30.63495961568822,LOW
TASK-5835,Engineering,HIGH,HIGH,POOR,False,0,0,3.4,1,1,88.19256217951387,CRITICAL
TASK-5836,Engineering,LOW,NORMAL,FAIR,False,0,4,6.8,0,1,38.285141244856284,LOW
TASK-5837,Engineering,ROUTINE,NORMAL,FAIR,False,0,2,7.7,0,1,32.76136595041777,LOW
TASK-5838,S&T,ROUTINE,NORMAL,FAIR,False,0,1,7.2,0,1,19.530320142552732,LOW
TASK-5839,Engineering,CRITICAL,HIGH,FAILED,True,8,0,7.6,1,0,100.0,CRITICAL
TASK-5840,Engineering,ROUTINE,MEDIUM,FAIR,True,7,2,3.8,0,0,39.91946881620364,LOW
TASK-5841,Traction,HIGH,HIGH,DEGRADED,False,0,2,6.2,1,0,74.39516688509761,HIGH
TASK-5842,Engineering,LOW,NORMAL,GOOD,False,0,2,4.4,0,1,22.770528635048773,LOW
TASK-5843,Traction,LOW,NORMAL,GOOD,True,3,2,6.3,0,0,33.46818353938071,LOW
TASK-5844,Traction,HIGH,IMMEDIATE,POOR,True,1,0,2.2,1,0,94.38570624572417,CRITICAL
TASK-5845,S&T,HIGH,MEDIUM,DEGRADED,True,15,2,6.7,1,1,80.90923428668762,CRITICAL
TASK-5846,Traction,CRITICAL,IMMEDIATE,FAILED,False,0,1,3.9,1,0,100.0,CRITICAL
TASK-5847,Engineering,MEDIUM,HIGH,DEGRADED,False,0,1,7.1,0,1,49.196500183694624,MEDIUM
TASK-5848,Engineering,CRITICAL,IMMEDIATE,POOR,False,0,1,6.8,1,0,100.0,CRITICAL
TASK-5849,S&T,MEDIUM,NORMAL,GOOD,False,0,2,5.2,0,0,38.0842244829929,LOW
TASK-5850,S&T,HIGH,HIGH,FAILED,True,9,2,1.8,1,1,100.0,CRITICAL
TASK-5851,Traction,CRITICAL,IMMEDIATE,POOR,True,1,1,6.2,1,1,100.0,CRITICAL
TASK-5852,Engineering,HIGH,HIGH,FAILED,False,0,2,1.3,1,1,88.09149023871271,CRITICAL
TASK-5853,Traction,HIGH,IMMEDIATE,FAILED,False,0,5,7.7,1,0,100.0,CRITICAL
TASK-5854,S&T,LOW,MEDIUM,FAIR,False,0,2,7.0,0,1,27.066261687611988,LOW
TASK-5855,Traction,CRITICAL,IMMEDIATE,POOR,True,5,0,6.8,1,1,100.0,CRITICAL
TASK-5856,S&T,HIGH,IMMEDIATE,POOR,True,13,2,0.9,1,0,100.0,CRITICAL
TASK-5857,Engineering,MEDIUM,MEDIUM,DEGRADED,True,5,1,6.8,0,1,38.46334001580079,LOW
TASK-5858,Traction,MEDIUM,MEDIUM,DEGRADED,False,0,0,7.3,0,1,32.601878577437716,LOW
TASK-5859,Traction,HIGH,IMMEDIATE,FAILED,True,28,2,3.0,1,1,100.0,CRITICAL
TASK-5860,Traction,MEDIUM,MEDIUM,DEGRADED,True,5,0,7.9,0,1,43.18308218381646,LOW
TASK-5861,Engineering,ROUTINE,NORMAL,GOOD,True,1,0,1.3,0,1,26.783803069264323,LOW
TASK-5862,S&T,LOW,NORMAL,FAIR,False,0,4,4.9,0,1,21.816973003360403,LOW
TASK-5863,Engineering,HIGH,HIGH,FAILED,True,9,0,3.8,1,1,95.24723895118008,CRITICAL
TASK-5864,S&T,ROUTINE,NORMAL,GOOD,True,23,0,8.0,0,0,38.88950224396147,LOW
TASK-5865,Traction,CRITICAL,IMMEDIATE,POOR,False,0,3,4.7,1,0,100.0,CRITICAL
TASK-5866,Traction,CRITICAL,HIGH,POOR,True,2,2,5.0,1,1,92.9080784537941,CRITICAL
TASK-5867,Traction,CRITICAL,IMMEDIATE,POOR,True,34,2,0.8,1,1,100.0,CRITICAL
TASK-5868,Engineering,HIGH,IMMEDIATE,FAILED,True,20,0,6.8,1,1,100.0,CRITICAL
TASK-5869,Traction,MEDIUM,NORMAL,GOOD,False,0,1,4.8,0,0,28.66150619925557,LOW
TASK-5870,Engineering,LOW,NORMAL,FAIR,True,17,0,3.2,0,1,38.38765137924732,LOW
TASK-5871,Traction,CRITICAL,IMMEDIATE,FAILED,False,0,2,3.7,1,0,100.0,CRITICAL
TASK-5872,S&T,MEDIUM,NORMAL,GOOD,False,0,0,3.1,0,0,31.74656898726845,LOW
TASK-5873,S&T,CRITICAL,IMMEDIATE,POOR,True,13,2,4.8,1,1,100.0,CRITICAL
TASK-5874,Traction,ROUTINE,NORMAL,GOOD,False,0,3,7.6,0,1,22.314539825854357,LOW
TASK-5875,Traction,CRITICAL,HIGH,POOR,False,0,0,5.5,1,1,86.98907935610141,CRITICAL
TASK-5876,Engineering,LOW,NORMAL,FAIR,False,0,1,4.8,0,1,25.39558665774723,LOW
TASK-5877,Engineering,MEDIUM,MEDIUM,DEGRADED,False,0,1,1.2,0,1,32.515647964981625,LOW
TASK-5878,S&T,LOW,NORMAL,GOOD,False,0,2,6.0,0,0,21.626282726016015,LOW
TASK-5879,S&T,MEDIUM,HIGH,DEGRADED,False,0,2,6.6,1,1,60.923334780155415,MEDIUM
TASK-5880,S&T,MEDIUM,HIGH,DEGRADED,False,0,2,7.8,1,1,60.12533730912484,MEDIUM
TASK-5881,Engineering,MEDIUM,HIGH,DEGRADED,True,7,1,3.8,0,0,53.91041484941986,MEDIUM
TASK-5882,Engineering,MEDIUM,MEDIUM,DEGRADED,True,2,2,3.9,0,1,42.96418734832824,LOW
TASK-5883,Traction,MEDIUM,MEDIUM,DEGRADED,True,1,0,6.3,0,1,32.691652592388024,LOW
TASK-5884,Engineering,MEDIUM,NORMAL,FAIR,True,25,3,4.7,0,0,54.966494615888315,MEDIUM
TASK-5885,Traction,HIGH,HIGH,DEGRADED,False,0,1,6.1,1,1,71.48352203318254,HIGH
TASK-5886,S&T,LOW,NORMAL,FAIR,True,14,1,6.8,0,1,36.68920605989511,LOW
TASK-5887,Engineering,MEDIUM,HIGH,DEGRADED,False,0,1,3.1,0,1,51.54558963799005,MEDIUM
TASK-5888,Traction,LOW,NORMAL,FAIR,True,3,0,2.9,0,0,27.848703128311406,LOW
TASK-5889,S&T,ROUTINE,NORMAL,GOOD,False,0,1,7.4,0,1,20.18300554092784,LOW
TASK-5890,Engineering,HIGH,HIGH,POOR,False,0,2,2.8,1,1,76.38550142930589,HIGH
TASK-5891,S&T,MEDIUM,MEDIUM,FAIR,False,0,4,6.2,0,1,43.90482318669905,LOW
TASK-5892,Engineering,HIGH,MEDIUM,DEGRADED,False,0,2,6.9,1,1,66.47074672402675,HIGH
TASK-5893,S&T,HIGH,MEDIUM,DEGRADED,False,0,4,3.0,1,1,63.089957932904504,MEDIUM
TASK-5894,S&T,MEDIUM,MEDIUM,DEGRADED,False,0,1,6.2,1,1,46.849412882834095,MEDIUM
TASK-5895,Engineering,HIGH,MEDIUM,DEGRADED,False,0,6,0.6,1,1,63.55091433136991,MEDIUM
TASK-5896,Engineering,HIGH,HIGH,FAILED,False,0,2,2.8,1,1,97.4670940983939,CRITICAL
TASK-5897,Traction,CRITICAL,IMMEDIATE,FAILED,False,0,3,2.7,1,1,100.0,CRITICAL
TASK-5898,Traction,HIGH,IMMEDIATE,FAILED,False,0,0,1.8,1,1,99.45072654283112,CRITICAL
TASK-5899,Traction,LOW,NORMAL,GOOD,True,21,2,2.0,0,0,52.021390184112285,MEDIUM
TASK-5900,Engineering,HIGH,HIGH,FAILED,True,19,0,7.4,1,1,96.95464495781253,CRITICAL
TASK-5901,Traction,CRITICAL,HIGH,POOR,False,0,1,6.9,1,0,82.37178487720833,CRITICAL
TASK-5902,Engineering,MEDIUM,MEDIUM,DEGRADED,False,0,0,4.5,0,0,26.08690028383639,LOW
TASK-5903,S&T,LOW,NORMAL,FAIR,True,1,0,7.4,0,1,19.62952849530767,LOW
TASK-5904,Engineering,MEDIUM,MEDIUM,DEGRADED,True,40,4,5.1,0,1,66.14327782006933,HIGH
TASK-5905,Engineering,HIGH,HIGH,DEGRADED,True,1,1,8.0,1,1,67.92125744810511,HIGH
TASK-5906,S&T,LOW,NORMAL,GOOD,False,0,0,2.3,0,0,16.162316783232967,LOW
TASK-5907,Engineering,MEDIUM,HIGH,DEGRADED,False,0,0,0.7,0,1,46.065021579358444,MEDIUM
TASK-5908,Engineering,ROUTINE,MEDIUM,FAIR,True,9,0,2.3,0,1,41.3748946934161,LOW
TASK-5909,Engineering,HIGH,IMMEDIATE,POOR,True,31,0,5.4,1,1,100.0,CRITICAL
TASK-5910,Engineering,ROUTINE,NORMAL,FAIR,True,5,2,0.6,0,0,32.19202862403654,LOW
TASK-5911,Engineering,ROUTINE,MEDIUM,GOOD,True,16,3,6.9,0,1,49.36442328454235,MEDIUM
TASK-5912,S&T,CRITICAL,IMMEDIATE,POOR,False,0,1,3.6,1,1,98.65927410116173,CRITICAL
TASK-5913,Traction,HIGH,IMMEDIATE,FAILED,True,20,3,1.9,1,0,100.0,CRITICAL
TASK-5914,Engineering,HIGH,HIGH,FAILED,True,6,2,4.9,1,1,93.50232617326978,CRITICAL
TASK-5915,Traction,CRITICAL,IMMEDIATE,FAILED,True,8,2,7.2,1,1,100.0,CRITICAL
TASK-5916,S&T,MEDIUM,MEDIUM,DEGRADED,True,7,2,5.8,1,1,62.52510428721668,MEDIUM
TASK-5917,S&T,MEDIUM,MEDIUM,DEGRADED,True,21,0,3.7,1,0,75.93633121686248,HIGH
TASK-5918,S&T,ROUTINE,MEDIUM,FAIR,False,0,2,2.9,0,0,21.80545024625671,LOW
TASK-5919,S&T,LOW,MEDIUM,GOOD,False,0,3,7.7,0,1,34.9272939753586,LOW
TASK-5920,Engineering,HIGH,HIGH,DEGRADED,False,0,1,6.9,1,0,75.73382369380118,HIGH
TASK-5921,Traction,MEDIUM,NORMAL,FAIR,True,4,0,6.5,0,1,35.17122147682588,LOW
TASK-5922,Traction,LOW,MEDIUM,FAIR,True,7,1,1.2,0,1,41.731241131036306,LOW
TASK-5923,Traction,HIGH,IMMEDIATE,POOR,False,0,1,4.5,1,1,89.09304989360005,CRITICAL
TASK-5924,Engineering,CRITICAL,IMMEDIATE,FAILED,True,6,2,2.2,1,1,100.0,CRITICAL
TASK-5925,S&T,CRITICAL,IMMEDIATE,FAILED,True,9,3,6.7,1,1,100.0,CRITICAL
TASK-5926,Engineering,CRITICAL,HIGH,POOR,True,13,3,2.5,1,1,100.0,CRITICAL
TASK-5927,Engineering,CRITICAL,HIGH,POOR,True,9,1,5.1,1,1,100.0,CRITICAL
TASK-5928,S&T,CRITICAL,HIGH,FAILED,False,0,2,3.8,1,0,100.0,CRITICAL
TASK-5929,Engineering,MEDIUM,NORMAL,GOOD,False,0,2,4.7,0,1,27.091599829449734,LOW
TASK-5930,Traction,ROUTINE,NORMAL,GOOD,False,0,1,7.2,0,0,20.495687776453625,LOW
TASK-5931,S&T,ROUTINE,NORMAL,FAIR,False,0,2,1.0,0,1,33.742630212229066,LOW
TASK-5932,S&T,MEDIUM,NORMAL,GOOD,False,0,0,7.7,0,1,26.069578637760333,LOW
TASK-5933,S&T,HIGH,IMMEDIATE,FAILED,True,8,2,2.4,1,1,100.0,CRITICAL
TASK-5934,Traction,MEDIUM,MEDIUM,GOOD,True,6,0,5.9,0,0,41.89111843951861,LOW
TASK-5935,S&T,HIGH,HIGH,POOR,False,0,3,5.8,1,0,96.48557320913017,CRITICAL
TASK-5936,Engineering,CRITICAL,IMMEDIATE,POOR,False,0,1,2.1,1,1,100.0,CRITICAL
TASK-5937,S&T,MEDIUM,MEDIUM,DEGRADED,True,24,1,4.5,1,1,74.75270004756156,HIGH
TASK-5938,Traction,MEDIUM,MEDIUM,DEGRADED,True,10,1,3.0,0,1,57.03598428000964,MEDIUM
TASK-5939,Traction,HIGH,IMMEDIATE,FAILED,False,0,1,7.6,1,1,95.54962166272593,CRITICAL
TASK-5940,Engineering,CRITICAL,HIGH,FAILED,True,13,3,7.9,1,1,100.0,CRITICAL
TASK-5941,Traction,HIGH,MEDIUM,DEGRADED,False,0,0,7.0,1,0,64.54269103663584,MEDIUM
TASK-5942,Traction,MEDIUM,MEDIUM,GOOD,False,0,1,5.8,0,1,35.733783032761075,LOW
TASK-5943,S&T,CRITICAL,IMMEDIATE,FAILED,False,0,0,1.4,1,1,100.0,CRITICAL
TASK-5944,Engineering,CRITICAL,IMMEDIATE,FAILED,False,0,3,1.0,1,1,100.0,CRITICAL
TASK-5945,S&T,ROUTINE,NORMAL,FAIR,True,15,2,6.0,0,0,35.42168326553531,LOW
TASK-5946,Engineering,HIGH,IMMEDIATE,FAILED,False,0,0,6.3,1,0,100.0,CRITICAL
TASK-5947,Engineering,ROUTINE,NORMAL,FAIR,True,19,2,0.7,0,0,43.63572546795476,LOW
TASK-5948,S&T,LOW,NORMAL,GOOD,False,0,1,3.0,0,0,23.98793811918853,LOW
TASK-5949,Engineering,HIGH,HIGH,POOR,True,17,0,4.8,1,1,99.40204141311071,CRITICAL
TASK-5950,Traction,CRITICAL,HIGH,POOR,False,0,2,6.5,1,1,97.56018229680477,CRITICAL
TASK-5951,S&T,CRITICAL,HIGH,POOR,False,0,4,1.5,1,1,95.9592773865512,CRITICAL
TASK-5952,S&T,MEDIUM,NORMAL,FAIR,False,0,1,1.2,0,0,30.116579232846174,LOW
TASK-5953,S&T,ROUTINE,MEDIUM,FAIR,True,14,3,5.8,0,0,49.49113861443457,MEDIUM
TASK-5954,S&T,CRITICAL,HIGH,POOR,False,0,0,1.2,1,1,80.56453237901079,CRITICAL
TASK-5955,S&T,HIGH,HIGH,POOR,False,0,1,2.0,1,1,87.2084827876049,CRITICAL
TASK-5956,S&T,ROUTINE,MEDIUM,GOOD,False,0,3,3.0,0,0,29.9821730537181,LOW
TASK-5957,Engineering,HIGH,IMMEDIATE,FAILED,False,0,1,2.4,1,1,89.79331203092345,CRITICAL
TASK-5958,Traction,ROUTINE,MEDIUM,GOOD,False,0,2,7.9,0,1,25.711336003958145,LOW
TASK-5959,Engineering,HIGH,MEDIUM,DEGRADED,True,12,0,1.2,1,1,74.12335215845556,HIGH
TASK-5960,Engineering,HIGH,IMMEDIATE,FAILED,False,0,1,0.6,1,0,95.44975812784067,CRITICAL
TASK-5961,S&T,HIGH,IMMEDIATE,POOR,True,6,0,2.8,1,1,95.04757863955491,CRITICAL
TASK-5962,Traction,CRITICAL,HIGH,FAILED,False,0,0,3.3,1,0,93.26197608926117,CRITICAL
TASK-5963,Engineering,MEDIUM,NORMAL,FAIR,True,15,3,1.9,0,1,59.75000698135765,MEDIUM
TASK-5964,Traction,CRITICAL,IMMEDIATE,POOR,False,0,1,1.9,1,1,100.0,CRITICAL
TASK-5965,Engineering,HIGH,MEDIUM,DEGRADED,False,0,1,1.2,1,0,65.27742662357052,HIGH
TASK-5966,Traction,ROUTINE,MEDIUM,FAIR,False,0,3,5.0,0,0,37.21752841543939,LOW
TASK-5967,Traction,ROUTINE,NORMAL,FAIR,False,0,1,7.2,0,0,25.887678861645952,LOW
TASK-5968,Traction,MEDIUM,MEDIUM,FAIR,True,23,0,4.3,0,0,54.670881351426736,MEDIUM
TASK-5969,S&T,MEDIUM,MEDIUM,GOOD,True,16,1,5.2,0,1,56.50070281532687,MEDIUM
TASK-5970,Traction,ROUTINE,NORMAL,GOOD,False,0,2,6.6,0,1,25.58637470132045,LOW
TASK-5971,S&T,MEDIUM,MEDIUM,DEGRADED,False,0,2,1.3,1,1,57.22622410161058,MEDIUM
TASK-5972,Traction,ROUTINE,NORMAL,FAIR,False,0,2,4.9,0,1,27.819452770692404,LOW
TASK-5973,Engineering,MEDIUM,NORMAL,GOOD,True,17,1,4.2,0,1,45.42336957474056,MEDIUM
TASK-5974,Traction,MEDIUM,MEDIUM,FAIR,True,1,0,8.0,0,1,33.85221852011122,LOW
TASK-5975,S&T,HIGH,HIGH,POOR,True,1,1,7.5,1,1,83.23715494026295,CRITICAL
TASK-5976,Traction,CRITICAL,HIGH,POOR,True,1,1,6.4,1,1,94.37090440981135,CRITICAL
TASK-5977,Engineering,CRITICAL,HIGH,FAILED,False,0,1,1.0,1,1,94.27937334277154,CRITICAL
TASK-5978,Engineering,MEDIUM,MEDIUM,DEGRADED,True,1,2,1.6,0,1,44.89700290026998,LOW
TASK-5979,S&T,ROUTINE,NORMAL,FAIR,True,6,0,6.5,0,1,36.207244517044614,LOW
TASK-5980,Engineering,MEDIUM,MEDIUM,DEGRADED,False,0,2,0.9,0,1,44.60447712497435,LOW
TASK-5981,S&T,CRITICAL,HIGH,FAILED,False,0,3,1.2,1,0,91.82079841167723,CRITICAL
TASK-5982,Traction,MEDIUM,NORMAL,GOOD,True,16,1,5.5,0,0,54.261398037797726,MEDIUM
TASK-5983,S&T,CRITICAL,HIGH,FAILED,True,21,1,4.7,1,1,100.0,CRITICAL
TASK-5984,Traction,HIGH,HIGH,FAILED,True,11,2,4.4,1,1,100.0,CRITICAL
TASK-5985,Traction,MEDIUM,MEDIUM,FAIR,True,10,5,2.6,0,1,59.718740984252825,MEDIUM
TASK-5986,Engineering,HIGH,HIGH,POOR,True,9,2,6.2,1,0,100.0,CRITICAL
TASK-5987,S&T,CRITICAL,IMMEDIATE,POOR,False,0,0,3.5,1,1,90.65010238396343,CRITICAL
TASK-5988,S&T,ROUTINE,NORMAL,GOOD,False,0,3,4.2,0,1,25.41135255069178,LOW
TASK-5989,S&T,LOW,NORMAL,GOOD,False,0,1,2.9,0,1,27.881526608842034,LOW
TASK-5990,S&T,HIGH,HIGH,FAILED,True,10,0,3.4,1,1,94.42448273906626,CRITICAL
TASK-5991,S&T,HIGH,HIGH,DEGRADED,False,0,3,6.3,1,0,77.00207831716928,HIGH
TASK-5992,Traction,ROUTINE,MEDIUM,GOOD,True,9,3,4.5,0,1,43.134532912303136,LOW
TASK-5993,Engineering,ROUTINE,MEDIUM,FAIR,True,7,1,7.6,0,0,38.06550039124009,LOW
TASK-5994,S&T,CRITICAL,IMMEDIATE,FAILED,False,0,0,6.1,1,0,100.0,CRITICAL
TASK-5995,Traction,CRITICAL,IMMEDIATE,FAILED,True,11,1,1.8,1,1,100.0,CRITICAL
TASK-5996,S&T,ROUTINE,MEDIUM,GOOD,False,0,3,4.5,0,0,29.738550698566012,LOW
TASK-5997,Engineering,MEDIUM,MEDIUM,DEGRADED,True,28,1,3.4,0,1,56.243322283227315,MEDIUM
TASK-5998,S&T,HIGH,HIGH,FAILED,True,11,0,0.9,1,1,93.09551357177887,CRITICAL
TASK-5999,Traction,HIGH,IMMEDIATE,POOR,True,15,0,6.0,1,1,100.0,CRITICAL
